# Blender 5.0.1
# www.blender.org
mtllib tripo_convert_f7bdd041-dbcc-4aa1-8751-345ae666597f.mtl
o tripo_node_f7bdd041-dbcc-4aa1-8751-345ae666597f
v 0.091553 0.124512 0.000244
v -0.057373 0.847656 0.000244
v 0.089600 0.000489 0.000244
v 0.087646 0.423340 0.000244
v 0.038330 0.405762 0.000244
v -0.131104 0.173340 0.000245
v -0.115479 0.000489 0.000245
v -0.100342 0.168946 0.000245
v 0.089600 0.084961 0.000733
v 0.083252 0.601562 0.000732
v -0.231201 0.615234 0.000732
v 0.231201 0.615234 0.000732
v -0.002197 0.848633 0.000732
v 0.058838 0.850098 0.000732
v -0.027588 0.876465 0.000732
v 0.077393 0.343262 0.000733
v -0.083252 0.601562 0.000733
v -0.133545 0.104004 0.000733
v -0.102295 0.126465 0.000733
v 0.000244 0.898438 0.001221
v 0.090088 0.046387 0.001221
v 0.048096 0.382813 0.001221
v 0.083740 0.389649 0.001221
v -0.116455 0.046387 0.001222
v -0.098389 0.822266 0.001709
v 0.098389 0.822266 0.001709
v 0.062256 0.108887 0.001709
v 0.114014 0.242188 0.001709
v 0.199951 0.615723 0.001709
v -0.043701 0.409180 0.001710
v -0.115967 0.027832 0.002198
v 0.089600 0.027832 0.002197
v 0.055420 0.202149 0.002197
v -0.057373 0.839844 0.002197
v 0.025146 0.850098 0.002197
v 0.028564 0.883789 0.002197
v 0.065674 0.000489 0.003174
v 0.065186 0.025879 0.003174
v -0.026611 0.884766 0.003174
v -0.027100 0.896973 0.003174
v -0.091553 0.000489 0.003175
v -0.091553 0.025879 0.003175
v 0.065674 0.131348 0.003662
v 0.055420 0.168457 0.003662
v -0.028564 0.852051 0.003662
v -0.054443 0.866699 0.003662
v -0.115479 0.063965 0.004151
v 0.089111 0.063965 0.004151
v 0.061279 0.066407 0.004151
v -0.088623 0.389649 0.004151
v 0.206787 0.602051 0.004150
v 0.059326 0.842285 0.004150
v 0.064697 0.119629 0.004639
v -0.071045 0.144043 0.004639
v -0.056397 0.383301 0.004639
v 0.055420 0.858887 0.004639
v 0.126709 0.146973 0.005127
v -0.068604 0.202149 0.005128
v 0.053467 0.238281 0.005127
v -0.074951 0.850098 0.005127
v 0.074951 0.850098 0.005127
v 0.000244 0.905762 0.005127
v -0.092529 0.028321 0.005616
v 0.066162 0.028321 0.005615
v -0.091065 0.046387 0.005616
v 0.064697 0.046387 0.005615
v -0.129639 0.066406 0.005616
v -0.074951 0.107910 0.005616
v -0.130615 0.126465 0.005616
v 0.082275 0.269531 0.005615
v -0.211670 0.593261 0.005615
v 0.053955 0.870117 0.005615
v 0.028564 0.895508 0.005615
v 0.117432 0.102539 0.006104
v 0.236084 0.604980 0.006104
v -0.064697 0.238281 0.006593
v 0.046143 0.852539 0.006592
v -0.082276 0.066895 0.007081
v 0.080811 0.304688 0.007080
v -0.081299 0.566894 0.007080
v 0.081299 0.566895 0.007080
v -0.207275 0.603515 0.007080
v -0.235107 0.606933 0.007080
v -0.129639 0.083496 0.007569
v 0.062256 0.086426 0.007569
v -0.090088 0.281250 0.007569
v -0.240967 0.596679 0.007568
v 0.194092 0.731445 0.007568
v -0.193115 0.734863 0.007568
v -0.046143 0.852539 0.007568
v -0.091065 0.063965 0.008057
v 0.064697 0.063965 0.008057
v -0.086182 0.343750 0.008057
v -0.217041 0.583984 0.008057
v 0.048096 0.852051 0.008057
v 0.000244 0.913574 0.008057
v -0.087158 0.311524 0.008546
v 0.118896 0.818848 0.008545
v -0.025146 0.904297 0.008545
v 0.111084 0.067383 0.009033
v 0.212646 0.696777 0.009033
v -0.211670 0.700195 0.009033
v 0.192139 0.743164 0.009033
v -0.191650 0.746094 0.009033
v -0.072998 0.168457 0.009522
v -0.152588 0.802246 0.009522
v 0.152588 0.802246 0.009522
v -0.070068 0.845703 0.009522
v 0.070068 0.845703 0.009522
v -0.081299 0.085938 0.010010
v 0.216064 0.587402 0.010010
v -0.178467 0.772461 0.010010
v 0.178467 0.772461 0.010010
v 0.029053 0.902344 0.010010
v 0.112061 0.083008 0.010498
v -0.076904 0.125489 0.010499
v 0.081299 0.287110 0.010498
v -0.162842 0.792480 0.010498
v 0.162842 0.792480 0.010498
v -0.123779 0.816894 0.010498
v -0.125732 0.687011 0.010986
v 0.125732 0.687012 0.010986
v 0.117920 0.125000 0.011475
v -0.024658 0.912598 0.011475
v 0.113037 0.271973 0.011963
v 0.242432 0.592285 0.011963
v -0.241455 0.658203 0.011963
v -0.049072 0.875977 0.011963
v -0.250244 0.640625 0.012451
v -0.050537 0.890137 0.012451
v -0.118408 0.281738 0.012940
v -0.118408 0.299317 0.012940
v 0.241943 0.654297 0.012939
v -0.230713 0.683594 0.012940
v 0.000244 0.879883 0.012940
v 0.000244 0.911133 0.012940
v 0.029541 0.911133 0.012940
v 0.113037 0.000489 0.013428
v -0.139404 0.000489 0.013428
v -0.140869 0.025391 0.013428
v 0.114502 0.025391 0.013428
v -0.141357 0.670898 0.013428
v 0.141357 0.670898 0.013428
v 0.230713 0.681152 0.013428
v -0.130127 0.689453 0.013428
v 0.130127 0.689453 0.013428
v -0.244385 0.587890 0.013916
v 0.252197 0.632324 0.013916
v 0.152588 0.644531 0.013916
v 0.051514 0.887207 0.013916
v -0.123291 0.432129 0.014405
v -0.226318 0.568359 0.014404
v 0.226318 0.568359 0.014404
v -0.148682 0.653320 0.014404
v -0.136963 0.684570 0.014404
v 0.136963 0.684570 0.014404
v -0.248779 0.580566 0.014893
v 0.248779 0.580566 0.014893
v -0.232666 0.668457 0.014893
v 0.232666 0.668457 0.014893
v -0.139404 0.027344 0.015381
v 0.113037 0.027344 0.015381
v 0.048096 0.267090 0.015381
v 0.245850 0.640137 0.015381
v -0.088135 0.295410 0.015870
v -0.222900 0.577148 0.015869
v 0.222900 0.577148 0.015869
v -0.255615 0.623535 0.015869
v -0.159912 0.631347 0.015869
v -0.140381 0.045899 0.016358
v 0.114014 0.045899 0.016358
v 0.163330 0.625977 0.016357
v -0.023193 0.910156 0.016357
v 0.160400 0.637207 0.016846
v -0.220459 0.700195 0.016846
v 0.222412 0.703125 0.016846
v -0.221436 0.706543 0.016846
v 0.199951 0.741699 0.016846
v -0.198975 0.744629 0.016846
v -0.058350 0.857910 0.016846
v -0.146729 0.126953 0.017335
v 0.110596 0.303223 0.017334
v 0.030518 0.337891 0.017334
v -0.233154 0.559570 0.017334
v 0.233154 0.559570 0.017334
v -0.254150 0.570312 0.017334
v 0.254150 0.570312 0.017334
v -0.167725 0.619140 0.017334
v -0.249268 0.630371 0.017334
v -0.157959 0.644531 0.017334
v 0.114014 0.337891 0.017822
v -0.120361 0.350586 0.017823
v -0.120361 0.395508 0.017823
v -0.123779 0.468750 0.017823
v 0.220947 0.695312 0.017822
v -0.078369 0.854980 0.017822
v 0.027100 0.908691 0.017822
v 0.049561 0.000489 0.018311
v -0.075928 0.000489 0.018311
v 0.109619 0.287598 0.018311
v 0.043701 0.301758 0.018311
v -0.074463 0.863770 0.018311
v -0.047607 0.897949 0.018311
v -0.075928 0.025391 0.018800
v 0.049561 0.025391 0.018799
v -0.059815 0.274903 0.018799
v -0.116455 0.313965 0.018799
v 0.117432 0.461914 0.018799
v 0.129150 0.496582 0.018799
v -0.260010 0.613769 0.018799
v 0.260010 0.613769 0.018799
v 0.253174 0.622559 0.018799
v -0.137939 0.062989 0.019288
v 0.111572 0.062989 0.019287
v 0.019287 0.377442 0.019287
v -0.002686 0.410156 0.019287
v -0.231201 0.562011 0.019287
v 0.231201 0.562012 0.019287
v -0.251709 0.572265 0.019287
v 0.251709 0.572266 0.019287
v 0.076416 0.864746 0.019287
v -0.153565 0.205567 0.019776
v -0.030029 0.378418 0.019776
v 0.116455 0.386719 0.019776
v -0.179932 0.601562 0.019775
v 0.176025 0.611816 0.019775
v -0.076904 0.849609 0.019775
v 0.070068 0.853516 0.019775
v 0.050049 0.895508 0.019775
v -0.021729 0.404785 0.020264
v 0.125732 0.487793 0.020264
v 0.114502 0.499512 0.020264
v -0.077881 0.028321 0.020753
v 0.051514 0.028321 0.020752
v -0.154541 0.100586 0.020752
v 0.124268 0.542969 0.020752
v -0.177002 0.612793 0.020752
v 0.037354 0.144043 0.021240
v -0.158447 0.156738 0.021241
v 0.137939 0.205567 0.021240
v 0.048584 0.284180 0.021240
v -0.043701 0.338867 0.021241
v 0.129150 0.544922 0.021240
v -0.047119 0.908203 0.021240
v -0.148193 0.066406 0.021729
v -0.117432 0.499512 0.021729
v 0.186279 0.592773 0.021729
v -0.077393 0.045410 0.022217
v 0.051025 0.045410 0.022217
v -0.153076 0.179199 0.022217
v -0.151611 0.240723 0.022217
v 0.116455 0.427246 0.022217
v 0.126709 0.565430 0.022217
v 0.183350 0.604004 0.022217
v 0.011475 0.398438 0.022705
v 0.043213 0.104492 0.023194
v -0.191162 0.586426 0.023193
v 0.079834 0.852051 0.023193
v 0.040283 0.878418 0.023193
v -0.039307 0.878906 0.023193
v -0.146729 0.078125 0.023682
v -0.148193 0.089844 0.023682
v 0.135498 0.179199 0.023682
v 0.035889 0.200196 0.023682
v -0.059326 0.289551 0.023682
v 0.114014 0.485840 0.023682
v -0.111572 0.530762 0.023682
v 0.111572 0.530762 0.023682
v -0.188232 0.595703 0.023682
v 0.000244 0.905762 0.023682
v 0.050537 0.906250 0.023682
v 0.042236 0.116211 0.024170
v 0.123291 0.570801 0.024170
v -0.056397 0.305664 0.024659
v -0.078857 0.063477 0.025147
v 0.052490 0.063477 0.025147
v 0.044190 0.128907 0.025147
v 0.039307 0.168946 0.025147
v 0.135986 0.240723 0.025147
v -0.196533 0.577148 0.025147
v -0.043701 0.905762 0.025147
v 0.045166 0.066407 0.026123
v 0.196533 0.580566 0.026123
v -0.267334 0.593261 0.026123
v 0.267334 0.593262 0.026123
v -0.260010 0.602051 0.026123
v 0.260010 0.602051 0.026123
v 0.135498 0.099610 0.026611
v -0.051026 0.200196 0.026612
v 0.033447 0.234375 0.026611
v 0.046631 0.085938 0.027100
v -0.066650 0.875977 0.027100
v 0.068603 0.881836 0.027100
v -0.067139 0.883301 0.027100
v -0.052979 0.144043 0.027589
v -0.117432 0.837402 0.027588
v 0.117432 0.837402 0.027588
v 0.047119 0.904297 0.027588
v 0.127686 0.066407 0.028076
v 0.136475 0.116211 0.028076
v -0.070068 0.066407 0.028565
v -0.047119 0.234375 0.028565
v -0.269775 0.539062 0.028565
v 0.269775 0.539062 0.028565
v -0.115967 0.831543 0.028565
v 0.115967 0.831543 0.028565
v -0.250244 0.530273 0.029053
v 0.250244 0.530273 0.029053
v 0.126709 0.082032 0.029541
v -0.068604 0.083985 0.029542
v -0.061768 0.103028 0.029542
v 0.105713 0.569824 0.029541
v -0.204834 0.570801 0.029541
v 0.204834 0.570801 0.029541
v -0.056885 0.168946 0.030030
v -0.141846 0.278320 0.030030
v -0.207275 0.562011 0.030029
v 0.207275 0.562012 0.030029
v -0.105225 0.566406 0.030029
v 0.105225 0.566406 0.030029
v -0.272217 0.583008 0.030029
v 0.272217 0.583008 0.030029
v 0.134521 0.133301 0.030518
v -0.269287 0.584472 0.030518
v 0.269287 0.584473 0.030518
v -0.113037 0.585937 0.030518
v 0.113037 0.585937 0.030518
v 0.123779 0.000489 0.031006
v -0.149658 0.000489 0.031006
v -0.160889 0.117188 0.031006
v 0.081299 0.856934 0.031006
v -0.064209 0.121582 0.031495
v -0.152588 0.132813 0.031495
v -0.121338 0.635254 0.031494
v 0.121338 0.635254 0.031494
v -0.080811 0.857422 0.031494
v -0.065186 0.890625 0.031494
v -0.214600 0.554687 0.031982
v 0.214600 0.554687 0.031982
v 0.065674 0.888672 0.032471
v -0.038818 0.901367 0.032471
v 0.039795 0.901367 0.032471
v 0.000244 0.929199 0.032471
v -0.138916 0.434082 0.032959
v -0.112061 0.609375 0.032959
v 0.112061 0.609375 0.032959
v -0.116455 0.635254 0.032959
v 0.116455 0.635254 0.032959
v -0.252197 0.530761 0.033447
v 0.252197 0.530762 0.033447
v -0.268799 0.538086 0.033447
v 0.268799 0.538086 0.033447
v -0.135986 0.450195 0.033936
v -0.128662 0.663086 0.033936
v 0.128662 0.663086 0.033936
v -0.065186 0.900879 0.034424
v 0.128662 0.267578 0.034912
v -0.136963 0.297363 0.034913
v -0.132080 0.468262 0.034912
v -0.091553 0.857422 0.034912
v 0.091553 0.857422 0.034912
v 0.047119 0.000489 0.035401
v -0.072998 0.000489 0.035401
v 0.130127 0.284180 0.035401
v -0.142822 0.437500 0.035401
v -0.142334 0.453125 0.035401
v 0.065186 0.900879 0.035400
v -0.140869 0.448731 0.035889
v -0.139893 0.470703 0.035889
v -0.138916 0.465332 0.036377
v -0.125244 0.667480 0.036377
v 0.125244 0.667480 0.036377
v -0.140381 0.314942 0.036866
v -0.136963 0.474609 0.036866
v -0.124268 0.500000 0.036866
v -0.134522 0.507812 0.036866
v -0.132080 0.500977 0.037354
v -0.121338 0.514648 0.037354
v -0.132568 0.522949 0.037354
v 0.088623 0.856934 0.037354
v -0.088623 0.858398 0.037354
v 0.140869 0.495117 0.037842
v -0.117920 0.530762 0.037842
v -0.127197 0.535156 0.037842
v -0.060791 0.898926 0.037842
v -0.165283 0.337891 0.038330
v -0.279541 0.523926 0.038330
v 0.279541 0.523926 0.038330
v -0.124756 0.562012 0.038330
v -0.256592 0.652344 0.038330
v 0.256592 0.652344 0.038330
v -0.164307 0.354492 0.038819
v 0.136963 0.485840 0.038818
v -0.126221 0.530762 0.038819
v -0.115479 0.562012 0.038819
v -0.250244 0.658203 0.038818
v 0.249267 0.661621 0.038818
v -0.085693 0.852051 0.038818
v 0.085693 0.852051 0.038818
v 0.060791 0.898926 0.038818
v 0.128174 0.304199 0.039307
v -0.156494 0.333008 0.039307
v -0.264404 0.515136 0.039307
v 0.264404 0.515137 0.039307
v 0.139404 0.542969 0.039307
v -0.247803 0.666504 0.039307
v -0.165772 0.375977 0.039795
v 0.137451 0.538574 0.039795
v -0.146729 0.335449 0.040284
v 0.240478 0.669922 0.040283
v -0.238525 0.674804 0.040283
v -0.163330 0.410156 0.040772
v -0.290771 0.517578 0.040772
v 0.290771 0.517578 0.040772
v -0.285400 0.549316 0.040772
v 0.285400 0.549316 0.040772
v 0.135986 0.566895 0.040772
v -0.257568 0.636719 0.040772
v 0.257568 0.636719 0.040772
v 0.239502 0.680664 0.040772
v -0.039795 0.923340 0.040772
v 0.040771 0.923340 0.040772
v -0.160889 0.416504 0.041260
v -0.236572 0.689453 0.041260
v -0.145752 0.364258 0.041748
v -0.270752 0.509765 0.041748
v 0.270752 0.509766 0.041748
v 0.226318 0.697754 0.041748
v -0.225830 0.701660 0.041748
v 0.148682 0.155274 0.042236
v -0.153565 0.419434 0.042237
v -0.232666 0.526855 0.042236
v 0.232666 0.526855 0.042236
v 0.132080 0.571777 0.042236
v 0.225830 0.704102 0.042236
v -0.224853 0.707031 0.042236
v 0.137939 0.331543 0.042725
v -0.269287 0.625000 0.042725
v 0.269287 0.625000 0.042725
v 0.147217 0.328613 0.043213
v 0.121338 0.484375 0.043213
v -0.072998 0.025391 0.043702
v 0.046631 0.025391 0.043701
v 0.155518 0.331055 0.043701
v -0.143799 0.403320 0.043701
v 0.205322 0.744629 0.043701
v -0.204346 0.747558 0.043701
v 0.084228 0.874512 0.043701
v -0.075928 0.028321 0.044190
v 0.049561 0.028321 0.044190
v 0.158447 0.338867 0.044190
v -0.143311 0.416504 0.044190
v 0.201904 0.750000 0.044190
v -0.200439 0.752929 0.044190
v -0.082275 0.874023 0.044190
v -0.287353 0.517090 0.044678
v 0.287353 0.517090 0.044678
v -0.282471 0.547363 0.044678
v 0.282471 0.547363 0.044678
v 0.147705 0.643066 0.045166
v -0.150146 0.645996 0.045166
v -0.143311 0.653320 0.045166
v -0.139893 0.661621 0.045166
v 0.139892 0.661621 0.045166
v 0.135986 0.671387 0.045166
v -0.136475 0.671875 0.045166
v -0.129639 0.672363 0.045166
v 0.129639 0.672363 0.045166
v -0.132568 0.675293 0.045166
v 0.132568 0.675293 0.045166
v -0.187744 0.780761 0.045166
v 0.187744 0.780762 0.045166
v 0.137451 0.384277 0.045654
v -0.237061 0.527832 0.045654
v 0.237060 0.527832 0.045654
v -0.152100 0.632324 0.045654
v 0.155517 0.633301 0.045654
v -0.082764 0.856445 0.045654
v -0.156006 0.024903 0.046143
v 0.129639 0.024903 0.046143
v -0.270264 0.612793 0.046143
v 0.270264 0.612793 0.046143
v -0.161377 0.615722 0.046143
v 0.159424 0.619629 0.046143
v -0.157471 0.625000 0.046143
v -0.172607 0.802246 0.046143
v 0.172607 0.802246 0.046143
v -0.066650 0.875488 0.046143
v 0.067627 0.875488 0.046143
v 0.156494 0.382324 0.046631
v 0.113525 0.570801 0.046631
v -0.171143 0.608398 0.046631
v 0.171142 0.608398 0.046631
v -0.153564 0.026856 0.047120
v 0.127197 0.026856 0.047119
v 0.142822 0.178711 0.047119
v -0.302978 0.489746 0.047119
v 0.302979 0.489746 0.047119
v -0.289307 0.525390 0.047119
v 0.289307 0.525391 0.047119
v -0.161865 0.812500 0.047119
v 0.161865 0.812500 0.047119
v -0.075928 0.044434 0.047608
v 0.049561 0.044434 0.047608
v 0.137939 0.428223 0.047608
v -0.176025 0.601074 0.047607
v 0.175537 0.601074 0.047607
v -0.155518 0.044434 0.048096
v 0.129150 0.044434 0.048096
v 0.158936 0.429199 0.048096
v 0.155029 0.437500 0.048096
v 0.137939 0.437988 0.048096
v 0.147705 0.439941 0.048096
v -0.282959 0.483398 0.048096
v 0.282959 0.483398 0.048096
v -0.276611 0.604492 0.048096
v 0.276611 0.604492 0.048096
v -0.159912 0.069336 0.049073
v -0.288818 0.472656 0.049072
v 0.288818 0.472656 0.049072
v -0.177978 0.591797 0.049072
v 0.177978 0.591797 0.049072
v -0.249268 0.512207 0.049561
v 0.249268 0.512207 0.049561
v -0.078857 0.881348 0.049561
v 0.000244 0.954102 0.049561
v 0.024658 0.277832 0.050049
v 0.162842 0.386231 0.050049
v -0.292725 0.535644 0.050049
v 0.292725 0.535644 0.050049
v 0.078369 0.881836 0.050049
v -0.299560 0.489258 0.050537
v 0.299561 0.489258 0.050537
v -0.153076 0.064453 0.051026
v 0.126709 0.064453 0.051026
v 0.027100 0.228516 0.051026
v 0.031494 0.257324 0.051026
v -0.297607 0.457031 0.051025
v 0.297607 0.457031 0.051025
v -0.187744 0.578613 0.051025
v 0.187744 0.578613 0.051025
v -0.277100 0.594726 0.051025
v 0.277100 0.594726 0.051025
v 0.146729 0.203613 0.051514
v -0.156982 0.086914 0.052002
v 0.138428 0.132813 0.052002
v 0.030029 0.197754 0.052002
v -0.303955 0.478515 0.052002
v 0.303955 0.478516 0.052002
v -0.078369 0.063477 0.052491
v 0.052002 0.063477 0.052490
v -0.163818 0.099121 0.052491
v 0.142822 0.099121 0.052490
v -0.254639 0.506836 0.052490
v 0.254639 0.506836 0.052490
v -0.281006 0.594238 0.052490
v 0.281006 0.594238 0.052490
v -0.064697 0.893066 0.052490
v 0.065674 0.893066 0.052490
v 0.032959 0.171387 0.052979
v 0.023682 0.298340 0.052979
v -0.310791 0.461426 0.052979
v 0.310791 0.461426 0.052979
v 0.134521 0.479004 0.052979
v -0.195557 0.571777 0.052979
v 0.195557 0.571777 0.052979
v 0.079346 0.892090 0.052979
v 0.136475 0.086914 0.053467
v -0.166748 0.113281 0.053467
v 0.144287 0.113281 0.053467
v -0.080811 0.891113 0.053467
v 0.136475 0.068848 0.053955
v -0.049072 0.171387 0.053956
v -0.068115 0.066895 0.054444
v 0.044190 0.066895 0.054444
v -0.057373 0.125977 0.054444
v 0.036865 0.125977 0.054444
v -0.049561 0.143067 0.054444
v 0.030518 0.143067 0.054444
v -0.168701 0.157715 0.054444
v -0.161865 0.180664 0.054444
v -0.293213 0.529785 0.054443
v 0.293213 0.529785 0.054443
v -0.197998 0.562988 0.054443
v 0.197998 0.562988 0.054443
v -0.066162 0.083985 0.054932
v 0.042725 0.085938 0.054932
v -0.061768 0.100098 0.054932
v 0.041260 0.100098 0.054932
v -0.062744 0.112305 0.054932
v 0.035889 0.112305 0.054932
v -0.156982 0.132813 0.054932
v -0.297607 0.526855 0.054932
v 0.297607 0.526855 0.054932
v -0.046143 0.197754 0.055420
v -0.303955 0.442383 0.055420
v 0.303955 0.442383 0.055420
v -0.314697 0.446777 0.055420
v 0.314697 0.446777 0.055420
v -0.299560 0.525390 0.055420
v 0.299560 0.525391 0.055420
v 0.074463 0.890137 0.055420
v -0.163330 0.203125 0.055908
v -0.320068 0.423340 0.055908
v 0.320068 0.423340 0.055908
v -0.203857 0.556152 0.055908
v 0.203857 0.556152 0.055908
v -0.075439 0.889160 0.055908
v -0.039307 0.946777 0.055908
v 0.040283 0.946777 0.055908
v 0.012451 0.332031 0.056397
v -0.316650 0.436035 0.056397
v 0.316650 0.436035 0.056397
v 0.052979 0.000489 0.056885
v -0.078857 0.000489 0.056885
v -0.320557 0.416992 0.056885
v 0.320557 0.416992 0.056885
v -0.306396 0.432617 0.056885
v 0.306396 0.432617 0.056885
v 0.129639 0.000489 0.057373
v -0.156006 0.000488 0.057373
v -0.316650 0.401367 0.057373
v 0.316650 0.401367 0.057373
v -0.156494 0.011719 0.057862
v 0.130127 0.011719 0.057861
v 0.143799 0.231934 0.057861
v -0.309814 0.421386 0.057861
v 0.309814 0.421387 0.057861
v 0.095459 0.856445 0.057861
v -0.039307 0.228516 0.058350
v -0.309814 0.416992 0.058350
v 0.309814 0.416992 0.058350
v 0.125244 0.530273 0.058350
v -0.307861 0.403808 0.058838
v 0.307861 0.403809 0.058838
v 0.090576 0.849121 0.058838
v -0.310791 0.387695 0.059326
v 0.310791 0.387695 0.059326
v -0.125244 0.831055 0.059326
v 0.125244 0.831055 0.059326
v -0.066162 0.913574 0.059326
v 0.138428 0.486816 0.059815
v 0.141357 0.495606 0.059815
v 0.140869 0.543457 0.059815
v -0.125732 0.579590 0.059815
v 0.125244 0.579590 0.059815
v -0.095459 0.854492 0.059815
v 0.066650 0.913574 0.059815
v -0.158936 0.236328 0.060303
v -0.274658 0.469238 0.060303
v 0.274658 0.469238 0.060303
v -0.267822 0.481933 0.060303
v 0.267822 0.481933 0.060303
v -0.121338 0.565918 0.060303
v 0.121338 0.565918 0.060303
v -0.125732 0.836426 0.060303
v 0.125732 0.836426 0.060303
v -0.090088 0.848633 0.060303
v 0.004150 0.371582 0.060791
v -0.304932 0.391601 0.060791
v 0.304932 0.391601 0.060791
v -0.125732 0.835937 0.060791
v 0.094971 0.866699 0.060791
v 0.137939 0.564453 0.061279
v -0.042236 0.265625 0.061768
v -0.014893 0.371582 0.061768
v -0.311279 0.383789 0.061768
v 0.311279 0.383789 0.061768
v -0.308350 0.384277 0.061768
v 0.308350 0.384277 0.061768
v -0.034424 0.289551 0.062256
v -0.021729 0.332031 0.062256
v -0.304932 0.386719 0.062256
v 0.304932 0.386719 0.062256
v -0.008057 0.395508 0.062256
v 0.000244 0.395508 0.062256
v -0.001709 0.402832 0.062256
v -0.005615 0.402832 0.062256
v -0.003662 0.404297 0.062256
v -0.286865 0.454101 0.062256
v 0.286865 0.454102 0.062256
v -0.311768 0.496582 0.062256
v 0.311768 0.496582 0.062256
v 0.134033 0.569824 0.062256
v 0.092529 0.852051 0.062256
v -0.092041 0.852539 0.062256
v -0.155029 0.248047 0.062744
v -0.040283 0.281250 0.062745
v -0.293213 0.559082 0.062744
v 0.293213 0.559082 0.062744
v -0.094971 0.863769 0.062744
v -0.032959 0.301270 0.063233
v 0.125732 0.484863 0.063233
v -0.310791 0.494140 0.063232
v 0.310791 0.494141 0.063232
v 0.136963 0.541504 0.063232
v -0.312744 0.486816 0.063721
v 0.312744 0.486816 0.063721
v -0.221436 0.528320 0.064209
v 0.221435 0.528320 0.064209
v -0.289795 0.555664 0.064209
v 0.289795 0.555664 0.064209
v 0.137939 0.257324 0.064697
v -0.325928 0.449219 0.064697
v 0.325928 0.449219 0.064697
v 0.241943 0.656250 0.064697
v -0.242920 0.657715 0.065186
v -0.325439 0.437011 0.065674
v 0.325439 0.437012 0.065674
v -0.151123 0.437500 0.065674
v -0.297119 0.438476 0.065674
v 0.297119 0.438477 0.065674
v -0.150635 0.452637 0.065674
v -0.319092 0.462890 0.065674
v 0.319092 0.462891 0.065674
v -0.227295 0.528808 0.065674
v 0.227295 0.528808 0.065674
v -0.315674 0.384277 0.066162
v 0.315674 0.384277 0.066162
v -0.322021 0.399902 0.066162
v 0.322021 0.399902 0.066162
v -0.149170 0.448730 0.066162
v -0.091064 0.847656 0.066162
v -0.088623 0.851074 0.066162
v -0.156494 0.269043 0.066651
v -0.311768 0.381836 0.066650
v 0.311768 0.381836 0.066650
v -0.303955 0.386230 0.066650
v 0.303955 0.386230 0.066650
v -0.302490 0.392578 0.066650
v 0.302490 0.392578 0.066650
v -0.304443 0.404297 0.066650
v 0.304443 0.404297 0.066650
v -0.305908 0.416015 0.066650
v 0.305908 0.416016 0.066650
v -0.325928 0.416992 0.066650
v 0.325928 0.416992 0.066650
v -0.305908 0.420410 0.066650
v 0.305908 0.420410 0.066650
v -0.326416 0.423828 0.066650
v 0.326416 0.423828 0.066650
v -0.301514 0.429687 0.066650
v 0.301514 0.429687 0.066650
v -0.147217 0.465332 0.066651
v -0.148193 0.470703 0.066651
v 0.117432 0.568848 0.066650
v -0.252197 0.636719 0.066650
v 0.252197 0.636719 0.066650
v -0.250732 0.651855 0.066650
v 0.250732 0.651855 0.066650
v -0.307373 0.382812 0.067139
v 0.307373 0.382812 0.067139
v -0.145264 0.474609 0.067139
v -0.312256 0.484375 0.067139
v 0.312256 0.484375 0.067139
v 0.238525 0.664062 0.067139
v 0.086670 0.875000 0.067139
v -0.143311 0.507812 0.067627
v -0.231201 0.672363 0.067627
v 0.220947 0.694824 0.067627
v -0.140869 0.522949 0.068115
v -0.240479 0.665527 0.068115
v -0.220459 0.699218 0.068115
v 0.221924 0.702148 0.068115
v -0.220947 0.705078 0.068115
v -0.098389 0.853027 0.068115
v 0.098389 0.853027 0.068115
v -0.317627 0.465332 0.068604
v 0.317627 0.465332 0.068604
v -0.140381 0.501465 0.068604
v -0.087158 0.871094 0.068604
v 0.233154 0.677246 0.069092
v 0.201904 0.741211 0.069092
v -0.200928 0.744140 0.069092
v -0.237549 0.514648 0.069580
v 0.237549 0.514648 0.069580
v -0.297607 0.543457 0.069580
v 0.297607 0.543457 0.069580
v -0.147705 0.434082 0.070069
v 0.131592 0.481934 0.070068
v -0.134033 0.531250 0.070068
v -0.135986 0.535645 0.070068
v -0.156982 0.648437 0.070068
v 0.139893 0.280274 0.070557
v -0.145264 0.450684 0.070557
v -0.133545 0.562012 0.070557
v -0.228760 0.687988 0.070557
v 0.087646 0.884277 0.070557
v 0.000244 0.971191 0.070557
v -0.305420 0.386719 0.071045
v 0.305420 0.386719 0.071045
v -0.190186 0.596191 0.071045
v -0.178467 0.615234 0.071045
v 0.161865 0.639648 0.071045
v -0.023193 0.968750 0.071045
v 0.024170 0.968750 0.071045
v -0.311768 0.383789 0.071533
v 0.311768 0.383789 0.071533
v -0.141357 0.469727 0.071533
v 0.143799 0.483887 0.071533
v 0.187256 0.599121 0.071533
v 0.176025 0.617188 0.071533
v -0.139893 0.674805 0.071533
v 0.139892 0.674805 0.071533
v 0.082275 0.882812 0.071533
v 0.060791 0.000489 0.072022
v -0.087158 0.000489 0.072022
v -0.149170 0.292969 0.072022
v -0.308350 0.384765 0.072022
v 0.308350 0.384766 0.072022
v -0.304932 0.391601 0.072022
v 0.304932 0.391601 0.072022
v 0.147217 0.492676 0.072022
v -0.296631 0.536621 0.072022
v 0.296631 0.536621 0.072022
v -0.265381 0.627441 0.072022
v 0.265381 0.627441 0.072022
v 0.265381 0.615723 0.072510
v -0.143311 0.665527 0.072510
v 0.143310 0.665527 0.072510
v -0.134521 0.677734 0.072510
v 0.134521 0.677734 0.072510
v -0.063232 0.932617 0.072510
v 0.064209 0.932617 0.072510
v -0.086182 0.012207 0.072998
v 0.059815 0.012207 0.072998
v -0.313721 0.386719 0.072998
v 0.313721 0.386719 0.072998
v -0.307861 0.403320 0.072998
v 0.307861 0.403320 0.072998
v 0.140381 0.539551 0.072998
v -0.265869 0.616211 0.072998
v 0.154053 0.645996 0.072998
v -0.148682 0.654785 0.072998
v -0.089600 0.881348 0.072998
v -0.308838 0.415527 0.073486
v 0.308838 0.415527 0.073486
v -0.133057 0.500488 0.073486
v -0.299072 0.532226 0.073486
v 0.299072 0.532226 0.073486
v -0.179932 0.605469 0.073486
v 0.179932 0.605469 0.073486
v -0.309326 0.420410 0.073975
v 0.309326 0.420410 0.073975
v -0.241943 0.508301 0.073975
v 0.241943 0.508301 0.073975
v -0.076904 0.867187 0.073975
v 0.077881 0.867188 0.073975
v -0.083740 0.880371 0.073975
v -0.087158 0.027344 0.074463
v 0.060791 0.027344 0.074463
v -0.318115 0.400879 0.074463
v 0.318115 0.400879 0.074463
v -0.301025 0.531250 0.074463
v 0.301025 0.531250 0.074463
v -0.158447 0.635254 0.074463
v -0.131104 0.673828 0.074463
v 0.131103 0.673828 0.074463
v -0.309326 0.389648 0.074951
v 0.309326 0.389648 0.074951
v -0.127686 0.531250 0.074951
v -0.125244 0.562012 0.074951
v -0.167725 0.621094 0.074951
v 0.163818 0.626465 0.074951
v -0.085205 0.024414 0.075440
v 0.058838 0.024414 0.075440
v -0.153564 0.311524 0.075440
v -0.312744 0.402344 0.075440
v 0.312744 0.402344 0.075440
v 0.190185 0.587402 0.075440
v -0.320557 0.416504 0.075928
v 0.320557 0.416504 0.075928
v 0.144775 0.541504 0.075928
v -0.124268 0.600586 0.075928
v 0.124268 0.600586 0.075928
v 0.213135 0.695801 0.075928
v -0.212158 0.699218 0.075928
v -0.314209 0.416015 0.076416
v 0.314209 0.416016 0.076416
v -0.321045 0.422851 0.076416
v 0.321045 0.422851 0.076416
v -0.272705 0.610351 0.076416
v 0.272705 0.610351 0.076416
v -0.128174 0.660644 0.076416
v 0.128174 0.660644 0.076416
v -0.083252 0.042969 0.076905
v 0.056885 0.042969 0.076904
v -0.324951 0.408691 0.076904
v 0.324951 0.408691 0.076904
v -0.322998 0.415527 0.076904
v 0.322998 0.415527 0.076904
v -0.314697 0.421386 0.076904
v 0.314697 0.421387 0.076904
v -0.315674 0.429199 0.076904
v 0.315674 0.429199 0.076904
v 0.322510 0.436035 0.076904
v 0.141357 0.562012 0.076904
v 0.136963 0.567383 0.076904
v 0.197021 0.578125 0.076904
v -0.272705 0.600097 0.076904
v 0.272705 0.600098 0.076904
v -0.133057 0.656250 0.076904
v 0.133057 0.656250 0.076904
v 0.195068 0.742676 0.076904
v -0.194580 0.746093 0.076904
v -0.306396 0.428711 0.077393
v 0.306396 0.428711 0.077393
v -0.322510 0.436035 0.077393
v -0.325439 0.449219 0.077393
v 0.325439 0.449219 0.077393
v -0.196045 0.577636 0.077393
v -0.189697 0.583496 0.077393
v -0.129150 0.626465 0.077393
v 0.129150 0.626465 0.077393
v -0.084717 0.065918 0.077881
v 0.058350 0.065918 0.077881
v -0.155518 0.069824 0.077881
v 0.129150 0.069824 0.077881
v -0.264893 0.470703 0.077881
v 0.264893 0.470703 0.077881
v -0.124756 0.625976 0.077881
v 0.124756 0.625977 0.077881
v 0.195557 0.731445 0.077881
v -0.194580 0.734375 0.077881
v 0.134521 0.132813 0.078369
v -0.329834 0.416992 0.078369
v 0.329834 0.416992 0.078369
v 0.136475 0.097168 0.078858
v -0.324463 0.394043 0.078857
v 0.324463 0.394043 0.078857
v -0.331299 0.409668 0.078857
v 0.331299 0.409668 0.078857
v -0.276611 0.599609 0.078857
v 0.276611 0.599609 0.078857
v -0.184326 0.773437 0.078857
v 0.184326 0.773438 0.078857
v -0.162842 0.009278 0.079346
v 0.136475 0.009278 0.079346
v -0.163818 0.021973 0.079346
v 0.137451 0.021973 0.079346
v -0.162842 0.042969 0.079346
v 0.136475 0.042969 0.079346
v 0.048584 0.069336 0.079346
v -0.160400 0.074707 0.079346
v -0.156494 0.085938 0.079346
v -0.156494 0.097168 0.079346
v -0.155029 0.132813 0.079346
v 0.123291 0.565918 0.079346
v -0.075928 0.883301 0.079346
v 0.076904 0.883301 0.079346
v 0.140869 0.112793 0.079834
v 0.137939 0.303223 0.079834
v -0.280518 0.453125 0.079834
v 0.280518 0.453125 0.079834
v 0.204346 0.563476 0.079834
v -0.197510 0.570801 0.079834
v 0.197510 0.570801 0.079834
v -0.161865 0.024414 0.080323
v 0.135498 0.024414 0.080322
v 0.144775 0.156250 0.080322
v -0.151123 0.333008 0.080322
v -0.320557 0.379394 0.080322
v 0.320557 0.379394 0.080322
v -0.330810 0.393066 0.080322
v 0.330810 0.393066 0.080322
v -0.319092 0.407715 0.080322
v 0.319092 0.407715 0.080322
v -0.317139 0.413574 0.080322
v 0.317139 0.413574 0.080322
v 0.138916 0.176758 0.080811
v -0.164307 0.330078 0.080811
v -0.171631 0.335449 0.080811
v -0.203369 0.562988 0.080811
v -0.161377 0.112793 0.081299
v -0.172607 0.350586 0.081299
v -0.317139 0.381347 0.081299
v 0.317139 0.381348 0.081299
v -0.319092 0.395019 0.081299
v 0.319092 0.395019 0.081299
v -0.255127 0.484375 0.081299
v 0.255127 0.484375 0.081299
v -0.090576 0.841309 0.081299
v 0.091064 0.841309 0.081299
v -0.087646 0.845215 0.081299
v -0.164795 0.156250 0.081787
v -0.324463 0.376953 0.081787
v 0.324463 0.376953 0.081787
v -0.295166 0.435547 0.081787
v 0.295166 0.435547 0.081787
v -0.169678 0.794433 0.081787
v 0.169678 0.794434 0.081787
v -0.175537 0.375000 0.082275
v -0.310791 0.499512 0.082275
v 0.310791 0.499512 0.082275
v -0.312256 0.501953 0.082275
v 0.312256 0.501953 0.082275
v -0.097900 0.849609 0.082275
v 0.135986 0.075684 0.083252
v -0.316650 0.375488 0.083252
v 0.316650 0.375488 0.083252
v -0.171631 0.409180 0.083252
v -0.169189 0.415527 0.083252
v -0.162842 0.418945 0.083252
v -0.156494 0.176758 0.083740
v -0.320068 0.373047 0.083740
v 0.320068 0.373047 0.083740
v -0.148682 0.416504 0.083740
v -0.313721 0.491211 0.083740
v 0.313721 0.491211 0.083740
v -0.203369 0.605957 0.083740
v -0.312256 0.488281 0.084229
v 0.312256 0.488281 0.084229
v -0.160889 0.806152 0.084229
v 0.160889 0.806152 0.084229
v -0.323486 0.373047 0.084717
v 0.323486 0.373047 0.084717
v -0.141846 0.480469 0.084717
v 0.127197 0.529785 0.084717
v -0.127197 0.530273 0.084717
v -0.228760 0.641113 0.084717
v 0.224365 0.649414 0.084717
v -0.045166 0.962402 0.084717
v 0.045654 0.962402 0.084717
v -0.075439 0.069824 0.085205
v 0.143311 0.203613 0.085205
v -0.227295 0.534179 0.085693
v 0.227295 0.534180 0.085693
v -0.124268 0.564941 0.085693
v 0.124268 0.564941 0.085693
v -0.187744 0.630859 0.085693
v 0.187744 0.630859 0.085693
v -0.058838 0.946777 0.085693
v 0.059814 0.946777 0.085693
v -0.257568 0.472168 0.086182
v 0.257568 0.472168 0.086182
v 0.197998 0.611328 0.086182
v 0.099853 0.851074 0.086182
v -0.074463 0.085938 0.086670
v -0.285889 0.560058 0.086670
v 0.285889 0.560058 0.086670
v -0.129639 0.578125 0.086670
v 0.129639 0.578125 0.086670
v -0.077393 0.902832 0.086670
v 0.077881 0.902832 0.086670
v -0.073975 0.112793 0.087159
v -0.314209 0.413086 0.087158
v 0.314209 0.413086 0.087158
v -0.221924 0.534179 0.087158
v 0.221924 0.534180 0.087158
v 0.049561 0.126465 0.087647
v -0.312256 0.382324 0.087647
v 0.312256 0.382324 0.087647
v -0.316162 0.395996 0.087647
v 0.316162 0.395996 0.087647
v -0.314697 0.407715 0.087647
v 0.314697 0.407715 0.087647
v -0.304932 0.426269 0.087647
v 0.304932 0.426269 0.087647
v -0.289307 0.563965 0.087647
v 0.289307 0.563965 0.087647
v 0.192139 0.620117 0.087647
v -0.216553 0.663086 0.087647
v 0.087646 0.859375 0.087647
v 0.052979 0.100586 0.088135
v -0.313721 0.374511 0.088135
v 0.313721 0.374512 0.088135
v -0.320068 0.467285 0.088135
v 0.320068 0.467285 0.088135
v -0.190674 0.622558 0.088135
v -0.239014 0.624023 0.088135
v 0.239014 0.624023 0.088135
v 0.229736 0.644043 0.088135
v -0.085205 0.859375 0.088135
v -0.072021 0.100586 0.088623
v 0.221924 0.657227 0.088623
v -0.060791 0.169434 0.089112
v 0.044678 0.169434 0.089111
v -0.318115 0.371094 0.089111
v 0.318115 0.371094 0.089111
v -0.322510 0.465332 0.089111
v 0.322510 0.465332 0.089111
v 0.203857 0.599609 0.089111
v -0.065674 0.125977 0.089600
v 0.140381 0.227539 0.089600
v -0.323486 0.371094 0.089600
v 0.323486 0.371094 0.089600
v -0.193604 0.615234 0.089600
v -0.226318 0.653320 0.089600
v 0.094482 0.859375 0.089600
v 0.048584 0.112793 0.090088
v -0.155029 0.203613 0.090088
v -0.327881 0.375000 0.090088
v 0.327881 0.375000 0.090088
v -0.330810 0.436523 0.090088
v 0.330810 0.436523 0.090088
v -0.329834 0.449219 0.090088
v 0.329834 0.449219 0.090088
v -0.237061 0.521484 0.090088
v 0.237060 0.521484 0.090088
v -0.090088 0.858887 0.090088
v -0.334228 0.393066 0.090576
v 0.334228 0.393066 0.090576
v -0.336182 0.410156 0.090576
v 0.336182 0.410156 0.090576
v -0.334717 0.418457 0.090576
v 0.334717 0.418457 0.090576
v 0.130615 0.479492 0.090576
v 0.216064 0.667480 0.090576
v 0.176514 0.647949 0.091064
v 0.201904 0.684570 0.091065
v 0.000244 0.978516 0.091065
v -0.058350 0.144043 0.091553
v 0.040772 0.144043 0.091553
v -0.291260 0.546875 0.091553
v 0.291260 0.546875 0.091553
v 0.244873 0.615234 0.091553
v -0.219971 0.615722 0.091553
v -0.235596 0.632812 0.091553
v 0.209717 0.633301 0.091553
v 0.137451 0.327637 0.092041
v -0.290771 0.540527 0.092041
v 0.290771 0.540527 0.092041
v 0.219971 0.615723 0.092041
v -0.203369 0.643555 0.092041
v 0.203369 0.643555 0.092041
v -0.127686 0.820312 0.092041
v 0.127685 0.820312 0.092041
v 0.085205 0.835937 0.092041
v 0.146728 0.481445 0.092529
v 0.208740 0.588867 0.092529
v -0.199951 0.689453 0.092529
v -0.084717 0.836426 0.092529
v 0.091553 0.864746 0.092529
v -0.240478 0.516113 0.093018
v 0.240478 0.516113 0.093018
v -0.208252 0.588867 0.093018
v -0.255127 0.595703 0.093018
v 0.255127 0.595703 0.093018
v -0.167725 0.661133 0.093018
v -0.094482 0.008789 0.093506
v 0.068115 0.008789 0.093506
v -0.315185 0.375488 0.093506
v 0.315185 0.375488 0.093506
v -0.273193 0.450683 0.093506
v 0.273193 0.450684 0.093506
v -0.203857 0.594726 0.093506
v -0.180908 0.638183 0.093506
v 0.180908 0.638184 0.093506
v 0.150635 0.490723 0.093994
v -0.292725 0.535644 0.093994
v 0.292725 0.535644 0.093994
v -0.244873 0.618652 0.093994
v 0.235596 0.632812 0.093994
v 0.163818 0.667480 0.093994
v 0.054932 0.090332 0.094483
v -0.051514 0.193360 0.094483
v 0.036377 0.193360 0.094483
v 0.150146 0.324707 0.094482
v -0.322021 0.373535 0.094482
v 0.322021 0.373535 0.094482
v -0.318115 0.374023 0.094482
v 0.318115 0.374023 0.094482
v -0.239502 0.514160 0.094482
v 0.239502 0.514160 0.094482
v -0.211670 0.678711 0.094482
v -0.314209 0.381347 0.094971
v 0.314209 0.381348 0.094971
v -0.317627 0.395508 0.094971
v 0.317627 0.395508 0.094971
v -0.317627 0.408203 0.094971
v 0.317627 0.408203 0.094971
v -0.316650 0.413574 0.094971
v 0.316650 0.413574 0.094971
v -0.294678 0.534668 0.094971
v 0.294678 0.534668 0.094971
v -0.127686 0.825195 0.094971
v 0.127685 0.825195 0.094971
v -0.087646 0.870605 0.094971
v -0.092529 0.020996 0.095459
v 0.066162 0.020996 0.095459
v -0.094971 0.023438 0.095459
v 0.068604 0.023438 0.095459
v 0.132568 0.249024 0.095459
v 0.156982 0.328125 0.095459
v -0.148193 0.689453 0.095459
v 0.148193 0.689453 0.095459
v 0.179932 0.718262 0.095459
v -0.093506 0.870117 0.095459
v 0.086670 0.871582 0.095459
v 0.031006 0.974121 0.095459
v 0.159912 0.335449 0.095947
v 0.145264 0.534668 0.095947
v -0.215088 0.576172 0.095947
v 0.215088 0.576172 0.095947
v -0.251709 0.605469 0.095947
v 0.251709 0.605469 0.095947
v -0.214600 0.624023 0.095947
v -0.210205 0.632324 0.095947
v 0.169678 0.654785 0.095947
v -0.090576 0.831055 0.095947
v 0.090576 0.831055 0.095947
v -0.072510 0.921875 0.095947
v 0.072998 0.921875 0.095947
v -0.030029 0.974121 0.095947
v -0.049072 0.222168 0.096436
v -0.322998 0.376953 0.096436
v 0.322998 0.376953 0.096436
v 0.137939 0.437988 0.096436
v 0.147217 0.539063 0.096436
v -0.210205 0.582519 0.096436
v 0.210205 0.582519 0.096436
v -0.180420 0.718750 0.096436
v 0.092529 0.872559 0.096436
v -0.052002 0.968750 0.096436
v 0.034912 0.222168 0.096924
v 0.122314 0.566406 0.096924
v 0.225342 0.605957 0.096924
v 0.214600 0.624023 0.096924
v -0.137451 0.694824 0.096924
v 0.137451 0.695312 0.096924
v -0.318115 0.379883 0.097412
v 0.318115 0.379883 0.097412
v 0.142334 0.562988 0.097412
v 0.137939 0.567871 0.097412
v -0.173584 0.647461 0.097412
v 0.033936 0.249512 0.097900
v -0.046143 0.250000 0.097901
v 0.160889 0.380371 0.097900
v 0.147705 0.439453 0.097900
v -0.257080 0.457031 0.097900
v 0.257080 0.457031 0.097900
v 0.216553 0.574707 0.097900
v 0.122803 0.132813 0.098389
v 0.164307 0.385254 0.098389
v -0.328369 0.394043 0.098389
v 0.328369 0.394043 0.098389
v -0.322510 0.395019 0.098389
v 0.322510 0.395019 0.098389
v -0.305908 0.426758 0.098389
v 0.305908 0.426758 0.098389
v -0.078857 0.833008 0.098389
v 0.055908 0.966797 0.098389
v -0.091064 0.039551 0.098877
v 0.064697 0.039551 0.098877
v -0.292725 0.433594 0.098877
v 0.292725 0.433594 0.098877
v 0.154053 0.436035 0.098877
v -0.257568 0.596679 0.098877
v 0.257568 0.596680 0.098877
v -0.223877 0.608886 0.098877
v 0.121338 0.100098 0.099365
v -0.322998 0.409179 0.099365
v 0.322998 0.409180 0.099365
v -0.322021 0.415527 0.099365
v 0.322021 0.415527 0.099365
v 0.157959 0.428711 0.099365
v -0.215088 0.574707 0.099365
v -0.153564 0.676758 0.099365
v 0.153564 0.676758 0.099365
v -0.070557 0.852539 0.099365
v 0.071533 0.852539 0.099365
v -0.330322 0.410156 0.099854
v 0.330322 0.410156 0.099854
v -0.329346 0.417480 0.099854
v 0.329346 0.417480 0.099854
v -0.320068 0.426269 0.099854
v 0.135498 0.479492 0.099854
v -0.235107 0.587890 0.099854
v 0.235107 0.587891 0.099854
v 0.196533 0.654297 0.099854
v 0.176025 0.683105 0.099854
v 0.320068 0.426269 0.100342
v -0.181885 0.675293 0.100342
v -0.096924 0.836426 0.100342
v 0.096924 0.836426 0.100342
v -0.093994 0.073731 0.100830
v 0.067627 0.073731 0.100830
v 0.186279 0.668945 0.100830
v -0.088135 0.831055 0.100830
v -0.173096 0.004395 0.101319
v 0.146729 0.004395 0.101318
v -0.141357 0.098633 0.101319
v -0.141357 0.132813 0.101319
v -0.147705 0.228516 0.101318
v -0.325439 0.414062 0.101318
v 0.325439 0.414062 0.101318
v -0.325439 0.433594 0.101318
v -0.237061 0.542969 0.101318
v 0.237060 0.542969 0.101318
v 0.147217 0.000489 0.101807
v -0.173584 0.000489 0.101807
v -0.173096 0.016114 0.101807
v 0.146729 0.016114 0.101807
v -0.041260 0.273926 0.101807
v -0.319580 0.409179 0.101807
v 0.319580 0.409180 0.101807
v 0.325439 0.433594 0.101807
v -0.231201 0.595703 0.101807
v 0.231201 0.595703 0.101807
v -0.062744 0.953125 0.101807
v 0.063232 0.953125 0.101807
v 0.126221 0.115723 0.102295
v 0.124756 0.155762 0.102295
v -0.326904 0.407715 0.102295
v 0.326904 0.407715 0.102295
v -0.326904 0.449707 0.102295
v 0.326904 0.449707 0.102295
v -0.252685 0.488281 0.102295
v 0.252685 0.488281 0.102295
v -0.130127 0.689453 0.102295
v 0.130127 0.689453 0.102295
v 0.045166 0.976074 0.102295
v 0.057861 0.076172 0.102783
v -0.320557 0.393066 0.102783
v 0.320557 0.393066 0.102783
v -0.326904 0.393554 0.102783
v 0.326904 0.393555 0.102783
v -0.252197 0.483886 0.102783
v 0.252197 0.483887 0.102783
v -0.249756 0.489258 0.102783
v 0.249756 0.489258 0.102783
v -0.303467 0.503418 0.102783
v 0.303467 0.503418 0.102783
v -0.271728 0.558594 0.103272
v 0.271729 0.558594 0.103272
v -0.191162 0.662597 0.103272
v -0.043213 0.975098 0.103272
v -0.169678 0.018555 0.103760
v 0.143311 0.018555 0.103760
v -0.170166 0.038086 0.103760
v 0.143799 0.038086 0.103760
v 0.024658 0.270996 0.103760
v -0.323486 0.376465 0.103760
v 0.323486 0.376465 0.103760
v -0.318603 0.378906 0.103760
v 0.318603 0.378906 0.103760
v -0.304932 0.505859 0.103760
v 0.304932 0.505859 0.103760
v -0.064697 0.938965 0.103760
v 0.065674 0.938965 0.103760
v -0.059326 0.975586 0.103760
v -0.305420 0.490722 0.104736
v 0.305420 0.490723 0.104736
v -0.245361 0.528808 0.104736
v 0.245361 0.528809 0.104736
v -0.233643 0.543945 0.104736
v 0.233643 0.543945 0.104736
v -0.161377 0.771972 0.104736
v 0.161377 0.771973 0.104736
v -0.305908 0.494140 0.105225
v 0.305908 0.494141 0.105225
v -0.235596 0.587402 0.105225
v 0.235596 0.587402 0.105225
v -0.125732 0.667969 0.105225
v 0.125732 0.667969 0.105225
v 0.062256 0.973633 0.105225
v -0.145752 0.115723 0.105713
v -0.084228 0.149903 0.105713
v 0.119385 0.203125 0.105713
v 0.026123 0.293945 0.105713
v -0.036377 0.297852 0.105713
v -0.330810 0.416992 0.105713
v 0.330810 0.416992 0.105713
v -0.154541 0.710449 0.105713
v 0.154541 0.710449 0.105713
v 0.082764 0.843750 0.105713
v -0.166260 0.696289 0.106201
v 0.166260 0.696289 0.106201
v -0.167725 0.738281 0.106201
v 0.167725 0.738281 0.106201
v 0.067139 0.149903 0.106690
v -0.317627 0.372070 0.106690
v 0.317627 0.372070 0.106690
v -0.312744 0.408203 0.106690
v 0.312744 0.408203 0.106690
v -0.272705 0.562500 0.106690
v 0.272705 0.562500 0.106690
v 0.125732 0.083008 0.107178
v -0.142334 0.155274 0.107178
v 0.125244 0.176270 0.107178
v -0.331787 0.410156 0.107178
v 0.331787 0.410156 0.107178
v 0.091064 0.831055 0.107178
v -0.320557 0.370605 0.107666
v 0.320557 0.370605 0.107666
v -0.277100 0.442383 0.107666
v 0.277100 0.442383 0.107666
v -0.079834 0.843262 0.107666
v -0.143310 0.081055 0.108154
v 0.116943 0.081055 0.108154
v -0.147705 0.083985 0.108154
v -0.327393 0.374023 0.108154
v 0.327393 0.374023 0.108154
v -0.312256 0.379883 0.108154
v 0.312256 0.379883 0.108154
v -0.313721 0.393066 0.108154
v -0.331299 0.393066 0.108154
v 0.313721 0.393066 0.108154
v 0.331299 0.393066 0.108154
v -0.248291 0.523437 0.108154
v 0.248291 0.523437 0.108154
v -0.277588 0.539551 0.108154
v 0.277588 0.539551 0.108154
v -0.253174 0.551758 0.108154
v 0.253174 0.551758 0.108154
v -0.023682 0.330567 0.108643
v -0.279541 0.534668 0.108643
v 0.279541 0.534668 0.108643
v -0.131103 0.665039 0.108643
v 0.131103 0.665039 0.108643
v -0.075439 0.871582 0.108643
v 0.076416 0.871582 0.108643
v -0.068115 0.950195 0.108643
v 0.069092 0.950195 0.108643
v -0.049561 0.981445 0.108643
v -0.087158 0.129883 0.109131
v 0.120361 0.491211 0.109131
v -0.276123 0.545410 0.109131
v 0.276123 0.545410 0.109131
v -0.152588 0.783203 0.109131
v 0.152588 0.783203 0.109131
v 0.082275 0.820801 0.109131
v 0.051514 0.981934 0.109131
v -0.163818 0.055176 0.109619
v 0.137451 0.055176 0.109619
v 0.069092 0.128906 0.109619
v -0.135010 0.176270 0.109619
v -0.247803 0.521972 0.109619
v 0.247803 0.521973 0.109619
v -0.323975 0.369629 0.110107
v 0.323975 0.369629 0.110107
v -0.314209 0.371582 0.110107
v 0.314209 0.371582 0.110107
v -0.145752 0.434570 0.110107
v -0.145752 0.435059 0.110107
v -0.084229 0.841797 0.110107
v -0.091553 0.102539 0.110596
v -0.124268 0.528320 0.110596
v 0.124268 0.528320 0.110596
v -0.281006 0.534179 0.110596
v 0.281006 0.534180 0.110596
v -0.067139 0.960938 0.110596
v 0.067627 0.960938 0.110596
v -0.092041 0.090821 0.111084
v -0.076904 0.197754 0.111084
v -0.261475 0.441894 0.111084
v 0.261474 0.441894 0.111084
v 0.126709 0.479004 0.111084
v -0.120850 0.563965 0.111084
v 0.120850 0.563965 0.111084
v 0.072998 0.099610 0.111572
v -0.129150 0.203125 0.111572
v -0.150635 0.259766 0.111572
v -0.247803 0.469238 0.111572
v 0.247803 0.469238 0.111572
v -0.315674 0.469726 0.111572
v 0.315674 0.469727 0.111572
v -0.139893 0.479980 0.111572
v -0.261963 0.533203 0.111572
v 0.261963 0.533203 0.111572
v -0.140869 0.719238 0.111572
v 0.140869 0.719238 0.111572
v -0.251709 0.554687 0.112061
v 0.251709 0.554687 0.112061
v 0.066650 0.951172 0.112061
v 0.095947 0.155274 0.112549
v 0.061768 0.197266 0.112549
v 0.135498 0.275879 0.112549
v -0.317627 0.369140 0.112549
v 0.317627 0.369141 0.112549
v -0.317627 0.467773 0.112549
v 0.317627 0.467773 0.112549
v -0.262939 0.530273 0.112549
v 0.262939 0.530273 0.112549
v -0.259033 0.538574 0.112549
v 0.259033 0.538574 0.112549
v 0.093018 0.837402 0.112549
v -0.066162 0.952148 0.112549
v -0.116943 0.102539 0.113037
v 0.099365 0.102539 0.113037
v -0.109131 0.154785 0.113037
v 0.139893 0.481445 0.113037
v 0.087646 0.844727 0.113525
v -0.091553 0.079102 0.114014
v 0.097900 0.131836 0.114014
v -0.078369 0.170899 0.114014
v -0.067139 0.959961 0.114014
v 0.067139 0.959961 0.114014
v -0.087646 0.114746 0.114502
v 0.068604 0.114746 0.114502
v -0.321533 0.368652 0.114502
v 0.321533 0.368652 0.114502
v -0.312744 0.372558 0.114502
v 0.312744 0.372559 0.114502
v -0.250244 0.448242 0.114502
v 0.250244 0.448242 0.114502
v 0.142334 0.490234 0.114502
v 0.117432 0.564453 0.114502
v -0.119873 0.634766 0.114502
v 0.119873 0.634766 0.114502
v 0.062256 0.170899 0.114990
v -0.124268 0.611816 0.114990
v 0.124268 0.611816 0.114990
v -0.150635 0.744140 0.114990
v -0.059814 0.943848 0.114990
v 0.060791 0.943848 0.114990
v -0.096924 0.003906 0.115479
v 0.070557 0.003907 0.115479
v -0.112060 0.133301 0.115479
v -0.311279 0.379394 0.115479
v 0.311279 0.379394 0.115479
v -0.299072 0.427734 0.115479
v 0.299072 0.427734 0.115479
v -0.287842 0.433105 0.115479
v 0.287842 0.433105 0.115479
v -0.263428 0.529297 0.115479
v 0.263428 0.529297 0.115479
v -0.125244 0.585449 0.115479
v 0.125244 0.585449 0.115479
v -0.124756 0.635742 0.115479
v 0.124756 0.635742 0.115479
v 0.150635 0.744141 0.115479
v -0.064697 0.980957 0.115479
v 0.071045 0.000489 0.115967
v -0.097412 0.000489 0.115967
v -0.145752 0.284668 0.115967
v -0.311768 0.409668 0.115967
v 0.311767 0.409668 0.115967
v 0.140381 0.538574 0.115967
v -0.064209 0.817383 0.115967
v -0.081299 0.894043 0.115967
v 0.081787 0.894043 0.115967
v 0.122803 0.222656 0.116455
v -0.019287 0.370606 0.116455
v 0.132568 0.564941 0.116455
v 0.086670 0.850586 0.116455
v -0.114502 0.081543 0.116944
v 0.088135 0.081543 0.116943
v -0.315185 0.371094 0.116943
v 0.315185 0.371094 0.116943
v -0.325928 0.373047 0.116943
v 0.325928 0.373047 0.116943
v -0.312744 0.393554 0.116943
v 0.312744 0.393555 0.116943
v -0.326904 0.438476 0.116943
v 0.326904 0.438477 0.116943
v 0.123779 0.479004 0.116943
v 0.136475 0.559570 0.116943
v 0.072021 0.972656 0.116943
v -0.070068 0.973633 0.116943
v -0.022217 0.976562 0.116943
v 0.022705 0.976562 0.116943
v 0.000244 0.979004 0.116943
v -0.095947 0.015625 0.117432
v 0.069580 0.015625 0.117432
v -0.098877 0.018555 0.117432
v 0.072510 0.018555 0.117432
v 0.015869 0.327637 0.117432
v -0.325928 0.451660 0.117432
v 0.325928 0.451660 0.117432
v -0.259521 0.494140 0.117432
v 0.259521 0.494141 0.117432
v -0.290283 0.503418 0.117432
v 0.290283 0.503418 0.117432
v 0.135498 0.536133 0.117432
v -0.056397 0.987793 0.117432
v -0.277100 0.440918 0.117920
v 0.277099 0.440918 0.117920
v 0.113525 0.525879 0.117920
v 0.059814 0.828125 0.117920
v -0.059326 0.828613 0.118408
v 0.074463 0.083496 0.118897
v 0.099854 0.117676 0.118897
v 0.090088 0.201172 0.118897
v 0.129639 0.299805 0.118897
v -0.318115 0.370117 0.118897
v 0.318115 0.370117 0.118897
v -0.330810 0.393554 0.118897
v 0.330810 0.393555 0.118897
v -0.331787 0.411133 0.118897
v 0.331787 0.411133 0.118897
v -0.330810 0.418945 0.118897
v 0.330810 0.418945 0.118897
v -0.259033 0.489258 0.118897
v 0.259033 0.489258 0.118897
v -0.257080 0.496094 0.118897
v 0.257080 0.496094 0.118897
v -0.067627 0.813477 0.118897
v 0.071533 0.970703 0.118897
v -0.070557 0.972168 0.118897
v -0.101807 0.201172 0.119385
v -0.141846 0.304688 0.119385
v -0.258057 0.429199 0.119385
v 0.258057 0.429199 0.119385
v -0.293701 0.490722 0.119385
v 0.293701 0.490723 0.119385
v -0.083252 0.856933 0.119385
v 0.064209 0.979980 0.119385
v -0.293701 0.493652 0.119873
v 0.293701 0.493652 0.119873
v -0.290771 0.506347 0.119873
v 0.290771 0.506348 0.119873
v 0.082275 0.858398 0.119873
v -0.114502 0.118164 0.120361
v -0.313232 0.377441 0.120361
v 0.313232 0.377441 0.120361
v -0.309326 0.428711 0.120361
v 0.309326 0.428711 0.120361
v -0.271240 0.439453 0.120361
v 0.271240 0.439453 0.120361
v 0.113037 0.565918 0.120361
v -0.072998 0.220703 0.120850
v -0.125732 0.794922 0.120850
v 0.125732 0.794922 0.120850
v -0.089111 0.855469 0.120850
v -0.038330 0.979492 0.120850
v 0.039307 0.979492 0.120850
v -0.094971 0.034668 0.121338
v 0.069092 0.034668 0.121338
v 0.100830 0.087891 0.121338
v 0.057861 0.843262 0.121338
v -0.056885 0.843750 0.121338
v 0.088135 0.857910 0.121338
v -0.146728 0.332031 0.121826
v -0.318603 0.374511 0.121826
v 0.318603 0.374512 0.121826
v -0.291260 0.428222 0.121826
v 0.291260 0.428223 0.121826
v -0.248291 0.433105 0.121826
v 0.248291 0.433105 0.121826
v -0.072998 0.916016 0.121826
v 0.073975 0.916016 0.121826
v -0.145264 0.362793 0.122314
v -0.273193 0.500000 0.122315
v 0.273193 0.500000 0.122315
v -0.121338 0.087403 0.122803
v -0.156982 0.330078 0.122803
v -0.315185 0.393554 0.122803
v 0.315185 0.393555 0.122803
v -0.315185 0.407715 0.122803
v 0.315185 0.407715 0.122803
v -0.314209 0.414551 0.122803
v 0.314209 0.414551 0.122803
v -0.303955 0.416992 0.122803
v 0.303955 0.416992 0.122803
v -0.250732 0.417969 0.122803
v 0.250732 0.417969 0.122803
v -0.243896 0.453125 0.122803
v 0.243896 0.453125 0.122803
v -0.287842 0.489258 0.122803
v 0.287842 0.489258 0.122803
v 0.067627 0.812500 0.122803
v 0.093506 0.175293 0.123291
v -0.143799 0.400879 0.123291
v -0.143310 0.414063 0.123291
v 0.134521 0.480957 0.123291
v -0.067139 0.812988 0.123291
v -0.129639 0.220215 0.123779
v -0.165283 0.334961 0.123779
v -0.164795 0.350586 0.123779
v -0.141357 0.750488 0.123779
v 0.071045 0.807129 0.123779
v 0.075928 0.815430 0.123779
v -0.052490 0.967773 0.123779
v -0.147705 0.070313 0.124268
v 0.121338 0.070313 0.124268
v 0.057861 0.218750 0.124268
v -0.304443 0.411133 0.124268
v 0.304443 0.411133 0.124268
v -0.258057 0.416992 0.124268
v 0.258057 0.416992 0.124268
v 0.141357 0.750488 0.124268
v 0.009033 0.369141 0.124756
v -0.321533 0.393554 0.124756
v 0.321533 0.393555 0.124756
v -0.153076 0.416504 0.124756
v -0.310791 0.418457 0.124756
v 0.310791 0.418457 0.124756
v -0.284912 0.491699 0.124756
v 0.284912 0.491699 0.124756
v -0.272705 0.502441 0.124756
v 0.272705 0.502441 0.124756
v 0.055420 0.983887 0.124756
v -0.183349 0.012696 0.125244
v 0.156006 0.012696 0.125244
v -0.106201 0.174805 0.125244
v -0.165771 0.373047 0.125244
v -0.310303 0.412109 0.125244
v 0.310303 0.412109 0.125244
v -0.314697 0.437011 0.125244
v 0.137939 0.489258 0.125244
v 0.133057 0.537109 0.125244
v -0.056397 0.977539 0.125244
v -0.179931 0.022949 0.125732
v 0.153076 0.022950 0.125732
v -0.177002 0.035156 0.125732
v 0.150635 0.035157 0.125732
v -0.304932 0.383301 0.125732
v 0.304932 0.383301 0.125732
v -0.162353 0.405762 0.125732
v -0.160400 0.413574 0.125732
v 0.314697 0.437012 0.125732
v -0.273682 0.491211 0.125732
v 0.273682 0.491211 0.125732
v -0.125244 0.798828 0.125732
v 0.125244 0.798828 0.125732
v -0.086670 0.804687 0.125732
v 0.086670 0.804687 0.125732
v 0.066650 0.828125 0.125732
v -0.179443 0.014649 0.126221
v 0.152100 0.014649 0.126221
v -0.305420 0.397461 0.126221
v -0.322021 0.410156 0.126221
v 0.322021 0.410156 0.126221
v -0.321045 0.417969 0.126221
v 0.321045 0.417969 0.126221
v -0.265381 0.429199 0.126221
v 0.265381 0.429199 0.126221
v -0.064209 0.827637 0.126221
v -0.049561 0.958496 0.126221
v 0.050537 0.958496 0.126221
v 0.054932 0.970703 0.126221
v -0.183838 0.000000 0.126221
v 0.156494 0.000000 0.126221
v 0.305420 0.397461 0.126709
v -0.296631 0.416504 0.126709
v 0.296631 0.416504 0.126709
v -0.245361 0.417969 0.126709
v 0.245361 0.417969 0.126709
v -0.048584 0.987793 0.126709
v -0.072022 0.988281 0.126709
v -0.100830 0.055664 0.127197
v 0.074951 0.055664 0.127197
v -0.303467 0.376953 0.127197
v 0.303467 0.376953 0.127197
v -0.309814 0.381836 0.127197
v 0.309814 0.381836 0.127197
v -0.297119 0.383789 0.127197
v 0.297119 0.383789 0.127197
v -0.276123 0.444336 0.127197
v 0.276123 0.444336 0.127197
v -0.070068 0.821777 0.127197
v -0.310791 0.397461 0.127686
v 0.310791 0.397461 0.127686
v -0.250244 0.409179 0.127686
v 0.250244 0.409180 0.127686
v -0.297119 0.411133 0.127686
v 0.297119 0.411133 0.127686
v -0.315185 0.451660 0.127686
v 0.315185 0.451660 0.127686
v -0.303955 0.469726 0.127686
v 0.303955 0.469727 0.127686
v -0.009033 0.398926 0.128662
v -0.253662 0.473633 0.128662
v 0.253662 0.473633 0.128662
v 0.129150 0.565918 0.128662
v -0.047119 0.805176 0.128662
v 0.073486 0.974121 0.128662
v 0.073975 0.976562 0.128662
v -0.072510 0.986816 0.128662
v -0.062744 0.993652 0.128662
v -0.255127 0.407715 0.129150
v 0.255127 0.407715 0.129150
v -0.245850 0.411621 0.129150
v 0.245850 0.411621 0.129150
v -0.262939 0.416992 0.129150
v 0.262939 0.416992 0.129150
v -0.053467 0.803223 0.129150
v -0.167724 0.046875 0.129639
v 0.141357 0.046875 0.129639
v -0.305908 0.375000 0.129639
v 0.305908 0.375000 0.129639
v -0.298584 0.397949 0.129639
v 0.298584 0.397949 0.129639
v -0.315674 0.420898 0.129639
v 0.315674 0.420898 0.129639
v -0.244873 0.435547 0.129639
v 0.244873 0.435547 0.129639
v -0.282471 0.439941 0.129639
v 0.282471 0.439941 0.129639
v -0.305908 0.467773 0.129639
v 0.305908 0.467773 0.129639
v 0.135986 0.539062 0.129639
v 0.133057 0.560059 0.129639
v -0.037354 0.834472 0.129639
v 0.038330 0.834473 0.129639
v -0.084717 0.849121 0.129639
v -0.060791 0.932617 0.129639
v 0.061768 0.932617 0.129639
v -0.299072 0.375488 0.130127
v 0.299072 0.375488 0.130127
v -0.315185 0.413574 0.130127
v 0.315185 0.413574 0.130127
v -0.271240 0.442383 0.130127
v 0.271240 0.442383 0.130127
v 0.077393 0.820312 0.130127
v 0.000244 0.824707 0.130615
v -0.119385 0.683105 0.131104
v 0.119385 0.683105 0.131104
v -0.060303 0.863281 0.131104
v 0.061279 0.863281 0.131104
v -0.312256 0.380859 0.131592
v 0.312256 0.380859 0.131592
v -0.315185 0.396972 0.131592
v 0.315185 0.396973 0.131592
v -0.092529 0.808594 0.131592
v 0.092529 0.808594 0.131592
v 0.061768 0.974121 0.131592
v -0.118896 0.070313 0.132080
v 0.092529 0.070313 0.132080
v -0.098877 0.216309 0.132080
v 0.088623 0.216797 0.132080
v -0.064209 0.248535 0.132080
v -0.287353 0.431640 0.132080
v 0.287353 0.431641 0.132080
v -0.132568 0.719238 0.132080
v 0.132568 0.719238 0.132080
v -0.039795 0.818359 0.132080
v -0.018311 0.827637 0.132080
v 0.019287 0.827637 0.132080
v -0.309326 0.374511 0.132568
v 0.309326 0.374512 0.132568
v 0.004150 0.398926 0.132568
v -0.259033 0.407715 0.132568
v 0.259033 0.407715 0.132568
v -0.244385 0.418457 0.132568
v 0.244385 0.418457 0.132568
v -0.297119 0.469238 0.132568
v 0.297119 0.469238 0.132568
v 0.040283 0.818847 0.132568
v -0.244385 0.409668 0.133057
v 0.244385 0.409668 0.133057
v -0.247314 0.405273 0.133545
v 0.247314 0.405273 0.133545
v 0.058350 0.797852 0.133545
v -0.019287 0.812012 0.133545
v 0.072510 0.831543 0.133545
v 0.066650 0.980957 0.133545
v -0.062744 0.988770 0.133545
v -0.302490 0.373047 0.134033
v 0.302490 0.373047 0.134033
v 0.000244 0.810059 0.134033
v -0.070557 0.830078 0.134033
v -0.275635 0.450683 0.134522
v 0.275635 0.450684 0.134522
v -0.249756 0.454590 0.134522
v 0.249756 0.454590 0.134522
v -0.056885 0.995117 0.134522
v 0.119873 0.248535 0.135010
v -0.296631 0.376953 0.135010
v 0.296631 0.376953 0.135010
v -0.294189 0.383301 0.135010
v 0.294189 0.383301 0.135010
v -0.263916 0.470703 0.135010
v 0.263916 0.470703 0.135010
v -0.021240 0.972168 0.135010
v 0.021728 0.972168 0.135010
v 0.050537 0.982422 0.135010
v 0.054443 0.244141 0.135498
v -0.005127 0.412109 0.135498
v 0.019775 0.812988 0.135498
v -0.070068 0.997559 0.135498
v -0.292725 0.417969 0.135986
v 0.292724 0.417969 0.135986
v -0.265869 0.431152 0.135986
v 0.265869 0.431152 0.135986
v -0.268799 0.447265 0.135986
v 0.268799 0.447266 0.135986
v 0.114014 0.476563 0.135986
v -0.250732 0.403808 0.136475
v 0.250732 0.403809 0.136475
v -0.245361 0.407715 0.136475
v 0.245361 0.407715 0.136475
v -0.293213 0.412109 0.136475
v 0.002197 0.412109 0.136475
v 0.293213 0.412109 0.136475
v -0.296143 0.467285 0.136475
v 0.296142 0.467285 0.136475
v -0.123779 0.680176 0.136475
v 0.123779 0.680176 0.136475
v 0.056885 0.802246 0.136475
v -0.283935 0.444824 0.136963
v 0.283935 0.444824 0.136963
v 0.104248 0.565430 0.136963
v -0.053955 0.810059 0.136963
v -0.061768 0.271973 0.137451
v -0.306396 0.373535 0.137451
v 0.306396 0.373535 0.137451
v -0.295166 0.397949 0.137451
v 0.295166 0.397949 0.137451
v -0.001709 0.413574 0.137451
v -0.071045 0.996094 0.137940
v -0.151611 0.060059 0.138428
v 0.125244 0.060059 0.138428
v -0.299072 0.375488 0.138428
v 0.299072 0.375488 0.138428
v -0.261963 0.452148 0.138428
v 0.261963 0.452148 0.138428
v -0.275146 0.464355 0.138428
v 0.275146 0.464355 0.138428
v -0.046631 0.816406 0.138428
v -0.260986 0.409668 0.138916
v 0.260986 0.409668 0.138916
v -0.249268 0.436035 0.138916
v 0.249268 0.436035 0.138916
v 0.000244 0.971680 0.138916
v -0.066162 0.999512 0.138916
v -0.254639 0.404297 0.139404
v 0.254639 0.404297 0.139404
v -0.263428 0.417480 0.139404
v 0.263428 0.417480 0.139404
v -0.032959 0.788574 0.139404
v -0.031006 0.795410 0.139404
v -0.033936 0.963379 0.139404
v 0.034912 0.963379 0.139404
v -0.310303 0.379883 0.139893
v 0.310303 0.379883 0.139893
v -0.248291 0.406250 0.139893
v 0.248291 0.406250 0.139893
v -0.290771 0.436035 0.139893
v 0.290771 0.436035 0.139893
v -0.044189 0.799316 0.139893
v 0.075928 0.971680 0.139893
v -0.049561 0.978516 0.139893
v -0.129639 0.251953 0.140381
v -0.248779 0.417969 0.140381
v 0.248779 0.417969 0.140381
v -0.307861 0.453613 0.140381
v 0.307861 0.453613 0.140381
v -0.121826 0.763183 0.140381
v 0.121826 0.763183 0.140381
v 0.044678 0.799805 0.140381
v 0.070557 0.843750 0.140381
v -0.066162 0.890625 0.140381
v 0.067139 0.890625 0.140381
v -0.025635 0.966797 0.140381
v 0.026611 0.966797 0.140381
v -0.036377 0.974609 0.140381
v 0.037353 0.974609 0.140381
v 0.118408 0.271973 0.140869
v -0.301514 0.375488 0.140869
v 0.301514 0.375488 0.140869
v -0.310303 0.441406 0.140869
v 0.310303 0.441406 0.140869
v -0.038330 0.971191 0.140869
v 0.039307 0.971191 0.140869
v 0.076416 0.974121 0.140869
v -0.046631 0.981445 0.140869
v -0.061768 0.998535 0.140869
v 0.052979 0.267578 0.141357
v 0.125244 0.327637 0.141357
v -0.296631 0.381836 0.141357
v 0.296631 0.381836 0.141357
v 0.044678 0.787598 0.141357
v 0.046143 0.811523 0.141357
v -0.047119 0.946777 0.141357
v 0.048096 0.946777 0.141357
v -0.067627 0.998535 0.141357
v -0.313721 0.422363 0.141846
v 0.313721 0.422363 0.141846
v -0.258057 0.434082 0.141846
v 0.258057 0.434082 0.141846
v -0.068604 0.841797 0.141846
v -0.060791 0.913086 0.141846
v 0.061768 0.913086 0.141846
v -0.057861 0.990723 0.141846
v -0.055908 0.993164 0.141846
v -0.094482 0.012696 0.142334
v 0.068604 0.012696 0.142334
v -0.097900 0.015137 0.142334
v 0.072022 0.015137 0.142334
v -0.096435 0.024414 0.142334
v 0.070068 0.024414 0.142334
v 0.114502 0.313477 0.142334
v 0.123779 0.380859 0.142334
v -0.313232 0.396484 0.142334
v 0.313232 0.396484 0.142334
v 0.057861 0.805176 0.142334
v -0.059326 0.294434 0.142822
v -0.252197 0.406738 0.142822
v 0.252197 0.406738 0.142822
v -0.256103 0.408203 0.142822
v 0.256103 0.408203 0.142822
v -0.313721 0.414551 0.142822
v 0.313721 0.414551 0.142822
v 0.074463 0.840820 0.142822
v -0.063232 0.997070 0.142822
v -0.097900 0.036133 0.143311
v 0.071533 0.036133 0.143311
v 0.135010 0.325684 0.143311
v -0.257080 0.417480 0.143311
v 0.257080 0.417480 0.143311
v 0.123779 0.425293 0.143311
v 0.123779 0.435059 0.143311
v -0.291748 0.451172 0.143311
v 0.291748 0.451172 0.143311
v -0.060303 0.307617 0.143799
v -0.301514 0.380859 0.143799
v 0.301514 0.380859 0.143799
v -0.296631 0.413086 0.143799
v 0.296631 0.413086 0.143799
v -0.296143 0.419922 0.143799
v 0.296142 0.419922 0.143799
v -0.073975 0.838867 0.143799
v -0.095459 0.000000 0.144287
v -0.105224 0.047363 0.144287
v 0.078857 0.047364 0.144287
v -0.297119 0.439453 0.144287
v 0.297119 0.439453 0.144287
v 0.128662 0.477539 0.144287
v -0.107178 0.653320 0.144287
v 0.107178 0.653320 0.144287
v -0.053467 0.816894 0.144287
v 0.069092 0.000000 0.144287
v -0.297607 0.397461 0.144775
v 0.297607 0.397461 0.144775
v 0.054932 0.811523 0.144775
v 0.066162 0.839355 0.144775
v 0.142334 0.328613 0.145264
v -0.018311 0.839844 0.145264
v 0.019287 0.839844 0.145264
v 0.048096 0.972656 0.145264
v -0.122803 0.059571 0.145752
v 0.096436 0.059571 0.145752
v -0.119873 0.315430 0.145752
v 0.144287 0.335938 0.145752
v 0.149170 0.383789 0.145752
v 0.110107 0.475586 0.145752
v 0.031982 0.780762 0.145752
v 0.047607 0.976562 0.145752
v 0.087158 0.244629 0.146240
v 0.142334 0.378906 0.146240
v 0.134033 0.436523 0.146240
v -0.112549 0.653808 0.146240
v 0.112549 0.653808 0.146240
v -0.126221 0.278320 0.146728
v 0.117432 0.295899 0.146729
v -0.303467 0.421875 0.146729
v 0.303467 0.421875 0.146729
v 0.103271 0.525391 0.146729
v 0.024658 0.779297 0.146729
v 0.033447 0.789062 0.146729
v 0.051025 0.291016 0.147217
v -0.303955 0.396972 0.147217
v 0.303955 0.396973 0.147217
v 0.132080 0.486816 0.147217
v -0.103760 0.525391 0.147217
v 0.064697 0.976562 0.147217
v -0.184326 0.023926 0.147705
v 0.156982 0.023926 0.147705
v -0.181885 0.036133 0.147705
v 0.155029 0.036133 0.147705
v -0.303955 0.414062 0.147705
v 0.303955 0.414062 0.147705
v 0.140869 0.433594 0.147705
v 0.101318 0.561035 0.147705
v -0.097900 0.584961 0.147705
v 0.097900 0.584961 0.147705
v -0.018799 0.778809 0.147705
v -0.021729 0.789551 0.147705
v -0.188232 0.014160 0.148193
v 0.159912 0.014160 0.148193
v -0.183838 0.016113 0.148193
v 0.156006 0.016114 0.148193
v -0.093506 0.248047 0.148193
v 0.051514 0.308594 0.148193
v -0.047607 0.338867 0.148193
v 0.144287 0.425781 0.148193
v -0.101807 0.561523 0.148193
v 0.122314 0.565918 0.148193
v -0.031982 0.800781 0.148193
v 0.075439 0.964844 0.148193
v -0.173095 0.046875 0.148682
v 0.146729 0.046875 0.148682
v 0.128174 0.531738 0.148682
v -0.099365 0.614746 0.148682
v 0.099365 0.614746 0.148682
v 0.000244 0.785644 0.148682
v -0.029053 0.805176 0.148682
v -0.188232 0.001465 0.149170
v 0.160400 0.001465 0.149170
v 0.110596 0.335938 0.149170
v -0.113037 0.476074 0.149170
v -0.124268 0.766113 0.149170
v 0.124268 0.766113 0.149170
v 0.022217 0.790527 0.149170
v 0.000244 0.835449 0.149170
v -0.118408 0.347656 0.149658
v 0.097900 0.489258 0.149658
v 0.126221 0.560547 0.149658
v -0.020752 0.780273 0.149658
v 0.076416 0.966797 0.149658
v 0.129639 0.536133 0.150146
v -0.080811 0.775391 0.150147
v 0.080811 0.775391 0.150147
v 0.094482 0.523438 0.150635
v -0.123779 0.300293 0.151611
v -0.115967 0.433105 0.152099
v -0.114990 0.726074 0.152100
v 0.114990 0.726074 0.152100
v 0.021240 0.794922 0.152100
v -0.037842 0.859863 0.152100
v 0.038818 0.859863 0.152100
v -0.023193 0.954590 0.152100
v 0.024170 0.954590 0.152100
v 0.069580 0.964844 0.152100
v 0.054932 0.970215 0.152100
v -0.153564 0.055176 0.152588
v 0.127686 0.055176 0.152588
v 0.085205 0.269043 0.152588
v -0.039307 0.377441 0.152588
v -0.117432 0.393066 0.152588
v 0.093994 0.562988 0.152588
v -0.103760 0.644043 0.152588
v 0.103760 0.644043 0.152588
v 0.032959 0.793945 0.152588
v -0.107178 0.702637 0.153076
v 0.107178 0.702637 0.153076
v 0.055420 0.972168 0.153076
v -0.087646 0.312988 0.153564
v 0.081787 0.312988 0.153564
v 0.109131 0.382813 0.153564
v 0.102295 0.476074 0.153564
v 0.000244 0.763184 0.153564
v -0.090576 0.273438 0.154053
v 0.002197 0.771973 0.154053
v -0.001709 0.772949 0.154541
v -0.012451 0.790527 0.154541
v 0.071045 0.967773 0.154541
v -0.031982 0.410645 0.155029
v 0.075928 0.957031 0.155029
v 0.106689 0.430176 0.155518
v 0.000244 0.956543 0.155518
v 0.046631 0.334473 0.156006
v 0.063721 0.964355 0.156006
v 0.001709 0.773437 0.156494
v -0.051514 0.829102 0.156494
v -0.045654 0.902832 0.156494
v 0.046631 0.902832 0.156494
v -0.047607 0.924805 0.156494
v 0.048584 0.924805 0.156494
v 0.076904 0.958984 0.156494
v 0.036865 0.377442 0.156982
v -0.046631 0.914062 0.156982
v 0.047607 0.914062 0.156982
v 0.064697 0.966309 0.156982
v 0.079834 0.335938 0.157471
v -0.000732 0.773926 0.157471
v -0.000244 0.776367 0.157471
v 0.072021 0.957031 0.157471
v 0.083252 0.293457 0.158447
v -0.056396 0.825195 0.158447
v -0.126220 0.054688 0.158935
v 0.099854 0.054688 0.158936
v -0.088135 0.295899 0.158935
v -0.109619 0.699707 0.158936
v 0.109619 0.699707 0.158936
v -0.001221 0.766602 0.158936
v -0.000244 0.771484 0.158936
v 0.073486 0.958984 0.158936
v -0.116455 0.728027 0.159424
v 0.116455 0.728027 0.159424
v 0.001709 0.772949 0.159424
v 0.048584 0.823730 0.159424
v -0.085693 0.777832 0.159912
v 0.085693 0.777832 0.159912
v 0.114014 0.478027 0.160400
v 0.006103 0.786133 0.160400
v 0.052978 0.819824 0.161865
v -0.055420 0.759277 0.162354
v 0.055420 0.759277 0.162354
v 0.008545 0.781738 0.162354
v -0.032471 0.935547 0.162354
v 0.033447 0.935547 0.162354
v -0.038818 0.886719 0.162842
v 0.039795 0.886719 0.162842
v 0.116455 0.486816 0.163330
v -0.031982 0.901367 0.163330
v 0.032959 0.901367 0.163330
v -0.108642 0.045410 0.163818
v 0.082275 0.045410 0.163818
v -0.086182 0.345215 0.163818
v 0.027100 0.410156 0.163818
v -0.017822 0.432617 0.163818
v 0.109131 0.562988 0.163818
v -0.074951 0.743652 0.163818
v -0.032959 0.913086 0.163818
v 0.033936 0.913086 0.163818
v 0.101318 0.685547 0.164307
v 0.074951 0.743652 0.164307
v -0.004150 0.786621 0.164307
v -0.015381 0.847168 0.164307
v 0.015869 0.847168 0.164307
v 0.016846 0.432129 0.164795
v 0.110107 0.533691 0.164795
v -0.016846 0.908691 0.164795
v 0.017334 0.908691 0.164795
v -0.000244 0.432617 0.165283
v -0.101318 0.035156 0.165771
v 0.075439 0.035157 0.165772
v 0.073486 0.469727 0.165772
v 0.115478 0.535645 0.165771
v 0.112549 0.557129 0.165771
v -0.091064 0.674316 0.165772
v 0.091064 0.674316 0.165772
v -0.031982 0.753418 0.166748
v 0.031982 0.753418 0.166748
v -0.007568 0.782715 0.166748
v -0.032959 0.815918 0.166748
v -0.101806 0.014649 0.167236
v 0.075439 0.014649 0.167236
v -0.099853 0.023438 0.167236
v 0.073486 0.023438 0.167236
v -0.073975 0.469727 0.167236
v -0.116455 0.729980 0.167236
v 0.116455 0.729980 0.167236
v -0.016846 0.901367 0.167236
v 0.017822 0.901367 0.167236
v -0.032959 0.917480 0.167725
v -0.098388 0.012207 0.168213
v 0.072021 0.012207 0.168213
v -0.083252 0.387695 0.168213
v -0.095459 0.674805 0.168213
v 0.095459 0.674805 0.168213
v -0.106689 0.690430 0.168213
v 0.106689 0.690430 0.168213
v 0.000244 0.753906 0.168213
v -0.028564 0.860352 0.168213
v 0.029541 0.860352 0.168213
v 0.033936 0.917969 0.168213
v -0.016357 0.937988 0.168213
v 0.017334 0.937988 0.168213
v -0.098877 0.000000 0.168701
v 0.072998 0.381836 0.168701
v 0.072510 0.000000 0.168701
v -0.079346 0.425781 0.169189
v 0.068603 0.762207 0.169190
v 0.024170 0.804199 0.169190
v 0.027588 0.807129 0.169190
v -0.035889 0.811035 0.169190
v -0.032959 0.924805 0.169190
v 0.033936 0.924805 0.169190
v -0.181396 0.037110 0.170166
v 0.154541 0.037110 0.170166
v -0.173095 0.047852 0.170166
v 0.146728 0.047852 0.170166
v -0.184326 0.025879 0.170654
v 0.156982 0.025879 0.170654
v 0.048096 0.762207 0.170654
v -0.183349 0.018555 0.171142
v 0.156006 0.018555 0.171143
v 0.000244 0.844238 0.171143
v 0.000244 0.938477 0.171143
v -0.069092 0.523438 0.171631
v 0.069092 0.523438 0.171631
v 0.026611 0.799805 0.171631
v 0.030029 0.802734 0.171631
v -0.018311 0.913086 0.171631
v 0.019287 0.913086 0.171631
v -0.187256 0.016602 0.172119
v 0.159424 0.016602 0.172119
v 0.066650 0.427734 0.172119
v -0.034424 0.459961 0.172607
v 0.034424 0.459961 0.172607
v 0.055908 0.757812 0.172607
v -0.187744 0.003906 0.173095
v 0.159424 0.003907 0.173096
v -0.055908 0.758301 0.173096
v -0.068603 0.559570 0.173584
v 0.068603 0.559570 0.173584
v -0.010498 0.798828 0.174072
v -0.009033 0.911133 0.174072
v 0.009521 0.911133 0.174072
v -0.013428 0.801758 0.174561
v -0.011963 0.851074 0.174561
v 0.012939 0.851074 0.174561
v -0.026611 0.884277 0.174561
v 0.027588 0.884277 0.174561
v -0.077881 0.741211 0.175049
v 0.077881 0.741211 0.175049
v -0.013428 0.794434 0.175537
v 0.000244 0.911133 0.176025
v -0.157470 0.054199 0.176513
v 0.131103 0.054200 0.176514
v -0.098877 0.676758 0.176514
v -0.102295 0.685547 0.176514
v 0.102295 0.685547 0.176514
v -0.016357 0.797363 0.176514
v -0.008545 0.902832 0.176514
v 0.009521 0.902832 0.176514
v -0.015869 0.923340 0.176514
v 0.016846 0.923340 0.176514
v 0.098877 0.676269 0.177002
v -0.061279 0.872559 0.177002
v 0.061279 0.872559 0.177002
v -0.068115 0.698242 0.177490
v 0.068115 0.698242 0.177490
v 0.069580 0.764160 0.177490
v 0.000244 0.454102 0.177979
v -0.068604 0.616699 0.177979
v 0.068603 0.616699 0.177979
v -0.055908 0.705566 0.177979
v 0.055908 0.705566 0.177979
v -0.048096 0.713379 0.177979
v 0.048096 0.713379 0.177979
v -0.032959 0.753906 0.177979
v 0.032959 0.753906 0.177979
v -0.109619 0.696289 0.178467
v 0.109619 0.696289 0.178467
v -0.031494 0.716797 0.178955
v 0.031494 0.716797 0.178955
v 0.048584 0.764648 0.178955
v -0.070068 0.584473 0.179443
v 0.070068 0.584473 0.179443
v -0.070068 0.651855 0.179443
v 0.070068 0.651855 0.179443
v 0.000244 0.717773 0.179443
v -0.082764 0.741699 0.179443
v 0.082764 0.741699 0.179443
v 0.000244 0.851562 0.179443
v -0.054443 0.856445 0.179443
v 0.054443 0.856445 0.179443
v 0.000244 0.922852 0.179443
v -0.114502 0.045899 0.179932
v 0.088135 0.045899 0.179932
v -0.039795 0.845215 0.179932
v 0.039795 0.845215 0.179932
v -0.014893 0.859375 0.179932
v 0.015869 0.859375 0.179932
v 0.000244 0.903320 0.179932
v -0.066650 0.685547 0.180908
v 0.066650 0.685547 0.180908
v 0.000244 0.755371 0.180908
v -0.039307 0.875977 0.180908
v 0.039307 0.875977 0.180908
v -0.039307 0.877441 0.180908
v 0.039307 0.877441 0.180908
v 0.066650 0.762695 0.181397
v -0.031982 0.855469 0.181397
v 0.031982 0.855469 0.181397
v -0.032959 0.855957 0.181397
v 0.032959 0.855957 0.181397
v -0.025147 0.861328 0.181397
v 0.025146 0.861328 0.181397
v -0.026123 0.862793 0.181397
v 0.026123 0.862793 0.181397
v 0.000244 0.864258 0.181397
v -0.017334 0.865234 0.181397
v 0.017334 0.865234 0.181397
v -0.018311 0.867188 0.181397
v 0.018311 0.867188 0.181397
v -0.132080 0.053711 0.181885
v 0.105713 0.053711 0.181885
v -0.038330 0.865723 0.181885
v 0.038330 0.865723 0.181885
v -0.038818 0.866699 0.181885
v 0.038818 0.866699 0.181885
v -0.012451 0.890137 0.181885
v 0.013428 0.890137 0.181885
v -0.033447 0.521973 0.182373
v 0.033447 0.521973 0.182373
v 0.052002 0.762207 0.182373
v -0.017822 0.871094 0.182373
v 0.017822 0.871094 0.182373
v -0.018799 0.873047 0.182373
v 0.018799 0.873047 0.182373
v -0.026611 0.876953 0.182861
v 0.026611 0.876953 0.182861
v -0.027100 0.878906 0.182861
v 0.027100 0.878906 0.182861
v -0.015381 0.875977 0.183350
v 0.015381 0.875977 0.183350
v -0.015381 0.877930 0.183350
v 0.015381 0.877930 0.183350
v -0.109131 0.035156 0.183838
v 0.082764 0.035157 0.183838
v -0.033447 0.558594 0.184326
v 0.033447 0.558594 0.184326
v -0.169677 0.047363 0.184814
v 0.143311 0.047364 0.184814
v -0.033936 0.689941 0.184815
v 0.033936 0.689941 0.184815
v -0.070068 0.703613 0.184815
v 0.070068 0.703613 0.184815
v -0.013916 0.884766 0.184815
v 0.014893 0.884766 0.184815
v 0.069580 0.697754 0.185303
v 0.070068 0.736328 0.185791
v 0.000244 0.871582 0.185791
v -0.107666 0.023926 0.186279
v 0.081787 0.023926 0.186279
v 0.000244 0.691406 0.186279
v -0.059326 0.708984 0.186279
v 0.059326 0.708984 0.186279
v -0.049561 0.717773 0.186279
v 0.049561 0.717773 0.186279
v -0.016846 0.871582 0.186279
v 0.017334 0.871582 0.186279
v -0.109619 0.015625 0.186767
v 0.083252 0.015625 0.186768
v -0.071045 0.687500 0.187256
v 0.049072 0.698242 0.187256
v -0.006592 0.891602 0.187256
v 0.007568 0.891602 0.187256
v 0.071045 0.687012 0.187744
v -0.074463 0.696777 0.187744
v 0.074463 0.696777 0.187744
v 0.049072 0.736816 0.187744
v 0.066650 0.738281 0.187744
v -0.007080 0.881348 0.187744
v 0.008057 0.881348 0.187744
v 0.000244 0.521484 0.188232
v -0.032471 0.721191 0.188232
v 0.032471 0.721191 0.188232
v 0.052490 0.738281 0.188721
v -0.107177 0.013672 0.189209
v 0.080811 0.013672 0.189209
v -0.174560 0.038574 0.189209
v 0.147705 0.038575 0.189209
v 0.000244 0.559082 0.189697
v 0.000244 0.891113 0.189697
v 0.081787 0.000977 0.190186
v -0.108154 0.000977 0.190185
v -0.034912 0.653320 0.190186
v 0.034912 0.653320 0.190186
v 0.070068 0.736816 0.190186
v -0.007080 0.885742 0.190186
v 0.008057 0.885742 0.190186
v 0.000244 0.722168 0.190674
v -0.175537 0.020508 0.191162
v 0.148193 0.020508 0.191162
v -0.176513 0.028320 0.191162
v 0.149170 0.028321 0.191162
v -0.034912 0.584473 0.191162
v 0.034912 0.584473 0.191162
v -0.034912 0.617187 0.191162
v 0.034912 0.617187 0.191162
v -0.075928 0.708008 0.191162
v 0.075928 0.708008 0.191162
v 0.049561 0.737305 0.191650
v 0.000244 0.879883 0.191650
v -0.156982 0.050293 0.192138
v 0.130615 0.050293 0.192139
v -0.124267 0.047363 0.193115
v 0.097900 0.047364 0.193115
v 0.000244 0.884766 0.193115
v -0.178955 0.018555 0.193603
v 0.151123 0.018555 0.193604
v 0.000244 0.654297 0.194092
v -0.178955 0.005860 0.194580
v 0.151123 0.005860 0.194580
v 0.000244 0.617187 0.195068
v -0.138916 0.050293 0.195556
v 0.112549 0.050293 0.195557
v 0.000244 0.585449 0.195557
v -0.121826 0.037598 0.198974
v 0.095459 0.037598 0.198975
v 0.070557 0.701660 0.198975
v -0.159424 0.040039 0.199951
v 0.133057 0.040039 0.199951
v 0.050049 0.701660 0.200928
v -0.123291 0.018555 0.201416
v 0.096924 0.018555 0.201416
v -0.121826 0.026856 0.201416
v 0.095459 0.026856 0.201416
v -0.160400 0.021485 0.202881
v 0.133057 0.021485 0.202881
v -0.160400 0.028809 0.202881
v 0.133545 0.028809 0.202881
v -0.139404 0.039551 0.203857
v 0.113037 0.039551 0.203857
v -0.121338 0.017090 0.204345
v 0.095459 0.017090 0.204346
v -0.122802 0.004395 0.205322
v 0.096436 0.004395 0.205322
v -0.164306 0.007324 0.206299
v 0.136963 0.007325 0.206299
v -0.163818 0.020020 0.206299
v 0.136963 0.020020 0.206299
v -0.141357 0.020996 0.206299
v 0.114502 0.020996 0.206299
v -0.140381 0.028321 0.206787
v 0.114014 0.028321 0.206787
v -0.142334 0.006836 0.210693
v 0.115967 0.006836 0.210693
v -0.141357 0.019531 0.210693
v 0.114990 0.019532 0.210693
v -0.116455 0.025391 -0.000243
v -0.103272 0.066407 -0.000243
v -0.103272 0.087891 -0.000243
v -0.127686 0.242188 -0.000243
v 0.090088 0.025391 -0.000244
v 0.193603 0.628418 -0.000244
v 0.115967 0.173340 -0.000244
v 0.224853 0.626465 -0.000244
v 0.000244 0.850586 -0.000244
v 0.087158 0.066895 -0.000732
v -0.199463 0.615234 -0.000732
v 0.000244 0.885254 -0.000732
v 0.062256 0.145020 -0.001709
v 0.116455 0.205078 -0.001709
v -0.099854 0.828613 -0.001709
v 0.099853 0.828613 -0.001709
v -0.102783 0.108399 -0.002196
v -0.130615 0.205078 -0.002197
v -0.225830 0.625488 -0.002197
v -0.188232 0.640137 -0.002197
v 0.217529 0.641602 -0.002197
v -0.094483 0.240235 -0.002685
v -0.135010 0.151856 -0.003173
v -0.085694 0.531250 -0.003662
v 0.085693 0.531250 -0.003662
v -0.193115 0.627929 -0.003662
v -0.093018 0.422852 -0.004150
v -0.211182 0.655761 -0.004150
v -0.111572 0.691406 -0.004150
v 0.111572 0.691406 -0.004150
v 0.085205 0.240235 -0.004638
v 0.181396 0.651367 -0.004639
v 0.029053 0.859375 -0.004639
v 0.029053 0.874023 -0.004639
v 0.090088 0.106934 -0.005127
v -0.101318 0.145996 -0.005126
v -0.097901 0.203613 -0.005126
v -0.087158 0.638184 -0.005127
v 0.087646 0.638183 -0.005615
v 0.031494 0.831055 -0.005615
v 0.084229 0.168946 -0.006103
v 0.185791 0.640137 -0.006103
v -0.218018 0.643066 -0.006103
v -0.175049 0.664551 -0.006103
v 0.205810 0.667480 -0.006103
v -0.094971 0.660644 -0.006592
v 0.094971 0.660644 -0.006592
v -0.031982 0.831055 -0.006592
v -0.199951 0.679687 -0.007080
v 0.199951 0.679688 -0.007080
v -0.094483 0.496582 -0.007568
v -0.181396 0.650390 -0.007568
v 0.212158 0.655762 -0.007568
v -0.206299 0.667969 -0.007568
v 0.092041 0.145996 -0.008056
v 0.086182 0.202637 -0.008056
v 0.166260 0.679688 -0.008057
v 0.178955 0.720215 -0.008057
v -0.177490 0.723632 -0.008057
v -0.098877 0.661621 -0.008545
v 0.098877 0.661621 -0.008545
v -0.112061 0.687500 -0.008545
v 0.112061 0.687500 -0.008545
v -0.031982 0.838867 -0.008545
v -0.031494 0.866699 -0.008545
v 0.000244 0.875000 -0.008545
v -0.096436 0.458008 -0.009033
v 0.091064 0.458496 -0.009033
v -0.156982 0.695801 -0.009521
v -0.188721 0.702636 -0.009521
v 0.189209 0.702637 -0.009521
v -0.145752 0.714844 -0.009521
v 0.145752 0.714844 -0.009521
v 0.000244 0.861328 -0.009521
v 0.089600 0.497559 -0.010010
v 0.175537 0.660645 -0.010010
v -0.163330 0.750488 -0.010010
v 0.163330 0.750488 -0.010010
v -0.048096 0.831055 -0.010010
v 0.048096 0.831055 -0.010010
v 0.031494 0.845215 -0.010010
v 0.000244 0.827637 -0.010498
v -0.032471 0.854980 -0.010498
v 0.136475 0.727051 -0.010986
v -0.165771 0.679687 -0.011475
v -0.136475 0.727051 -0.011475
v -0.150146 0.767578 -0.011475
v 0.150146 0.767578 -0.011475
v -0.039795 0.566895 -0.011963
v 0.039795 0.566894 -0.011963
v 0.157959 0.692383 -0.011963
v -0.139893 0.775879 -0.011963
v 0.139893 0.775879 -0.011963
v -0.049072 0.422363 -0.014404
v 0.048584 0.422363 -0.014404
v 0.127197 0.733887 -0.014404
v 0.000244 0.843262 -0.014404
v -0.127197 0.733887 -0.014893
v -0.040772 0.577637 -0.015381
v 0.040771 0.578125 -0.015381
v -0.041748 0.601562 -0.015381
v 0.109131 0.792969 -0.015381
v -0.109131 0.792968 -0.015869
v -0.051514 0.833496 -0.016357
v 0.051514 0.833496 -0.016357
v 0.041748 0.601562 -0.016846
v -0.000244 0.566406 -0.017334
v -0.000244 0.601562 -0.017334
v -0.075439 0.806641 -0.017334
v 0.075439 0.806641 -0.017334
v -0.025146 0.812988 -0.019287
v 0.025146 0.812988 -0.019287
v 0.044189 0.638672 -0.020752
v -0.042725 0.530762 -0.022705
v 0.042725 0.530762 -0.022705
v -0.044189 0.638672 -0.022705
v -0.075928 0.812012 -0.022705
v 0.075928 0.812012 -0.022705
v -0.000244 0.640137 -0.023193
v 0.070557 0.682129 -0.023193
v -0.000244 0.581543 -0.023681
v -0.068604 0.683105 -0.023682
v -0.049561 0.456543 -0.024169
v 0.049561 0.456543 -0.024170
v -0.090088 0.719238 -0.024170
v 0.090088 0.719238 -0.024170
v -0.000244 0.456543 -0.025146
v 0.047119 0.677734 -0.025146
v -0.012451 0.797851 -0.025635
v 0.012451 0.797851 -0.025635
v -0.047119 0.677734 -0.026123
v 0.030029 0.480469 -0.026611
v 0.014404 0.530762 -0.026611
v 0.000244 0.794922 -0.026611
v -0.047608 0.495117 -0.027099
v 0.047607 0.495117 -0.027099
v 0.031494 0.507812 -0.027099
v -0.011963 0.530762 -0.027099
v -0.054443 0.789062 -0.027100
v 0.054443 0.789062 -0.027100
v 0.008545 0.471680 -0.027588
v -0.017334 0.507813 -0.027588
v 0.093994 0.760254 -0.027588
v -0.009522 0.482422 -0.028564
v -0.054443 0.696777 -0.028564
v 0.054443 0.696777 -0.028564
v -0.093994 0.760254 -0.028564
v -0.075928 0.732422 -0.029053
v 0.075928 0.732422 -0.029053
v -0.000244 0.531250 -0.030029
v -0.043213 0.714355 -0.030518
v 0.043213 0.714355 -0.030518
v -0.026123 0.816406 -0.030518
v 0.026123 0.816406 -0.030518
v -0.044678 0.769531 -0.031006
v 0.044678 0.769531 -0.031006
v -0.000244 0.678711 -0.031494
v 0.057373 0.741699 -0.031494
v -0.057373 0.742187 -0.031494
v -0.072998 0.683105 -0.031982
v 0.072998 0.683105 -0.031982
v -0.030029 0.723144 -0.031982
v 0.030029 0.723144 -0.031982
v 0.000244 0.724121 -0.032471
v -0.043701 0.752441 -0.032471
v 0.043701 0.752441 -0.032471
v -0.092041 0.716797 -0.032959
v 0.092041 0.716797 -0.032959
v -0.012939 0.799805 -0.034424
v 0.012939 0.799805 -0.034424
v 0.000244 0.796875 -0.034912
v 0.000244 0.791992 -0.037842
v -0.054443 0.792480 -0.037842
v 0.054443 0.792480 -0.037842
v -0.057861 0.696777 -0.038330
v 0.057861 0.696777 -0.038330
v -0.077393 0.730469 -0.038818
v 0.077393 0.730469 -0.038818
v -0.044678 0.771973 -0.038818
v 0.044678 0.771973 -0.038818
v -0.045166 0.714844 -0.039307
v 0.045166 0.714844 -0.039307
v -0.057373 0.740722 -0.039307
v 0.057373 0.740723 -0.039307
v -0.024658 0.785156 -0.039795
v 0.024658 0.785156 -0.039795
v -0.043701 0.751953 -0.040283
v 0.043701 0.751953 -0.040283
v 0.035889 0.498047 -0.041259
v -0.031006 0.724121 -0.041748
v 0.000244 0.724121 -0.041748
v 0.031006 0.724121 -0.041748
v -0.006592 0.476074 -0.042236
v 0.000244 0.790527 -0.044678
v -0.023682 0.783691 -0.045166
v 0.023682 0.783691 -0.045166
v 0.015869 0.458984 -0.046142
v 0.035400 0.468262 -0.046142
v -0.042725 0.771484 -0.046143
v 0.042725 0.771484 -0.046143
v -0.041748 0.752930 -0.047119
v 0.041748 0.752930 -0.047119
v -0.029541 0.726074 -0.048584
v 0.029541 0.726074 -0.048584
v 0.000244 0.726562 -0.048584
v 0.024658 0.510742 -0.052978
v -0.010010 0.493652 -0.053466
v 0.000244 0.464356 -0.057861
v 0.041260 0.484375 -0.057861
v 0.003662 0.509277 -0.058349
v 0.029053 0.431641 -0.065673
v 0.048584 0.441406 -0.065673
v -0.001709 0.479004 -0.071045
v 0.031006 0.494629 -0.071045
v 0.011963 0.492188 -0.074951
v 0.014892 0.432617 -0.080810
v 0.056885 0.453125 -0.080810
v 0.078369 0.376465 -0.082275
v 0.058838 0.367188 -0.082763
v 0.114014 0.301270 -0.084228
v 0.092041 0.291016 -0.084716
v 0.150635 0.221192 -0.089111
v 0.128174 0.210449 -0.089599
v 0.017334 0.441895 -0.096923
v 0.048096 0.457031 -0.096923
v 0.046631 0.365234 -0.098877
v 0.087646 0.384766 -0.098877
v 0.031982 0.451172 -0.101806
v 0.124267 0.310059 -0.103759
v 0.078857 0.288086 -0.104248
v 0.163330 0.232910 -0.107666
v 0.112060 0.208008 -0.108642
v 0.181885 0.150391 -0.114990
v 0.163330 0.141602 -0.115478
v 0.081787 0.385742 -0.116943
v 0.050049 0.370606 -0.117431
v 0.083252 0.294434 -0.124755
v 0.117432 0.310547 -0.124755
v 0.065185 0.379395 -0.125244
v 0.187744 0.163574 -0.129638
v 0.154541 0.233887 -0.130126
v 0.150146 0.145020 -0.130615
v 0.116943 0.215821 -0.130615
v 0.099853 0.303711 -0.132568
v 0.135498 0.226074 -0.138427
v 0.192139 0.106934 -0.140869
v 0.202881 0.115235 -0.143310
v 0.178955 0.103516 -0.143798
v 0.180420 0.169922 -0.147216
v 0.150146 0.155274 -0.147705
v 0.163330 0.166504 -0.154541
v 0.207764 0.130371 -0.155517
v 0.164307 0.109375 -0.156494
v 0.201904 0.086914 -0.159912
v 0.187256 0.085449 -0.163818
v 0.212158 0.097656 -0.163818
v 0.196533 0.139649 -0.170654
v 0.164307 0.124024 -0.171142
v 0.216553 0.113770 -0.175049
v 0.206787 0.077149 -0.175537
v 0.172119 0.092285 -0.175537
v 0.177979 0.137207 -0.176513
v 0.215576 0.086426 -0.179443
v 0.194092 0.076172 -0.179931
v 0.208740 0.074219 -0.187256
v 0.203858 0.125000 -0.187744
v 0.172119 0.108887 -0.188232
v 0.214600 0.081055 -0.188720
v 0.199463 0.073731 -0.189209
v 0.218994 0.098633 -0.190185
v 0.182861 0.081055 -0.191162
v 0.184326 0.125000 -0.194580
v 0.196045 0.077637 -0.199951
v 0.214111 0.086426 -0.199951
v 0.205811 0.080567 -0.201416
v 0.208252 0.109375 -0.201416
v 0.181885 0.096192 -0.201904
v 0.192139 0.088867 -0.207275
v 0.208252 0.096680 -0.207275
v 0.192139 0.109375 -0.207763
v 0.199463 0.094239 -0.210693
vt 0.868652 0.039551
vt 0.860840 0.041504
vt 0.862305 0.035889
vt 0.854736 0.035645
vt 0.853760 0.041748
vt 0.866455 0.024414
vt 0.855957 0.053467
vt 0.846924 0.057129
vt 0.865967 0.057373
vt 0.877930 0.040283
vt 0.872314 0.025879
vt 0.881836 0.058105
vt 0.892090 0.046875
vt 0.892090 0.057617
vt 0.885986 0.042480
vt 0.887695 0.028320
vt 0.892334 0.028809
vt 0.891602 0.013184
vt 0.880127 0.026855
vt 0.887695 0.015381
vt 0.889160 0.006348
vt 0.886719 0.008545
vt 0.882080 0.004150
vt 0.881348 0.015137
vt 0.882812 0.008057
vt 0.877930 0.008057
vt 0.875488 0.005615
vt 0.875732 0.013672
vt 0.871826 0.011719
vt 0.869141 0.007080
vt 0.957031 0.519287
vt 0.943848 0.510498
vt 0.947998 0.506348
vt 0.938721 0.495361
vt 0.964844 0.514404
vt 0.962158 0.520996
vt 0.962646 0.524170
vt 0.967529 0.517822
vt 0.969727 0.519287
vt 0.976074 0.513184
vt 0.971924 0.513184
vt 0.976318 0.506104
vt 0.971191 0.508789
vt 0.968994 0.493164
vt 0.963867 0.496094
vt 0.955078 0.500000
vt 0.962402 0.482666
vt 0.966553 0.479004
vt 0.960938 0.476807
vt 0.957031 0.483398
vt 0.947510 0.487549
vt 0.954102 0.477783
vt 0.955811 0.467041
vt 0.947754 0.464844
vt 0.943848 0.483154
vt 0.935059 0.490479
vt 0.933838 0.470215
vt 0.927734 0.461182
vt 0.923096 0.479492
vt 0.915527 0.470459
vt 0.474121 0.891846
vt 0.495605 0.915771
vt 0.482178 0.912109
vt 0.469727 0.908691
vt 0.476562 0.927734
vt 0.463379 0.892822
vt 0.477783 0.874023
vt 0.457520 0.908447
vt 0.458008 0.927490
vt 0.469727 0.873779
vt 0.447998 0.889893
vt 0.479004 0.865723
vt 0.446533 0.911133
vt 0.446533 0.935059
vt 0.436035 0.918457
vt 0.474365 0.862793
vt 0.489746 0.851318
vt 0.463135 0.868896
vt 0.448242 0.875488
vt 0.435059 0.903564
vt 0.432617 0.890625
vt 0.420410 0.895752
vt 0.425781 0.911133
vt 0.423828 0.923340
vt 0.430664 0.935791
vt 0.413330 0.928467
vt 0.407227 0.919189
vt 0.415283 0.915771
vt 0.400391 0.915771
vt 0.413574 0.906006
vt 0.406006 0.911377
vt 0.394287 0.915527
vt 0.409180 0.900391
vt 0.406250 0.894531
vt 0.395752 0.898438
vt 0.404297 0.906006
vt 0.398926 0.911133
vt 0.381836 0.915527
vt 0.388184 0.905518
vt 0.375244 0.900635
vt 0.385742 0.910889
vt 0.368164 0.914795
vt 0.372070 0.911377
vt 0.363525 0.912109
vt 0.373779 0.906738
vt 0.370361 0.906250
vt 0.368408 0.904541
vt 0.367676 0.910400
vt 0.363037 0.908447
vt 0.368164 0.908203
vt 0.458496 0.861084
vt 0.444580 0.875244
vt 0.460449 0.864990
vt 0.462891 0.856201
vt 0.468262 0.859863
vt 0.466064 0.857178
vt 0.474121 0.843750
vt 0.470459 0.841797
vt 0.483154 0.825439
vt 0.478271 0.844727
vt 0.485107 0.846436
vt 0.498047 0.826660
vt 0.488037 0.825684
vt 0.496826 0.818115
vt 0.490479 0.821533
vt 0.488525 0.819336
vt 0.097900 0.374023
vt 0.093262 0.386475
vt 0.081055 0.377930
vt 0.092285 0.396973
vt 0.077148 0.352539
vt 0.082275 0.396240
vt 0.082764 0.411133
vt 0.079102 0.405273
vt 0.058350 0.401855
vt 0.055176 0.405029
vt 0.079102 0.395508
vt 0.078369 0.376953
vt 0.073975 0.352539
vt 0.057373 0.395264
vt 0.055176 0.394775
vt 0.047852 0.396973
vt 0.055664 0.377197
vt 0.052490 0.377686
vt 0.050049 0.354736
vt 0.044922 0.376465
vt 0.053223 0.355225
vt 0.041748 0.355225
vt 0.051514 0.337891
vt 0.070801 0.333252
vt 0.073486 0.329346
vt 0.048096 0.334473
vt 0.041260 0.336182
vt 0.038574 0.336670
vt 0.033447 0.320801
vt 0.036377 0.317627
vt 0.008057 0.316895
vt 0.049805 0.316650
vt 0.066650 0.308350
vt 0.035645 0.301270
vt 0.011719 0.303223
vt 0.048340 0.300049
vt 0.068604 0.300781
vt 0.074707 0.307861
vt 0.037598 0.281494
vt 0.014160 0.276855
vt 0.034424 0.258301
vt 0.050293 0.283203
vt 0.067139 0.282959
vt 0.081543 0.281250
vt 0.087891 0.264893
vt 0.069824 0.265381
vt 0.090820 0.247314
vt 0.048828 0.263916
vt 0.047119 0.253662
vt 0.070557 0.250732
vt 0.064941 0.240479
vt 0.085693 0.237305
vt 0.098877 0.233643
vt 0.090088 0.228027
vt 0.970459 0.180908
vt 0.971436 0.193604
vt 0.964600 0.187744
vt 0.964600 0.197266
vt 0.972412 0.199707
vt 0.951904 0.188232
vt 0.965820 0.202637
vt 0.958008 0.201172
vt 0.973877 0.213867
vt 0.943604 0.193115
vt 0.932373 0.186035
vt 0.944580 0.178467
vt 0.934814 0.196289
vt 0.920410 0.188965
vt 0.950684 0.204590
vt 0.945312 0.208496
vt 0.959717 0.205811
vt 0.968506 0.214844
vt 0.953369 0.209229
vt 0.947510 0.213623
vt 0.956787 0.219727
vt 0.963135 0.216797
vt 0.952881 0.223633
vt 0.971191 0.228271
vt 0.967773 0.229004
vt 0.958740 0.234375
vt 0.958008 0.237549
vt 0.975098 0.230469
vt 0.982178 0.237549
vt 0.963379 0.242920
vt 0.975586 0.235352
vt 0.975342 0.242188
vt 0.962891 0.231201
vt 0.963379 0.239502
vt 0.966553 0.237061
vt 0.970703 0.239502
vt 0.969727 0.233887
vt 0.972168 0.234375
vt 0.656738 0.016113
vt 0.662598 0.022217
vt 0.650879 0.033447
vt 0.657471 0.036865
vt 0.651855 0.041504
vt 0.655029 0.050781
vt 0.641113 0.044434
vt 0.640625 0.037598
vt 0.642334 0.052734
vt 0.635986 0.044434
vt 0.644043 0.061035
vt 0.658447 0.059326
vt 0.637207 0.053223
vt 0.638184 0.060547
vt 0.645752 0.068604
vt 0.661621 0.066650
vt 0.646973 0.078857
vt 0.663574 0.078857
vt 0.640137 0.078369
vt 0.639160 0.068359
vt 0.623535 0.077393
vt 0.624512 0.067383
vt 0.607666 0.069092
vt 0.624268 0.061279
vt 0.610596 0.062500
vt 0.605225 0.064209
vt 0.601074 0.064453
vt 0.611084 0.055664
vt 0.604980 0.060791
vt 0.600830 0.057129
vt 0.605957 0.056396
vt 0.603516 0.051270
vt 0.624512 0.054688
vt 0.610596 0.048828
vt 0.608398 0.043213
vt 0.624023 0.047607
vt 0.621582 0.042725
vt 0.616211 0.937988
vt 0.624268 0.934326
vt 0.614746 0.944092
vt 0.621582 0.943848
vt 0.609131 0.936523
vt 0.619873 0.948486
vt 0.629150 0.943359
vt 0.608887 0.944092
vt 0.613770 0.948486
vt 0.599609 0.935059
vt 0.595947 0.927246
vt 0.601807 0.943604
vt 0.608154 0.948242
vt 0.601318 0.947266
vt 0.614746 0.961426
vt 0.621094 0.966064
vt 0.610352 0.959717
vt 0.605713 0.958496
vt 0.599365 0.957764
vt 0.609375 0.974121
vt 0.612793 0.979248
vt 0.602051 0.968750
vt 0.596924 0.968262
vt 0.607422 0.979980
vt 0.606689 0.976318
vt 0.600830 0.977783
vt 0.606201 0.970703
vt 0.604248 0.975098
vt 0.597412 0.973877
vt 0.601562 0.972900
vt 0.952148 0.854492
vt 0.950439 0.843262
vt 0.956787 0.841064
vt 0.960449 0.849365
vt 0.963135 0.838623
vt 0.969482 0.851074
vt 0.983643 0.844238
vt 0.989258 0.852539
vt 0.972900 0.833008
vt 0.968994 0.827637
vt 0.958984 0.834229
vt 0.958252 0.816650
vt 0.953369 0.836670
vt 0.950684 0.823486
vt 0.948486 0.838623
vt 0.943359 0.841064
vt 0.942139 0.828857
vt 0.946533 0.826416
vt 0.939453 0.815918
vt 0.936035 0.818604
vt 0.942871 0.813232
vt 0.947754 0.807129
vt 0.952148 0.800781
vt 0.943115 0.802734
vt 0.940674 0.808350
vt 0.936523 0.809082
vt 0.935547 0.803955
vt 0.934082 0.812500
vt 0.929199 0.809570
vt 0.909668 0.337402
vt 0.899170 0.342041
vt 0.891113 0.333984
vt 0.892578 0.346191
vt 0.905029 0.329346
vt 0.916504 0.324707
vt 0.924805 0.330078
vt 0.894531 0.316650
vt 0.876465 0.322998
vt 0.884277 0.340576
vt 0.875244 0.337158
vt 0.883545 0.347168
vt 0.892090 0.350586
vt 0.889404 0.357910
vt 0.879639 0.353027
vt 0.876221 0.345459
vt 0.874512 0.352783
vt 0.870361 0.345703
vt 0.859619 0.354248
vt 0.864502 0.361084
vt 0.867432 0.339355
vt 0.862305 0.332764
vt 0.856934 0.369873
vt 0.852539 0.348633
vt 0.850586 0.364990
vt 0.846680 0.372070
vt 0.840820 0.370361
vt 0.845459 0.362549
vt 0.836670 0.370117
vt 0.837402 0.359131
vt 0.831787 0.368652
vt 0.844971 0.344482
vt 0.850830 0.327881
vt 0.828613 0.365723
vt 0.826172 0.372803
vt 0.825195 0.367188
vt 0.818115 0.360840
vt 0.826172 0.362549
vt 0.829590 0.355225
vt 0.823242 0.359375
vt 0.835449 0.340332
vt 0.824219 0.353516
vt 0.827148 0.338867
vt 0.818604 0.351074
vt 0.813232 0.361328
vt 0.811523 0.350342
vt 0.816895 0.339111
vt 0.827881 0.322266
vt 0.806152 0.349121
vt 0.802002 0.356201
vt 0.807861 0.340576
vt 0.815186 0.324219
vt 0.804199 0.329590
vt 0.800781 0.327148
vt 0.802979 0.319336
vt 0.818848 0.305420
vt 0.838379 0.304932
vt 0.839600 0.288086
vt 0.819336 0.286865
vt 0.839111 0.323486
vt 0.825195 0.275391
vt 0.855713 0.309326
vt 0.865967 0.315430
vt 0.874023 0.294678
vt 0.883545 0.291016
vt 0.874268 0.286133
vt 0.860107 0.286621
vt 0.858154 0.291504
vt 0.842285 0.285156
vt 0.842285 0.282471
vt 0.835693 0.257324
vt 0.857910 0.283691
vt 0.862061 0.275146
vt 0.423584 0.195312
vt 0.429443 0.216064
vt 0.413330 0.212646
vt 0.411377 0.218018
vt 0.393311 0.214355
vt 0.425293 0.221191
vt 0.393799 0.208496
vt 0.395508 0.195068
vt 0.379639 0.200684
vt 0.381592 0.204102
vt 0.378418 0.206787
vt 0.388184 0.225586
vt 0.374268 0.217285
vt 0.405029 0.230713
vt 0.373047 0.220947
vt 0.418701 0.235596
vt 0.386230 0.229736
vt 0.402832 0.234863
vt 0.360107 0.250244
vt 0.394531 0.264160
vt 0.376709 0.258301
vt 0.374023 0.265625
vt 0.356689 0.259277
vt 0.390625 0.272461
vt 0.371826 0.273438
vt 0.355469 0.266113
vt 0.417236 0.239014
vt 0.410889 0.269043
vt 0.367676 0.281982
vt 0.351074 0.272461
vt 0.409912 0.271484
vt 0.426758 0.272461
vt 0.360352 0.293457
vt 0.345703 0.283691
vt 0.356201 0.300293
vt 0.382080 0.297363
vt 0.341309 0.295654
vt 0.353027 0.304932
vt 0.337646 0.300781
vt 0.385254 0.288818
vt 0.388672 0.280029
vt 0.405273 0.286133
vt 0.403320 0.295166
vt 0.407715 0.278809
vt 0.423584 0.290283
vt 0.426025 0.275391
vt 0.425293 0.283691
vt 0.400879 0.303711
vt 0.422119 0.299561
vt 0.379395 0.304932
vt 0.375977 0.313232
vt 0.372070 0.321533
vt 0.392090 0.335693
vt 0.398193 0.312256
vt 0.395264 0.324707
vt 0.414551 0.340820
vt 0.420166 0.309082
vt 0.418457 0.318115
vt 0.416748 0.326660
vt 0.440186 0.331543
vt 0.440430 0.307617
vt 0.440674 0.345703
vt 0.414795 0.354248
vt 0.439941 0.322998
vt 0.442139 0.355469
vt 0.439697 0.315918
vt 0.460449 0.322266
vt 0.461182 0.334717
vt 0.463135 0.347656
vt 0.462402 0.341064
vt 0.464844 0.356201
vt 0.445312 0.366211
vt 0.467041 0.366943
vt 0.486084 0.346924
vt 0.488525 0.354980
vt 0.489502 0.365967
vt 0.484131 0.340820
vt 0.507324 0.342529
vt 0.510498 0.352051
vt 0.526367 0.340576
vt 0.505859 0.332520
vt 0.522461 0.330811
vt 0.482666 0.333740
vt 0.521240 0.323975
vt 0.538818 0.331543
vt 0.540039 0.338135
vt 0.554932 0.332275
vt 0.537842 0.325684
vt 0.553223 0.325195
vt 0.505127 0.322754
vt 0.482422 0.322510
vt 0.536865 0.315430
vt 0.551025 0.316650
vt 0.554932 0.304199
vt 0.520752 0.315186
vt 0.538574 0.303467
vt 0.520996 0.306641
vt 0.539307 0.297363
vt 0.555176 0.295898
vt 0.503906 0.315186
vt 0.503906 0.307129
vt 0.482422 0.309570
vt 0.461182 0.309326
vt 0.482910 0.300781
vt 0.503906 0.294678
vt 0.461182 0.299561
vt 0.482910 0.293213
vt 0.441895 0.296631
vt 0.461914 0.291504
vt 0.443115 0.287354
vt 0.483887 0.285156
vt 0.462891 0.283447
vt 0.444580 0.279297
vt 0.502930 0.286377
vt 0.445312 0.276611
vt 0.464111 0.280518
vt 0.483887 0.281494
vt 0.503906 0.281250
vt 0.520264 0.286621
vt 0.467285 0.248535
vt 0.486328 0.249756
vt 0.504395 0.249512
vt 0.486328 0.245361
vt 0.521484 0.249268
vt 0.448486 0.245850
vt 0.467773 0.244873
vt 0.432373 0.242432
vt 0.433838 0.238770
vt 0.449951 0.241943
vt 0.437500 0.226074
vt 0.453857 0.230469
vt 0.470459 0.233398
vt 0.443115 0.218994
vt 0.437012 0.200684
vt 0.447754 0.224365
vt 0.456055 0.225830
vt 0.456543 0.221924
vt 0.457275 0.220215
vt 0.446533 0.215576
vt 0.438721 0.198486
vt 0.460938 0.198486
vt 0.472412 0.223145
vt 0.477783 0.202393
vt 0.478271 0.200684
vt 0.494873 0.205078
vt 0.495117 0.203369
vt 0.472168 0.224609
vt 0.489746 0.224609
vt 0.471680 0.228271
vt 0.489746 0.226318
vt 0.506104 0.224609
vt 0.489258 0.230225
vt 0.488770 0.234619
vt 0.506348 0.230225
vt 0.505859 0.226562
vt 0.504639 0.245605
vt 0.506836 0.234375
vt 0.521484 0.245117
vt 0.520996 0.233643
vt 0.520508 0.229492
vt 0.536377 0.244629
vt 0.535156 0.231201
vt 0.520264 0.227295
vt 0.550293 0.241455
vt 0.553223 0.245361
vt 0.548828 0.229736
vt 0.537109 0.248535
vt 0.553223 0.280029
vt 0.533203 0.226562
vt 0.547119 0.226807
vt 0.520264 0.225098
vt 0.533936 0.225098
vt 0.547852 0.223877
vt 0.538818 0.208252
vt 0.552002 0.207031
vt 0.526367 0.206787
vt 0.511230 0.205811
vt 0.511230 0.203369
vt 0.498779 0.197266
vt 0.525879 0.204346
vt 0.520264 0.197021
vt 0.533691 0.197754
vt 0.537109 0.280762
vt 0.537842 0.284424
vt 0.520508 0.281738
vt 0.555176 0.288574
vt 0.538330 0.291016
vt 0.520996 0.294434
vt 0.798584 0.954102
vt 0.801758 0.955811
vt 0.797852 0.958252
vt 0.793701 0.954590
vt 0.803711 0.961914
vt 0.793457 0.958984
vt 0.800293 0.966553
vt 0.809814 0.968994
vt 0.795654 0.967529
vt 0.791992 0.966797
vt 0.793701 0.975098
vt 0.104492 0.160400
vt 0.106201 0.157471
vt 0.122559 0.156982
vt 0.087158 0.107666
vt 0.083252 0.107178
vt 0.104248 0.096436
vt 0.144531 0.154053
vt 0.080566 0.098389
vt 0.108398 0.174072
vt 0.066650 0.116699
vt 0.128418 0.169189
vt 0.148438 0.164551
vt 0.110352 0.178955
vt 0.121338 0.083740
vt 0.090576 0.180908
vt 0.162842 0.147217
vt 0.098877 0.086426
vt 0.117188 0.074951
vt 0.139160 0.080566
vt 0.114746 0.072021
vt 0.096680 0.083496
vt 0.134521 0.068848
vt 0.094238 0.078125
vt 0.112549 0.066895
vt 0.132080 0.064697
vt 0.076660 0.084229
vt 0.152588 0.069336
vt 0.156250 0.083984
vt 0.171631 0.092773
vt 0.078857 0.095703
vt 0.060791 0.093506
vt 0.175293 0.134033
vt 0.178223 0.120117
vt 0.189209 0.131348
vt 0.181885 0.147705
vt 0.166748 0.157715
vt 0.167725 0.162109
vt 0.181641 0.151611
vt 0.168701 0.166992
vt 0.149902 0.173096
vt 0.151367 0.180176
vt 0.132812 0.186035
vt 0.147705 0.168213
vt 0.131348 0.178467
vt 0.130615 0.171875
vt 0.113770 0.191650
vt 0.118896 0.203857
vt 0.093994 0.196533
vt 0.091064 0.184082
vt 0.094971 0.215576
vt 0.117676 0.229004
vt 0.093994 0.222412
vt 0.113770 0.230957
vt 0.125000 0.242676
vt 0.121094 0.248779
vt 0.072754 0.218750
vt 0.071777 0.224854
vt 0.043457 0.223877
vt 0.069824 0.205811
vt 0.065674 0.195557
vt 0.040771 0.213135
vt 0.019043 0.218994
vt 0.013428 0.205566
vt 0.037598 0.201904
vt 0.014648 0.185059
vt 0.037842 0.200195
vt 0.065430 0.193359
vt 0.015625 0.184082
vt 0.002686 0.162598
vt 0.000244 0.161621
vt 0.022705 0.174561
vt 0.011719 0.156250
vt 0.003906 0.133789
vt 0.001709 0.131592
vt 0.019775 0.114746
vt 0.037354 0.184326
vt 0.017822 0.150635
vt 0.022217 0.142578
vt 0.022461 0.118164
vt 0.047852 0.181396
vt 0.035156 0.134521
vt 0.060791 0.172119
vt 0.045654 0.130859
vt 0.071289 0.175293
vt 0.049561 0.120850
vt 0.087891 0.169189
vt 0.049072 0.111328
vt 0.044922 0.108398
vt 0.018555 0.102051
vt 0.063721 0.106689
vt 0.062744 0.104004
vt 0.042236 0.098389
vt 0.018066 0.091064
vt 0.034180 0.084229
vt 0.045410 0.077148
vt 0.928711 0.302246
vt 0.909424 0.298828
vt 0.927979 0.294189
vt 0.949707 0.292969
vt 0.947754 0.284424
vt 0.909912 0.295410
vt 0.893555 0.292725
vt 0.927490 0.291260
vt 0.944824 0.282227
vt 0.959473 0.271484
vt 0.957275 0.269287
vt 0.894531 0.286865
vt 0.883057 0.275146
vt 0.909424 0.290283
vt 0.926025 0.286865
vt 0.942139 0.278076
vt 0.953125 0.264893
vt 0.956299 0.248291
vt 0.923584 0.279541
vt 0.908936 0.281982
vt 0.896729 0.278320
vt 0.910889 0.274170
vt 0.900146 0.269287
vt 0.886475 0.267578
vt 0.875732 0.255127
vt 0.870361 0.261963
vt 0.861816 0.247559
vt 0.891846 0.259766
vt 0.912109 0.262695
vt 0.920166 0.270508
vt 0.937012 0.271240
vt 0.931885 0.263428
vt 0.946533 0.260498
vt 0.948486 0.246338
vt 0.945312 0.229736
vt 0.939209 0.256836
vt 0.938965 0.246338
vt 0.927734 0.252441
vt 0.935303 0.231201
vt 0.920166 0.236572
vt 0.902100 0.247559
vt 0.915527 0.226074
vt 0.929932 0.218262
vt 0.940186 0.215332
vt 0.925293 0.202393
vt 0.908447 0.215332
vt 0.903076 0.202881
vt 0.877686 0.215820
vt 0.889404 0.227051
vt 0.895752 0.238281
vt 0.874756 0.236572
vt 0.883545 0.248291
vt 0.851807 0.236572
vt 0.862061 0.217285
vt 0.881592 0.211670
vt 0.588867 0.759033
vt 0.584229 0.742432
vt 0.595703 0.746582
vt 0.594971 0.770020
vt 0.579834 0.790283
vt 0.598633 0.726074
vt 0.591064 0.721191
vt 0.607910 0.753174
vt 0.609375 0.728760
vt 0.602783 0.775391
vt 0.622559 0.732910
vt 0.601074 0.794922
vt 0.577393 0.812256
vt 0.600342 0.812744
vt 0.616943 0.801025
vt 0.606689 0.821777
vt 0.624268 0.782471
vt 0.618164 0.758057
vt 0.612549 0.779053
vt 0.627197 0.760742
vt 0.639404 0.763428
vt 0.642822 0.737549
vt 0.631592 0.735352
vt 0.642334 0.719727
vt 0.628174 0.715088
vt 0.636719 0.696777
vt 0.613037 0.709717
vt 0.616455 0.693359
vt 0.632568 0.676025
vt 0.598877 0.707275
vt 0.599121 0.690674
vt 0.591553 0.702637
vt 0.576660 0.717529
vt 0.617188 0.675049
vt 0.634277 0.652344
vt 0.645752 0.676025
vt 0.600830 0.674561
vt 0.615479 0.655273
vt 0.600586 0.656982
vt 0.595947 0.666504
vt 0.594727 0.685791
vt 0.592041 0.646973
vt 0.581543 0.669189
vt 0.599365 0.641846
vt 0.596191 0.619629
vt 0.580566 0.686768
vt 0.570068 0.672363
vt 0.567139 0.686279
vt 0.577637 0.700195
vt 0.565674 0.699951
vt 0.568359 0.713135
vt 0.608643 0.638672
vt 0.609863 0.614502
vt 0.616211 0.635986
vt 0.596924 0.597412
vt 0.624512 0.633301
vt 0.643799 0.639404
vt 0.641357 0.626709
vt 0.606445 0.595459
vt 0.602051 0.575439
vt 0.612061 0.576172
vt 0.632812 0.619141
vt 0.642822 0.614990
vt 0.620850 0.610352
vt 0.628906 0.604736
vt 0.641846 0.598633
vt 0.615967 0.592041
vt 0.620850 0.568359
vt 0.624756 0.585938
vt 0.638184 0.581787
vt 0.641113 0.564209
vt 0.367432 0.481445
vt 0.343506 0.478271
vt 0.343994 0.465576
vt 0.369141 0.468506
vt 0.327881 0.482178
vt 0.326172 0.465332
vt 0.346191 0.446777
vt 0.327148 0.448486
vt 0.307373 0.470459
vt 0.370361 0.451416
vt 0.388916 0.465088
vt 0.311523 0.483398
vt 0.312012 0.495605
vt 0.295166 0.491211
vt 0.298584 0.502930
vt 0.390625 0.449707
vt 0.288330 0.479492
vt 0.410645 0.451416
vt 0.406250 0.466553
vt 0.391602 0.431641
vt 0.374512 0.434326
vt 0.348633 0.429443
vt 0.432373 0.450439
vt 0.437256 0.464600
vt 0.409668 0.433105
vt 0.428711 0.432373
vt 0.413086 0.420410
vt 0.328613 0.427002
vt 0.331787 0.404297
vt 0.309814 0.450928
vt 0.310303 0.426270
vt 0.291016 0.447754
vt 0.289551 0.425781
vt 0.270752 0.444092
vt 0.267578 0.489258
vt 0.291748 0.401123
vt 0.279785 0.502686
vt 0.287842 0.515869
vt 0.250732 0.504395
vt 0.270752 0.512207
vt 0.261719 0.518311
vt 0.253418 0.531982
vt 0.229492 0.470215
vt 0.253418 0.456055
vt 0.267822 0.425293
vt 0.231201 0.454346
vt 0.211182 0.468262
vt 0.248779 0.434570
vt 0.269775 0.400146
vt 0.225098 0.441895
vt 0.211426 0.453613
vt 0.190186 0.446777
vt 0.192383 0.428467
vt 0.201660 0.440674
vt 0.195068 0.414551
vt 0.248535 0.405029
vt 0.223633 0.412598
vt 0.232666 0.373535
vt 0.236816 0.359863
vt 0.207275 0.367920
vt 0.262939 0.366699
vt 0.282227 0.365967
vt 0.300781 0.370605
vt 0.305176 0.360596
vt 0.313232 0.401611
vt 0.321777 0.376953
vt 0.326416 0.366943
vt 0.329590 0.356445
vt 0.354004 0.383545
vt 0.357910 0.358643
vt 0.329834 0.332764
vt 0.355225 0.373047
vt 0.356934 0.366699
vt 0.368896 0.364502
vt 0.351074 0.330811
vt 0.379150 0.343262
vt 0.397461 0.354248
vt 0.397705 0.363037
vt 0.421387 0.364014
vt 0.397461 0.378662
vt 0.370361 0.380859
vt 0.419922 0.379395
vt 0.429199 0.376953
vt 0.418457 0.396973
vt 0.397217 0.394775
vt 0.378906 0.396484
vt 0.377197 0.415283
vt 0.396484 0.415527
vt 0.351807 0.408447
vt 0.429443 0.418457
vt 0.448730 0.423340
vt 0.433105 0.394775
vt 0.456055 0.402588
vt 0.457764 0.385498
vt 0.362061 0.052979
vt 0.361084 0.034912
vt 0.374268 0.049561
vt 0.377441 0.027100
vt 0.373047 0.069336
vt 0.388184 0.046387
vt 0.384277 0.066406
vt 0.380615 0.093506
vt 0.399414 0.062988
vt 0.390869 0.092773
vt 0.410645 0.085693
vt 0.415039 0.057373
vt 0.410400 0.111328
vt 0.424316 0.089355
vt 0.391113 0.112061
vt 0.392334 0.130615
vt 0.413818 0.131104
vt 0.885010 0.718018
vt 0.901123 0.711914
vt 0.903320 0.722900
vt 0.916504 0.698486
vt 0.934326 0.682129
vt 0.936035 0.693115
vt 0.920166 0.709473
vt 0.924805 0.715820
vt 0.940674 0.697510
vt 0.907471 0.730713
vt 0.885986 0.727295
vt 0.866699 0.727539
vt 0.888672 0.735840
vt 0.869385 0.737793
vt 0.846924 0.734131
vt 0.842773 0.754395
vt 0.914551 0.739258
vt 0.930664 0.719971
vt 0.945557 0.702881
vt 0.944824 0.710449
vt 0.947266 0.713623
vt 0.935059 0.724609
vt 0.938965 0.727539
vt 0.921143 0.739502
vt 0.923340 0.742920
vt 0.924805 0.752441
vt 0.945312 0.738525
vt 0.928467 0.762939
vt 0.915283 0.760498
vt 0.894531 0.756104
vt 0.931885 0.783691
vt 0.947510 0.765869
vt 0.899170 0.783203
vt 0.920410 0.783691
vt 0.931885 0.787109
vt 0.947510 0.789062
vt 0.928467 0.790527
vt 0.922852 0.791260
vt 0.904541 0.805420
vt 0.919189 0.803955
vt 0.876953 0.783203
vt 0.881836 0.803955
vt 0.919678 0.813965
vt 0.922607 0.812012
vt 0.923340 0.814941
vt 0.871094 0.756836
vt 0.856934 0.781738
vt 0.812256 0.751465
vt 0.815918 0.739502
vt 0.812988 0.767090
vt 0.838623 0.777100
vt 0.835205 0.791504
vt 0.810303 0.781250
vt 0.810303 0.784912
vt 0.851074 0.799072
vt 0.827637 0.798096
vt 0.808594 0.785400
vt 0.807617 0.785889
vt 0.855225 0.812012
vt 0.862549 0.831787
vt 0.841797 0.843262
vt 0.851318 0.861328
vt 0.889160 0.825439
vt 0.866211 0.855469
vt 0.856201 0.870361
vt 0.845459 0.873047
vt 0.840576 0.864502
vt 0.838623 0.878174
vt 0.894531 0.848389
vt 0.912109 0.827148
vt 0.916748 0.845703
vt 0.922363 0.826416
vt 0.925049 0.846191
vt 0.925049 0.822754
vt 0.927979 0.847412
vt 0.926270 0.825439
vt 0.925537 0.829834
vt 0.937988 0.836426
vt 0.937744 0.839111
vt 0.939941 0.853760
vt 0.704346 0.926270
vt 0.682617 0.937744
vt 0.673340 0.915039
vt 0.699707 0.899414
vt 0.697510 0.878418
vt 0.667725 0.900635
vt 0.726562 0.910400
vt 0.735107 0.928467
vt 0.665771 0.896484
vt 0.720947 0.886963
vt 0.748535 0.902588
vt 0.695557 0.869629
vt 0.666016 0.894775
vt 0.715088 0.866455
vt 0.746338 0.876953
vt 0.707031 0.851562
vt 0.694336 0.867676
vt 0.663818 0.894287
vt 0.692383 0.866943
vt 0.696777 0.849854
vt 0.695312 0.836670
vt 0.742188 0.854004
vt 0.714111 0.833740
vt 0.682617 0.815674
vt 0.738281 0.828125
vt 0.708496 0.808838
vt 0.767822 0.871582
vt 0.766113 0.847900
vt 0.769043 0.899414
vt 0.788818 0.889648
vt 0.764404 0.823242
vt 0.738525 0.806152
vt 0.791260 0.817627
vt 0.771240 0.803711
vt 0.796143 0.843262
vt 0.811035 0.795654
vt 0.806885 0.816162
vt 0.788818 0.864990
vt 0.796387 0.843506
vt 0.791748 0.855225
vt 0.817383 0.833496
vt 0.815674 0.826416
vt 0.814697 0.818359
vt 0.815430 0.804932
vt 0.820312 0.806152
vt 0.818115 0.815918
vt 0.819092 0.817139
vt 0.819336 0.819092
vt 0.834717 0.811523
vt 0.834717 0.813721
vt 0.820801 0.823975
vt 0.835205 0.819580
vt 0.821045 0.825439
vt 0.835449 0.821289
vt 0.820312 0.830322
vt 0.833252 0.827148
vt 0.834717 0.828125
vt 0.811523 0.842773
vt 0.830566 0.835205
vt 0.813477 0.847412
vt 0.833984 0.836914
vt 0.815918 0.848633
vt 0.836426 0.838867
vt 0.795654 0.858154
vt 0.798340 0.860840
vt 0.799072 0.865479
vt 0.800049 0.884521
vt 0.799316 0.898193
vt 0.791504 0.908447
vt 0.799072 0.907715
vt 0.770996 0.919189
vt 0.791260 0.925537
vt 0.751221 0.922119
vt 0.751465 0.933105
vt 0.771240 0.928711
vt 0.775146 0.941406
vt 0.794189 0.936768
vt 0.826660 0.012939
vt 0.826660 0.050293
vt 0.813721 0.013184
vt 0.813477 0.050293
vt 0.913330 0.481201
vt 0.929932 0.508789
vt 0.911865 0.521240
vt 0.951904 0.548584
vt 0.968262 0.536377
vt 0.895752 0.552002
vt 0.874268 0.540039
vt 0.936768 0.576904
vt 0.895752 0.558594
vt 0.869629 0.576416
vt 0.934570 0.583496
vt 0.894531 0.563477
vt 0.651123 0.658447
vt 0.663086 0.641113
vt 0.668701 0.655273
vt 0.682373 0.644287
vt 0.664551 0.625000
vt 0.646973 0.625977
vt 0.650635 0.598633
vt 0.668945 0.606689
vt 0.677490 0.612793
vt 0.679443 0.628662
vt 0.693848 0.628662
vt 0.691650 0.612305
vt 0.709473 0.613037
vt 0.709961 0.630615
vt 0.727783 0.612793
vt 0.727783 0.630127
vt 0.694824 0.646973
vt 0.709961 0.649170
vt 0.727539 0.648682
vt 0.743652 0.629150
vt 0.743164 0.645508
vt 0.683350 0.667969
vt 0.694824 0.669189
vt 0.709717 0.670898
vt 0.680176 0.690918
vt 0.669189 0.680664
vt 0.692627 0.691406
vt 0.725098 0.671143
vt 0.739014 0.660156
vt 0.744873 0.658936
vt 0.746338 0.645020
vt 0.750000 0.644043
vt 0.707764 0.692383
vt 0.749268 0.659424
vt 0.755127 0.658691
vt 0.741455 0.662109
vt 0.730225 0.675293
vt 0.752930 0.663330
vt 0.767334 0.662109
vt 0.756104 0.668457
vt 0.720947 0.691650
vt 0.732666 0.676758
vt 0.746826 0.681641
vt 0.758301 0.671387
vt 0.767578 0.668701
vt 0.764404 0.681396
vt 0.749512 0.684814
vt 0.743408 0.698975
vt 0.739746 0.697021
vt 0.739502 0.713379
vt 0.723633 0.692627
vt 0.735840 0.712891
vt 0.740479 0.734131
vt 0.719238 0.711670
vt 0.736572 0.734619
vt 0.747803 0.755371
vt 0.716553 0.711426
vt 0.745361 0.756592
vt 0.701416 0.711914
vt 0.718018 0.735352
vt 0.758301 0.771729
vt 0.759277 0.768311
vt 0.763184 0.775635
vt 0.730469 0.758789
vt 0.739502 0.772949
vt 0.720947 0.734863
vt 0.728271 0.760010
vt 0.716064 0.759033
vt 0.726318 0.783691
vt 0.734375 0.776611
vt 0.735840 0.785889
vt 0.738770 0.793701
vt 0.703369 0.735107
vt 0.708496 0.780273
vt 0.733643 0.802490
vt 0.719971 0.805908
vt 0.704102 0.801514
vt 0.697510 0.756836
vt 0.690430 0.778076
vt 0.684082 0.796387
vt 0.677979 0.778320
vt 0.672363 0.795166
vt 0.680908 0.758057
vt 0.690674 0.735596
vt 0.671875 0.778076
vt 0.667480 0.795410
vt 0.688232 0.718994
vt 0.680176 0.737793
vt 0.689209 0.705566
vt 0.680908 0.718506
vt 0.682129 0.704102
vt 0.671387 0.702148
vt 0.676758 0.708984
vt 0.675781 0.713379
vt 0.666748 0.711182
vt 0.672852 0.728271
vt 0.675049 0.729492
vt 0.665283 0.735352
vt 0.666016 0.737793
vt 0.665771 0.744873
vt 0.666016 0.761719
vt 0.655762 0.752930
vt 0.647705 0.768555
vt 0.657471 0.781494
vt 0.641602 0.788818
vt 0.649414 0.792480
vt 0.656006 0.795654
vt 0.655518 0.802490
vt 0.643066 0.805664
vt 0.645020 0.812256
vt 0.391357 0.927979
vt 0.439209 0.945557
vt 0.411621 0.960449
vt 0.395508 0.971924
vt 0.425781 0.983154
vt 0.963867 0.755615
vt 1.000000 0.777100
vt 0.960938 0.761719
vt 0.940186 0.758057
vt 0.961670 0.750244
vt 0.990479 0.760742
vt 0.965820 0.750244
vt 0.967041 0.723389
vt 0.951660 0.720215
vt 0.970703 0.724609
vt 0.970947 0.718018
vt 0.975098 0.748535
vt 0.987549 0.750977
vt 0.992432 0.754150
vt 0.997314 0.727051
vt 0.979004 0.726807
vt 0.990967 0.727783
vt 0.997559 0.721436
vt 0.984619 0.718750
vt 0.973145 0.706787
vt 0.999023 0.710693
vt 0.262207 0.884277
vt 0.290039 0.903564
vt 0.240967 0.901611
vt 0.267090 0.921387
vt 0.275146 0.931641
vt 0.265137 0.928467
vt 0.253662 0.930908
vt 0.242188 0.918945
vt 0.245850 0.937744
vt 0.253906 0.943359
vt 0.220703 0.935791
vt 0.221191 0.917725
vt 0.219727 0.900391
vt 0.203369 0.917969
vt 0.200195 0.936523
vt 0.190186 0.925537
vt 0.241211 0.889160
vt 0.255127 0.879883
vt 0.270996 0.875732
vt 0.235840 0.876709
vt 0.250244 0.870117
vt 0.244385 0.851807
vt 0.218994 0.882324
vt 0.220703 0.858154
vt 0.234863 0.834229
vt 0.218994 0.837891
vt 0.201660 0.900635
vt 0.200439 0.879395
vt 0.200928 0.853271
vt 0.201904 0.835205
vt 0.218018 0.828857
vt 0.202881 0.828125
vt 0.184326 0.847412
vt 0.185791 0.876221
vt 0.186035 0.901367
vt 0.177490 0.873779
vt 0.175781 0.898682
vt 0.177002 0.849609
vt 0.177246 0.903564
vt 0.178955 0.846924
vt 0.166992 0.830322
vt 0.181885 0.844971
vt 0.177734 0.905762
vt 0.165527 0.908203
vt 0.183594 0.907715
vt 0.161621 0.919922
vt 0.158203 0.917725
vt 0.139160 0.929443
vt 0.161133 0.933105
vt 0.177246 0.949219
vt 0.127686 0.947510
vt 0.143311 0.956543
vt 0.898682 0.350830
vt 0.906250 0.348389
vt 0.913086 0.357422
vt 0.903076 0.358643
vt 0.912109 0.381104
vt 0.902832 0.380859
vt 0.894287 0.380371
vt 0.892090 0.418945
vt 0.902100 0.419189
vt 0.900879 0.458740
vt 0.912598 0.458008
vt 0.912109 0.418457
vt 0.923828 0.456787
vt 0.922363 0.417236
vt 0.935059 0.455811
vt 0.921387 0.380859
vt 0.932617 0.416748
vt 0.947998 0.455811
vt 0.930908 0.381592
vt 0.922852 0.359863
vt 0.925781 0.349121
vt 0.934570 0.354004
vt 0.932373 0.363281
vt 0.945068 0.356689
vt 0.938232 0.347412
vt 0.942627 0.366211
vt 0.954346 0.356689
vt 0.941895 0.382568
vt 0.952393 0.366211
vt 0.961426 0.356445
vt 0.962158 0.350586
vt 0.942871 0.416992
vt 0.953125 0.416504
vt 0.958984 0.455811
vt 0.966797 0.454346
vt 0.962402 0.416260
vt 0.960938 0.381348
vt 0.951660 0.382812
vt 0.960693 0.364502
vt 0.968262 0.360352
vt 0.144043 0.197754
vt 0.158936 0.209229
vt 0.147705 0.209717
vt 0.134033 0.195312
vt 0.159912 0.216797
vt 0.147217 0.217041
vt 0.153320 0.224121
vt 0.176270 0.214600
vt 0.162842 0.233643
vt 0.147217 0.230225
vt 0.179199 0.236084
vt 0.184814 0.235840
vt 0.184082 0.213135
vt 0.181396 0.262207
vt 0.163574 0.258789
vt 0.147949 0.256104
vt 0.145264 0.279053
vt 0.196289 0.237793
vt 0.194580 0.215088
vt 0.160889 0.279053
vt 0.154297 0.298096
vt 0.179443 0.281006
vt 0.215088 0.239014
vt 0.213135 0.213379
vt 0.199707 0.263428
vt 0.189941 0.285156
vt 0.172852 0.298828
vt 0.166992 0.311279
vt 0.149414 0.311523
vt 0.144531 0.322266
vt 0.160400 0.323975
vt 0.179199 0.300537
vt 0.173340 0.312744
vt 0.168213 0.326904
vt 0.176025 0.329102
vt 0.187744 0.307861
vt 0.196777 0.312500
vt 0.184814 0.330078
vt 0.202393 0.288574
vt 0.216309 0.293457
vt 0.218506 0.295410
vt 0.198486 0.314209
vt 0.231445 0.271240
vt 0.218994 0.266357
vt 0.233643 0.272949
vt 0.238770 0.254395
vt 0.234375 0.240234
vt 0.230957 0.213135
vt 0.243652 0.244141
vt 0.244873 0.237549
vt 0.243408 0.255615
vt 0.248291 0.246338
vt 0.260498 0.264160
vt 0.248047 0.279541
vt 0.263672 0.267822
vt 0.234131 0.302246
vt 0.250977 0.281982
vt 0.274170 0.279785
vt 0.238525 0.300537
vt 0.239258 0.311279
vt 0.240967 0.302979
vt 0.254150 0.291504
vt 0.275635 0.284180
vt 0.257324 0.293457
vt 0.243164 0.305664
vt 0.245361 0.306641
vt 0.261963 0.296631
vt 0.248535 0.309814
vt 0.278076 0.289062
vt 0.289551 0.287354
vt 0.264893 0.301758
vt 0.254150 0.315674
vt 0.279541 0.298096
vt 0.294678 0.297119
vt 0.301270 0.288086
vt 0.280762 0.303711
vt 0.270264 0.310791
vt 0.258057 0.319580
vt 0.310059 0.299561
vt 0.283203 0.311035
vt 0.270752 0.314941
vt 0.261719 0.323730
vt 0.283936 0.315186
vt 0.294678 0.311279
vt 0.272217 0.319336
vt 0.266602 0.328369
vt 0.276123 0.325928
vt 0.285400 0.319092
vt 0.298828 0.316895
vt 0.293701 0.303711
vt 0.307129 0.312500
vt 0.307861 0.302002
vt 0.314453 0.303223
vt 0.312988 0.316406
vt 0.328125 0.308350
vt 0.327637 0.305664
vt 0.323486 0.324951
vt 0.344238 0.312744
vt 0.339844 0.313721
vt 0.341553 0.328369
vt 0.348633 0.314941
vt 0.350586 0.324951
vt 0.809326 0.917480
vt 0.803711 0.905273
vt 0.842285 0.883057
vt 0.848877 0.897949
vt 0.881836 0.871582
vt 0.815186 0.927979
vt 0.883545 0.884277
vt 0.905762 0.882568
vt 0.906982 0.870850
vt 0.886475 0.896973
vt 0.853760 0.909424
vt 0.856934 0.919922
vt 0.819336 0.939941
vt 0.860840 0.928467
vt 0.821533 0.947266
vt 0.889404 0.908936
vt 0.906738 0.894531
vt 0.908691 0.903809
vt 0.911865 0.912598
vt 0.918701 0.883057
vt 0.921143 0.872803
vt 0.919678 0.902832
vt 0.924316 0.911377
vt 0.918457 0.893066
vt 0.929932 0.900146
vt 0.934570 0.906982
vt 0.937500 0.896973
vt 0.929199 0.892090
vt 0.929688 0.883789
vt 0.935547 0.891846
vt 0.931152 0.876465
vt 0.938232 0.884766
vt 0.927002 0.868164
vt 0.935059 0.872070
vt 0.937500 0.878906
vt 0.942627 0.875488
vt 0.942627 0.887695
vt 0.947510 0.890137
vt 0.123535 0.611816
vt 0.111572 0.632324
vt 0.117432 0.608154
vt 0.129395 0.599121
vt 0.122559 0.594482
vt 0.101074 0.626465
vt 0.092529 0.666504
vt 0.110840 0.604736
vt 0.114990 0.592041
vt 0.124268 0.585205
vt 0.104980 0.589111
vt 0.116699 0.583008
vt 0.123779 0.578613
vt 0.117188 0.578125
vt 0.111084 0.572510
vt 0.107666 0.579590
vt 0.104004 0.572754
vt 0.103760 0.569336
vt 0.096680 0.575195
vt 0.095215 0.586670
vt 0.091064 0.597412
vt 0.100830 0.601562
vt 0.091553 0.621338
vt 0.082275 0.615967
vt 0.075195 0.610352
vt 0.058105 0.639893
vt 0.069092 0.648926
vt 0.030762 0.670166
vt 0.037842 0.677490
vt 0.005127 0.698486
vt 0.047607 0.685059
vt 0.080322 0.658447
vt 0.063477 0.698975
vt 0.050537 0.978760
vt 0.030762 0.983154
vt 0.045166 0.963623
vt 0.058105 0.960449
vt 0.063965 0.975830
vt 0.026611 0.967773
vt 0.011230 0.996094
vt 0.040527 0.945801
vt 0.074463 0.957520
vt 0.079834 0.973633
vt 0.092041 0.956055
vt 0.092529 0.973877
vt 0.106201 0.963379
vt 0.087158 0.936768
vt 0.102783 0.934082
vt 0.069824 0.940430
vt 0.053711 0.943359
vt 0.094238 0.920654
vt 0.105225 0.930420
vt 0.078369 0.916748
vt 0.063477 0.920410
vt 0.048096 0.923828
vt 0.056885 0.902100
vt 0.042725 0.904541
vt 0.069824 0.899902
vt 0.035645 0.924805
vt 0.031738 0.905029
vt 0.072510 0.885010
vt 0.072998 0.884521
vt 0.071045 0.898193
vt 0.081543 0.910889
vt 0.083496 0.908691
vt 0.095703 0.918701
vt 0.098877 0.913330
vt 0.094727 0.900391
vt 0.100342 0.918457
vt 0.105713 0.907959
vt 0.104492 0.916260
vt 0.110107 0.929199
vt 0.109131 0.913330
vt 0.104980 0.911377
vt 0.117188 0.902100
vt 0.119629 0.903809
vt 0.632812 0.496338
vt 0.662109 0.491699
vt 0.660400 0.507568
vt 0.675293 0.492920
vt 0.677490 0.501465
vt 0.694336 0.489990
vt 0.688721 0.509521
vt 0.650635 0.526855
vt 0.628174 0.514648
vt 0.674561 0.528076
vt 0.644775 0.549316
vt 0.623535 0.541016
vt 0.671387 0.550049
vt 0.667725 0.559814
vt 0.672607 0.561523
vt 0.699707 0.536865
vt 0.697510 0.557129
vt 0.697754 0.566895
vt 0.706299 0.517334
vt 0.725098 0.562744
vt 0.724121 0.546875
vt 0.735107 0.571777
vt 0.727783 0.528076
vt 0.718994 0.497803
vt 0.702148 0.491943
vt 0.721191 0.456543
vt 0.724609 0.458984
vt 0.738037 0.440430
vt 0.736572 0.465088
vt 0.748291 0.441162
vt 0.742432 0.503418
vt 0.741943 0.531250
vt 0.757080 0.470459
vt 0.767822 0.447510
vt 0.735352 0.548340
vt 0.747803 0.534180
vt 0.744385 0.552002
vt 0.738037 0.566650
vt 0.744385 0.569336
vt 0.752686 0.574707
vt 0.745117 0.584229
vt 0.752930 0.592529
vt 0.746582 0.603027
vt 0.739746 0.599609
vt 0.736816 0.599854
vt 0.753906 0.608154
vt 0.763672 0.599121
vt 0.751953 0.623047
vt 0.751221 0.624756
vt 0.749023 0.625732
vt 0.759277 0.626465
vt 0.764648 0.639893
vt 0.767578 0.638184
vt 0.765137 0.628906
vt 0.767090 0.612305
vt 0.022705 0.948730
vt 0.005127 0.972656
vt 0.018555 0.926025
vt 0.002441 0.944580
vt 0.014160 0.906250
vt 0.000000 0.915771
vt 0.758057 0.016357
vt 0.766846 0.032471
vt 0.732666 0.043457
vt 0.749268 0.000000
vt 0.603760 0.038574
vt 0.614502 0.005127
vt 0.634033 0.036133
vt 0.917725 0.013672
vt 0.923828 0.002197
vt 0.934326 0.019531
vt 0.934570 0.000244
vt 0.916504 0.024902
vt 0.937500 0.020020
vt 0.927490 0.031982
vt 0.908936 0.038086
vt 0.930908 0.032959
vt 0.920410 0.044189
vt 0.943359 0.024414
vt 0.946045 0.012939
vt 0.947510 0.013672
vt 0.946533 0.025146
vt 0.949707 0.013428
vt 0.938965 0.040283
vt 0.944336 0.041748
vt 0.949951 0.024902
vt 0.954346 0.011963
vt 0.950439 0.040039
vt 0.933105 0.059814
vt 0.924072 0.045410
vt 0.921875 0.066895
vt 0.914551 0.057617
vt 0.911865 0.056641
vt 0.943115 0.056396
vt 0.951172 0.052979
vt 0.947510 0.068604
vt 0.955811 0.068359
vt 0.957275 0.038086
vt 0.964111 0.062256
vt 0.971436 0.077881
vt 0.971924 0.073730
vt 0.985352 0.062744
vt 0.959473 0.049316
vt 0.967285 0.045654
vt 0.979736 0.052490
vt 0.990723 0.065430
vt 0.975586 0.041748
vt 0.990479 0.047852
vt 0.983154 0.037354
vt 0.971191 0.032227
vt 0.964600 0.034668
vt 0.975586 0.028809
vt 0.980957 0.026611
vt 0.966064 0.019775
vt 0.955078 0.023926
vt 0.964600 0.008301
vt 0.970947 0.006592
vt 0.971680 0.017334
vt 0.977051 0.003174
vt 0.977539 0.015137
vt 0.984619 0.010742
vt 0.984619 0.000244
vt 0.985840 0.022217
vt 0.519043 0.776611
vt 0.513916 0.791016
vt 0.512695 0.774658
vt 0.508301 0.789795
vt 0.512207 0.801025
vt 0.536133 0.793701
vt 0.542725 0.808594
vt 0.505859 0.801758
vt 0.524902 0.806885
vt 0.490479 0.778809
vt 0.490479 0.762695
vt 0.490967 0.791992
vt 0.483643 0.776611
vt 0.484619 0.762207
vt 0.486084 0.791016
vt 0.465332 0.776855
vt 0.461670 0.745850
vt 0.487305 0.802734
vt 0.524170 0.806641
vt 0.506836 0.805176
vt 0.489746 0.806641
vt 0.516357 0.815918
vt 0.480957 0.810303
vt 0.483154 0.800293
vt 0.475098 0.803711
vt 0.477051 0.807373
vt 0.477295 0.817383
vt 0.481201 0.817627
vt 0.463867 0.807129
vt 0.466064 0.821289
vt 0.459717 0.799805
vt 0.439941 0.781250
vt 0.448242 0.814697
vt 0.443604 0.801025
vt 0.465576 0.824463
vt 0.443848 0.797363
vt 0.448730 0.817871
vt 0.441895 0.824951
vt 0.429199 0.812256
vt 0.428223 0.809814
vt 0.423828 0.790771
vt 0.423340 0.794434
vt 0.408936 0.807373
vt 0.398926 0.792480
vt 0.416504 0.779785
vt 0.401367 0.788086
vt 0.436523 0.753662
vt 0.413818 0.756104
vt 0.436035 0.742920
vt 0.461914 0.739502
vt 0.378662 0.788818
vt 0.384277 0.803223
vt 0.413330 0.746826
vt 0.380127 0.785156
vt 0.434082 0.725586
vt 0.447998 0.710449
vt 0.414307 0.730469
vt 0.414551 0.709473
vt 0.388428 0.745850
vt 0.387207 0.756104
vt 0.390137 0.729248
vt 0.389160 0.708740
vt 0.365723 0.707764
vt 0.367188 0.727783
vt 0.339600 0.714600
vt 0.365234 0.744629
vt 0.346191 0.736816
vt 0.328857 0.724121
vt 0.343750 0.747314
vt 0.364258 0.754883
vt 0.315918 0.713379
vt 0.307129 0.719482
vt 0.323730 0.733887
vt 0.295898 0.739014
vt 0.284424 0.729736
vt 0.286377 0.728516
vt 0.292969 0.743896
vt 0.315674 0.754395
vt 0.335693 0.770508
vt 0.312012 0.760498
vt 0.275146 0.731934
vt 0.289062 0.747559
vt 0.357910 0.780029
vt 0.333252 0.775391
vt 0.356689 0.783936
vt 0.347900 0.803711
vt 0.323730 0.793457
vt 0.298584 0.783203
vt 0.320068 0.798096
vt 0.340576 0.806641
vt 0.341064 0.809326
vt 0.314941 0.807861
vt 0.317871 0.815186
vt 0.295898 0.789307
vt 0.294922 0.812256
vt 0.302979 0.821045
vt 0.279785 0.817627
vt 0.291016 0.826660
vt 0.271973 0.795166
vt 0.260498 0.803223
vt 0.277100 0.781494
vt 0.274170 0.774658
vt 0.259277 0.797363
vt 0.243896 0.805176
vt 0.268066 0.789307
vt 0.242920 0.783691
vt 0.229980 0.795898
vt 0.237305 0.780762
vt 0.249756 0.775879
vt 0.243652 0.774170
vt 0.226807 0.769043
vt 0.212158 0.779053
vt 0.244141 0.768311
vt 0.250244 0.768066
vt 0.246582 0.760986
vt 0.211426 0.755371
vt 0.240479 0.755615
vt 0.244141 0.753174
vt 0.250244 0.754639
vt 0.252930 0.761475
vt 0.259033 0.759521
vt 0.268066 0.742188
vt 0.277588 0.770508
vt 0.566162 0.348389
vt 0.563721 0.332031
vt 0.582764 0.331787
vt 0.580078 0.362061
vt 0.562744 0.352051
vt 0.562744 0.333252
vt 0.597412 0.342773
vt 0.587402 0.363037
vt 0.578369 0.366699
vt 0.558105 0.339111
vt 0.560303 0.353760
vt 0.594971 0.355469
vt 0.589355 0.368164
vt 0.573730 0.366943
vt 0.569336 0.381592
vt 0.572998 0.383789
vt 0.562012 0.390381
vt 0.585205 0.383301
vt 0.598145 0.385742
vt 0.596191 0.391602
vt 0.608154 0.393066
vt 0.584961 0.387451
vt 0.592773 0.411377
vt 0.618164 0.417480
vt 0.574707 0.387939
vt 0.568115 0.395996
vt 0.564941 0.408691
vt 0.587402 0.433594
vt 0.607178 0.442139
vt 0.566650 0.426514
vt 0.558350 0.407715
vt 0.562988 0.394775
vt 0.548584 0.389648
vt 0.547363 0.393066
vt 0.534180 0.384033
vt 0.525391 0.373291
vt 0.522217 0.360840
vt 0.531250 0.387207
vt 0.522705 0.374512
vt 0.520996 0.384766
vt 0.509033 0.383789
vt 0.528809 0.389648
vt 0.534912 0.396240
vt 0.517822 0.389160
vt 0.506592 0.391602
vt 0.523438 0.392578
vt 0.529053 0.398438
vt 0.536133 0.409668
vt 0.505127 0.418457
vt 0.482910 0.405762
vt 0.495117 0.433105
vt 0.524414 0.440186
vt 0.512695 0.451172
vt 0.529297 0.411621
vt 0.535889 0.465820
vt 0.534912 0.428467
vt 0.536865 0.448730
vt 0.539551 0.428223
vt 0.541748 0.448486
vt 0.561523 0.427002
vt 0.562256 0.447754
vt 0.542236 0.469238
vt 0.542725 0.489258
vt 0.538330 0.487549
vt 0.564941 0.467773
vt 0.566895 0.446777
vt 0.566162 0.486816
vt 0.566650 0.507080
vt 0.544434 0.510742
vt 0.580078 0.455566
vt 0.568848 0.466797
vt 0.569824 0.486572
vt 0.566406 0.487305
vt 0.598389 0.461914
vt 0.570068 0.507080
vt 0.605713 0.464355
vt 0.613281 0.445557
vt 0.619385 0.467285
vt 0.618164 0.489258
vt 0.603516 0.486328
vt 0.595703 0.485352
vt 0.591797 0.507324
vt 0.600586 0.508789
vt 0.615479 0.511230
vt 0.602295 0.528320
vt 0.618896 0.539795
vt 0.606934 0.546387
vt 0.593506 0.528320
vt 0.574707 0.529785
vt 0.597900 0.548096
vt 0.605469 0.566650
vt 0.581543 0.551758
vt 0.589844 0.573486
vt 0.570312 0.530518
vt 0.547119 0.535156
vt 0.552002 0.559570
vt 0.587158 0.574219
vt 0.593018 0.588379
vt 0.576416 0.553955
vt 0.581787 0.576660
vt 0.558350 0.583008
vt 0.587158 0.595947
vt 0.563232 0.603271
vt 0.566895 0.609131
vt 0.265869 0.228760
vt 0.265381 0.214111
vt 0.286133 0.215088
vt 0.286133 0.229248
vt 0.285400 0.237061
vt 0.289551 0.234863
vt 0.306152 0.233398
vt 0.306396 0.229492
vt 0.324219 0.235352
vt 0.324707 0.230225
vt 0.333252 0.233154
vt 0.306396 0.215332
vt 0.326172 0.218994
vt 0.352539 0.224609
vt 0.351562 0.215820
vt 0.306641 0.208252
vt 0.327148 0.210205
vt 0.350830 0.206543
vt 0.372314 0.199707
vt 0.327637 0.198730
vt 0.350342 0.195312
vt 0.285645 0.205566
vt 0.307617 0.199463
vt 0.266113 0.206299
vt 0.248047 0.212158
vt 0.287598 0.199707
vt 0.266602 0.200195
vt 0.250000 0.202393
vt 0.235596 0.208496
vt 0.235352 0.200928
vt 0.328125 0.187988
vt 0.308105 0.191162
vt 0.235107 0.192627
vt 0.348145 0.182861
vt 0.250977 0.194336
vt 0.287598 0.192871
vt 0.266602 0.194092
vt 0.250244 0.185791
vt 0.265137 0.184326
vt 0.286865 0.182129
vt 0.327148 0.180664
vt 0.345947 0.173828
vt 0.325684 0.172852
vt 0.307129 0.180176
vt 0.305664 0.168457
vt 0.266357 0.176270
vt 0.286377 0.169922
vt 0.285156 0.161377
vt 0.323730 0.164551
vt 0.304443 0.159424
vt 0.339844 0.153564
vt 0.322510 0.155273
vt 0.302979 0.151855
vt 0.343262 0.164795
vt 0.358398 0.154541
vt 0.337158 0.143799
vt 0.355469 0.145020
vt 0.363281 0.167480
vt 0.366943 0.178711
vt 0.380371 0.159180
vt 0.374756 0.147461
vt 0.383789 0.167480
vt 0.369385 0.188965
vt 0.387451 0.175537
vt 0.401855 0.163818
vt 0.398926 0.157715
vt 0.396973 0.149658
vt 0.390137 0.138916
vt 0.385742 0.132080
vt 0.370605 0.138428
vt 0.368408 0.131836
vt 0.383301 0.125000
vt 0.379883 0.117920
vt 0.353760 0.137695
vt 0.364258 0.124023
vt 0.368896 0.091064
vt 0.350342 0.131836
vt 0.354492 0.097656
vt 0.353271 0.093994
vt 0.367432 0.086670
vt 0.341553 0.102295
vt 0.340332 0.098389
vt 0.345947 0.082520
vt 0.361572 0.076416
vt 0.357910 0.071533
vt 0.342529 0.078125
vt 0.329102 0.082520
vt 0.349365 0.129150
vt 0.328125 0.106201
vt 0.334473 0.133789
vt 0.335205 0.136719
vt 0.318115 0.137451
vt 0.319092 0.139893
vt 0.320312 0.146973
vt 0.302002 0.144531
vt 0.300537 0.141602
vt 0.282471 0.146729
vt 0.282227 0.143555
vt 0.295654 0.113037
vt 0.312744 0.109375
vt 0.327148 0.103027
vt 0.333252 0.086914
vt 0.317383 0.085205
vt 0.327393 0.068359
vt 0.321533 0.091553
vt 0.311768 0.106201
vt 0.295166 0.109619
vt 0.306885 0.095703
vt 0.277344 0.111816
vt 0.312256 0.089844
vt 0.291504 0.099365
vt 0.304688 0.091553
vt 0.290039 0.094727
vt 0.303467 0.088135
vt 0.323486 0.069580
vt 0.314697 0.082764
vt 0.302734 0.086670
vt 0.309570 0.064453
vt 0.298096 0.067383
vt 0.288574 0.089844
vt 0.289307 0.091309
vt 0.283447 0.070557
vt 0.272949 0.093994
vt 0.273682 0.097656
vt 0.272705 0.092285
vt 0.267090 0.074219
vt 0.282471 0.068848
vt 0.266846 0.072510
vt 0.274658 0.101807
vt 0.257568 0.103516
vt 0.251221 0.074219
vt 0.250977 0.067383
vt 0.257812 0.094727
vt 0.251709 0.076660
vt 0.237549 0.079102
vt 0.237549 0.076416
vt 0.244629 0.096924
vt 0.225342 0.081299
vt 0.257812 0.096191
vt 0.231445 0.098633
vt 0.214600 0.084473
vt 0.244385 0.098877
vt 0.257568 0.099609
vt 0.220459 0.099609
vt 0.206787 0.098145
vt 0.220947 0.101318
vt 0.231934 0.100098
vt 0.244141 0.100830
vt 0.244385 0.104736
vt 0.231201 0.105469
vt 0.218750 0.105957
vt 0.202881 0.103516
vt 0.202393 0.115723
vt 0.216797 0.117188
vt 0.202393 0.120361
vt 0.230469 0.117188
vt 0.216553 0.121582
vt 0.245117 0.115479
vt 0.229980 0.120605
vt 0.217773 0.150879
vt 0.201904 0.149170
vt 0.260254 0.113281
vt 0.245361 0.119141
vt 0.278076 0.115234
vt 0.260742 0.116943
vt 0.248535 0.148193
vt 0.264404 0.145996
vt 0.233887 0.151123
vt 0.265137 0.150391
vt 0.249023 0.152100
vt 0.233398 0.153564
vt 0.264648 0.158447
vt 0.249512 0.159180
vt 0.218262 0.158936
vt 0.201660 0.157227
vt 0.203369 0.166016
vt 0.283691 0.154541
vt 0.265869 0.167725
vt 0.250244 0.168701
vt 0.250732 0.177734
vt 0.233398 0.160400
vt 0.233887 0.166016
vt 0.218994 0.165283
vt 0.219482 0.174072
vt 0.202393 0.174561
vt 0.235107 0.174805
vt 0.234619 0.184814
vt 0.219727 0.183350
vt 0.203369 0.185303
vt 0.203857 0.190918
vt 0.219971 0.190674
vt 0.203125 0.197510
vt 0.220459 0.198975
vt 0.122314 0.035156
vt 0.140381 0.025391
vt 0.136475 0.042480
vt 0.126465 0.017334
vt 0.106445 0.024902
vt 0.108643 0.049316
vt 0.122070 0.060791
vt 0.103516 0.055176
vt 0.093018 0.036621
vt 0.086914 0.041016
vt 0.084229 0.068604
vt 0.069336 0.056885
vt 0.088623 0.026611
vt 0.089600 0.019531
vt 0.093750 0.005371
vt 0.082764 0.028564
vt 0.059082 0.041748
vt 0.061768 0.056396
vt 0.055664 0.069092
vt 0.052002 0.043945
vt 0.038818 0.067139
vt 0.057617 0.022705
vt 0.083252 0.019287
vt 0.038330 0.006104
vt 0.057129 0.018799
vt 0.076904 0.007080
vt 0.081543 0.011475
vt 0.082764 0.005859
vt 0.087402 0.011230
vt 0.089600 0.002197
vt 0.452637 0.029053
vt 0.469971 0.005127
vt 0.475586 0.045166
vt 0.929688 0.614502
vt 0.920410 0.638184
vt 0.921387 0.609375
vt 0.946777 0.602539
vt 0.885254 0.632324
vt 0.886230 0.611328
vt 0.913574 0.581299
vt 0.861084 0.630615
vt 0.877441 0.590332
vt 0.861328 0.611816
vt 0.854736 0.593506
vt 0.833008 0.580811
vt 0.842285 0.594971
vt 0.848633 0.613037
vt 0.849609 0.629883
vt 0.840576 0.645020
vt 0.833252 0.623291
vt 0.834229 0.633789
vt 0.326904 0.875488
vt 0.317383 0.878906
vt 0.326660 0.869873
vt 0.314941 0.873535
vt 0.297607 0.881348
vt 0.339600 0.867188
vt 0.341553 0.870361
vt 0.327393 0.867188
vt 0.313721 0.870850
vt 0.301270 0.874756
vt 0.291504 0.877197
vt 0.288818 0.872559
vt 0.355225 0.871582
vt 0.356934 0.878418
vt 0.368652 0.889160
vt 0.376709 0.879395
vt 0.376465 0.875244
vt 0.395752 0.887451
vt 0.394531 0.881348
vt 0.340332 0.865479
vt 0.356201 0.869141
vt 0.327637 0.864258
vt 0.340332 0.863037
vt 0.356201 0.865234
vt 0.375000 0.868408
vt 0.313965 0.866211
vt 0.328125 0.859619
vt 0.303223 0.869141
vt 0.314453 0.860840
vt 0.303711 0.863281
vt 0.290283 0.866699
vt 0.339844 0.857422
vt 0.327393 0.853516
vt 0.355225 0.858643
vt 0.339355 0.852295
vt 0.326660 0.847900
vt 0.372559 0.858643
vt 0.353027 0.849121
vt 0.351562 0.842285
vt 0.392822 0.871826
vt 0.407715 0.874756
vt 0.388916 0.859131
vt 0.403809 0.860352
vt 0.425049 0.869141
vt 0.385742 0.849121
vt 0.371094 0.848877
vt 0.382324 0.836426
vt 0.368652 0.840576
vt 0.350098 0.835205
vt 0.396729 0.839111
vt 0.338623 0.845947
vt 0.337402 0.839111
vt 0.324707 0.840820
vt 0.336426 0.834473
vt 0.312744 0.842529
vt 0.323242 0.831055
vt 0.335693 0.828857
vt 0.322510 0.823975
vt 0.334961 0.822021
vt 0.311279 0.834961
vt 0.311768 0.828613
vt 0.301514 0.829590
vt 0.348877 0.827393
vt 0.347656 0.821533
vt 0.334717 0.817627
vt 0.366699 0.832764
vt 0.364990 0.826172
vt 0.362793 0.819336
vt 0.375488 0.816406
vt 0.378174 0.824219
vt 0.380615 0.830078
vt 0.392822 0.816650
vt 0.396240 0.827637
vt 0.403320 0.836914
vt 0.411865 0.831299
vt 0.407959 0.822998
vt 0.404053 0.840332
vt 0.422607 0.820312
vt 0.401123 0.855469
vt 0.409912 0.855225
vt 0.414307 0.834229
vt 0.422607 0.826660
vt 0.427246 0.824707
vt 0.421631 0.852783
vt 0.424072 0.828369
vt 0.422363 0.855713
vt 0.432617 0.848145
vt 0.437988 0.843018
vt 0.448975 0.835938
vt 0.455078 0.849365
vt 0.437012 0.849854
vt 0.440918 0.865234
vt 0.292725 0.850098
vt 0.282959 0.848389
vt 0.303955 0.851807
vt 0.291260 0.842041
vt 0.277344 0.840088
vt 0.279297 0.830811
vt 0.291504 0.833008
vt 0.302734 0.843750
vt 0.313721 0.850342
vt 0.184326 0.958008
vt 0.190430 0.974854
vt 0.180420 0.978027
vt 0.175537 0.961914
vt 0.168213 0.968262
vt 0.171875 0.958496
vt 0.181641 0.954834
vt 0.190186 0.941162
vt 0.804199 0.065674
vt 0.811523 0.067383
vt 0.815918 0.088623
vt 0.823486 0.085938
vt 0.818848 0.054932
vt 0.792969 0.087891
vt 0.820801 0.111572
vt 0.798584 0.108887
vt 0.811768 0.137451
vt 0.818359 0.138672
vt 0.827148 0.112061
vt 0.823975 0.138672
vt 0.844238 0.087891
vt 0.841797 0.061279
vt 0.862793 0.062744
vt 0.844727 0.113770
vt 0.843262 0.138916
vt 0.833252 0.165283
vt 0.860107 0.088135
vt 0.879150 0.087646
vt 0.860107 0.112061
vt 0.884277 0.062744
vt 0.845459 0.163818
vt 0.832764 0.188232
vt 0.861572 0.138428
vt 0.863037 0.162109
vt 0.843506 0.183350
vt 0.832031 0.201416
vt 0.878662 0.111816
vt 0.881836 0.136230
vt 0.869629 0.187744
vt 0.852539 0.202393
vt 0.889160 0.158203
vt 0.897217 0.184814
vt 0.877930 0.199951
vt 0.901611 0.198242
vt 0.911621 0.185303
vt 0.907959 0.173096
vt 0.907959 0.153564
vt 0.915771 0.168701
vt 0.920654 0.180908
vt 0.925537 0.179443
vt 0.922119 0.162598
vt 0.930176 0.177979
vt 0.935303 0.171387
vt 0.932861 0.146240
vt 0.917480 0.136230
vt 0.900879 0.134766
vt 0.898193 0.111572
vt 0.935547 0.130371
vt 0.946533 0.143066
vt 0.922363 0.120850
vt 0.915283 0.111328
vt 0.897949 0.088623
vt 0.908691 0.065186
vt 0.926758 0.081055
vt 0.913086 0.092285
vt 0.923828 0.100098
vt 0.923828 0.106201
vt 0.935547 0.100098
vt 0.931396 0.090820
vt 0.939209 0.072510
vt 0.940186 0.082031
vt 0.945068 0.083496
vt 0.937988 0.093262
vt 0.941162 0.098877
vt 0.297607 0.716553
vt 0.261963 0.727539
vt 0.300781 0.686279
vt 0.335938 0.683838
vt 0.258789 0.705322
vt 0.230957 0.724365
vt 0.237549 0.708008
vt 0.198242 0.741943
vt 0.212402 0.712891
vt 0.229492 0.694580
vt 0.206055 0.705322
vt 0.253906 0.687012
vt 0.216309 0.677002
vt 0.195801 0.684326
vt 0.204102 0.661865
vt 0.188721 0.668701
vt 0.218506 0.649658
vt 0.237793 0.666504
vt 0.234375 0.631104
vt 0.261230 0.650635
vt 0.250977 0.610352
vt 0.283936 0.672607
vt 0.280029 0.634277
vt 0.302246 0.667969
vt 0.278564 0.609131
vt 0.262207 0.592041
vt 0.280762 0.594238
vt 0.301758 0.605225
vt 0.288330 0.590820
vt 0.297119 0.574219
vt 0.306152 0.638184
vt 0.335938 0.645752
vt 0.308350 0.582031
vt 0.297119 0.561523
vt 0.321289 0.611572
vt 0.324707 0.584473
vt 0.307129 0.562012
vt 0.316406 0.563721
vt 0.325684 0.560547
vt 0.333496 0.559570
vt 0.338623 0.583496
vt 0.347412 0.555664
vt 0.338135 0.612305
vt 0.354980 0.579590
vt 0.366699 0.572510
vt 0.359375 0.548828
vt 0.357910 0.608154
vt 0.377197 0.601074
vt 0.376953 0.559326
vt 0.363037 0.640625
vt 0.386475 0.590088
vt 0.386719 0.553711
vt 0.379883 0.541504
vt 0.390869 0.577393
vt 0.395508 0.562744
vt 0.401367 0.562988
vt 0.399658 0.578857
vt 0.412354 0.552246
vt 0.397949 0.595947
vt 0.408691 0.576416
vt 0.420166 0.568359
vt 0.412354 0.588379
vt 0.425293 0.580322
vt 0.423096 0.602539
vt 0.435059 0.587646
vt 0.452393 0.595947
vt 0.444092 0.612305
vt 0.464844 0.621338
vt 0.397949 0.621338
vt 0.428955 0.632568
vt 0.379883 0.631836
vt 0.389648 0.669189
vt 0.407959 0.671387
vt 0.363525 0.671143
vt 0.333984 0.673828
vt 0.335449 0.679688
vt 0.363770 0.677490
vt 0.363037 0.682129
vt 0.387207 0.681152
vt 0.388184 0.684082
vt 0.410400 0.688477
vt 0.419922 0.684814
vt 0.423828 0.681396
vt 0.415039 0.671631
vt 0.431396 0.639648
vt 0.443359 0.644531
vt 0.446045 0.639893
vt 0.485352 0.631836
vt 0.454102 0.694580
vt 0.447998 0.705078
vt 0.452637 0.687988
vt 0.470215 0.657959
vt 0.472656 0.654541
vt 0.506348 0.645996
vt 0.477295 0.712891
vt 0.497314 0.682861
vt 0.499268 0.678223
vt 0.519775 0.659180
vt 0.529053 0.679443
vt 0.526367 0.700195
vt 0.544922 0.691406
vt 0.544922 0.715820
vt 0.561279 0.705322
vt 0.520508 0.700195
vt 0.508057 0.722656
vt 0.506592 0.717041
vt 0.483398 0.704346
vt 0.535156 0.732910
vt 0.481201 0.706543
vt 0.509277 0.730225
vt 0.531738 0.740723
vt 0.507080 0.731689
vt 0.476807 0.716309
vt 0.528320 0.743408
vt 0.571289 0.759521
vt 0.482666 0.471680
vt 0.493164 0.481201
vt 0.479980 0.520020
vt 0.509766 0.474365
vt 0.528076 0.479492
vt 0.504883 0.502441
vt 0.482178 0.452393
vt 0.462646 0.466797
vt 0.469238 0.492920
vt 0.439209 0.500000
vt 0.424561 0.476562
vt 0.412354 0.484863
vt 0.514648 0.530762
vt 0.532471 0.514648
vt 0.418213 0.501709
vt 0.382812 0.499268
vt 0.374268 0.484375
vt 0.337402 0.504883
vt 0.389404 0.512207
vt 0.426270 0.517090
vt 0.443359 0.520508
vt 0.350586 0.515381
vt 0.338623 0.515381
vt 0.322754 0.512207
vt 0.339111 0.520996
vt 0.357422 0.523438
vt 0.356445 0.531250
vt 0.392334 0.520264
vt 0.394287 0.526611
vt 0.422607 0.526611
vt 0.416748 0.533936
vt 0.406982 0.537354
vt 0.416992 0.546631
vt 0.432129 0.543457
vt 0.441650 0.534912
vt 0.452637 0.562500
vt 0.465820 0.536377
vt 0.483643 0.555664
vt 0.495605 0.547852
vt 0.519531 0.548096
vt 0.537598 0.543701
vt 0.539062 0.581055
vt 0.503418 0.560059
vt 0.496826 0.569092
vt 0.489502 0.576660
vt 0.514160 0.594238
vt 0.524658 0.590332
vt 0.484375 0.587158
vt 0.555420 0.624756
vt 0.570068 0.625244
vt 0.479004 0.598389
vt 0.445557 0.585449
vt 0.504150 0.613281
vt 0.496094 0.624268
vt 0.520996 0.645752
vt 0.557373 0.645996
vt 0.509277 0.602539
vt 0.522217 0.633057
vt 0.530029 0.653320
vt 0.541748 0.624023
vt 0.533203 0.643799
vt 0.526855 0.624756
vt 0.546387 0.655762
vt 0.567383 0.662598
vt 0.535889 0.638916
vt 0.533447 0.624512
vt 0.541504 0.639893
vt 0.547363 0.637695
vt 0.591797 0.096680
vt 0.594727 0.115479
vt 0.574951 0.110840
vt 0.572998 0.091064
vt 0.554688 0.109619
vt 0.592285 0.069824
vt 0.548828 0.092285
vt 0.573975 0.069580
vt 0.572998 0.051025
vt 0.589600 0.049561
vt 0.570557 0.032715
vt 0.586670 0.028809
vt 0.553223 0.035645
vt 0.552490 0.051758
vt 0.545654 0.033936
vt 0.551514 0.070557
vt 0.536133 0.091064
vt 0.544678 0.050293
vt 0.525146 0.029541
vt 0.522705 0.044434
vt 0.541260 0.070068
vt 0.506104 0.027100
vt 0.509277 0.076172
vt 0.502930 0.089355
vt 0.517334 0.059814
vt 0.479980 0.076416
vt 0.485840 0.062012
vt 0.495605 0.047363
vt 0.481445 0.048340
vt 0.501953 0.036133
vt 0.494629 0.027832
vt 0.489502 0.045410
vt 0.490723 0.040283
vt 0.486572 0.035889
vt 0.495605 0.034912
vt 0.648926 0.922852
vt 0.662109 0.913330
vt 0.668701 0.930908
vt 0.661865 0.945557
vt 0.673584 0.956055
vt 0.679688 0.945557
vt 0.656006 0.960205
vt 0.681152 0.959717
vt 0.686279 0.949219
vt 0.666992 0.965820
vt 0.640381 0.971680
vt 0.705811 0.957764
vt 0.660400 0.977783
vt 0.702393 0.968994
vt 0.676025 0.969482
vt 0.726562 0.966064
vt 0.671143 0.980469
vt 0.653076 0.996338
vt 0.665527 0.998779
vt 0.697266 0.990967
vt 0.698486 0.979492
vt 0.720947 0.984131
vt 0.723877 0.994141
vt 0.723389 0.975098
vt 0.736816 0.971924
vt 0.730713 0.978760
vt 0.731689 0.985596
vt 0.740234 0.980957
vt 0.739990 0.992676
vt 0.730957 0.991211
vt 0.735840 1.000000
vt 0.957275 0.614502
vt 0.980469 0.628174
vt 0.966064 0.631836
vt 0.974121 0.635498
vt 0.992920 0.638184
vt 0.957764 0.630127
vt 0.966797 0.638672
vt 0.980225 0.641357
vt 0.988770 0.658936
vt 0.975098 0.649414
vt 0.971436 0.672363
vt 0.949219 0.629395
vt 0.931641 0.627197
vt 0.966797 0.652832
vt 0.958984 0.637939
vt 0.950928 0.636963
vt 0.942871 0.634521
vt 0.935303 0.654785
vt 0.917725 0.668701
vt 0.945312 0.647461
vt 0.957031 0.652588
vt 0.953613 0.672852
vt 0.941162 0.688477
vt 0.976807 0.694336
vt 0.500488 0.846680
vt 0.514160 0.837891
vt 0.529785 0.858643
vt 0.540283 0.826904
vt 0.511719 0.877930
vt 0.510986 0.853516
vt 0.531982 0.889160
vt 0.556885 0.868408
vt 0.555664 0.801514
vt 0.580078 0.824707
vt 0.568604 0.845459
vt 0.592529 0.833008
vt 0.580811 0.851562
vt 0.620850 0.852051
vt 0.609375 0.869385
vt 0.647705 0.871582
vt 0.570068 0.874268
vt 0.567139 0.886719
vt 0.633057 0.888672
vt 0.642334 0.898438
vt 0.598145 0.887695
vt 0.593750 0.897217
vt 0.622559 0.901123
vt 0.634766 0.905762
vt 0.645996 0.916260
vt 0.618896 0.909668
vt 0.633301 0.914062
vt 0.628662 0.919922
vt 0.632568 0.927979
vt 0.614990 0.917725
vt 0.612061 0.926758
vt 0.590088 0.905762
vt 0.586914 0.916748
vt 0.564941 0.897705
vt 0.554199 0.894531
vt 0.555420 0.882080
vt 0.529053 0.903809
vt 0.503662 0.891113
vt 0.512939 0.883545
vt 0.560791 0.903564
vt 0.562988 0.918457
vt 0.534668 0.925537
vt 0.530762 0.911377
vt 0.561768 0.936768
vt 0.523682 0.931396
vt 0.518799 0.916748
vt 0.536621 0.942383
vt 0.562256 0.957520
vt 0.576416 0.962158
vt 0.564941 0.974609
vt 0.591797 0.994873
vt 0.539062 0.960938
vt 0.541260 0.975342
vt 0.530518 0.975342
vt 0.526611 0.945312
vt 0.528809 0.962402
vt 0.505615 0.967529
vt 0.502197 0.951416
vt 0.496826 0.938477
vt 0.490234 0.927979
vt 0.471680 0.950439
vt 0.464844 0.941650
vt 0.478516 0.961426
vt 0.480225 0.975830
vt 0.458984 0.952148
vt 0.449463 0.953613
vt 0.455078 0.966309
vt 0.461670 0.957764
vt 0.466797 0.963623
vt 0.464355 0.973633
vt 0.840332 0.529541
vt 0.865234 0.576416
vt 0.839111 0.555664
vt 0.826416 0.525391
vt 0.821533 0.550049
vt 0.810303 0.528076
vt 0.836670 0.500977
vt 0.848389 0.505127
vt 0.820801 0.497314
vt 0.837646 0.491699
vt 0.804932 0.495361
vt 0.794678 0.520020
vt 0.776855 0.519043
vt 0.791260 0.490479
vt 0.820312 0.486816
vt 0.807617 0.483154
vt 0.795898 0.478271
vt 0.836914 0.469971
vt 0.848145 0.468262
vt 0.826172 0.465088
vt 0.815186 0.459229
vt 0.802246 0.450439
vt 0.845215 0.443848
vt 0.858154 0.441650
vt 0.834229 0.442139
vt 0.829590 0.437256
vt 0.827393 0.427490
vt 0.823975 0.412109
vt 0.837158 0.409912
vt 0.836426 0.425293
vt 0.833984 0.420166
vt 0.845947 0.422119
vt 0.859375 0.424316
vt 0.838867 0.432129
vt 0.847168 0.431396
vt 0.855469 0.430908
vt 0.847656 0.527100
vt 0.859619 0.504150
vt 0.872803 0.513672
vt 0.877686 0.500488
vt 0.884521 0.523438
vt 0.864258 0.492432
vt 0.848389 0.490967
vt 0.872314 0.468994
vt 0.860352 0.464600
vt 0.863770 0.439941
vt 0.882812 0.471436
vt 0.900635 0.472900
vt 0.884033 0.437012
vt 0.873291 0.439697
vt 0.868408 0.427490
vt 0.876221 0.427490
vt 0.874512 0.417480
vt 0.883545 0.427490
vt 0.887695 0.420654
vt 0.162842 0.860352
vt 0.147949 0.901611
vt 0.136719 0.857422
vt 0.154297 0.825195
vt 0.142090 0.823242
vt 0.124756 0.822510
vt 0.145020 0.799072
vt 0.120361 0.855713
vt 0.132812 0.895020
vt 0.117920 0.894287
vt 0.127197 0.798096
vt 0.126465 0.772949
vt 0.107666 0.821533
vt 0.103760 0.852051
vt 0.101807 0.885986
vt 0.084717 0.847412
vt 0.081299 0.880859
vt 0.109131 0.797363
vt 0.064697 0.843750
vt 0.060059 0.874023
vt 0.087891 0.822021
vt 0.109375 0.772461
vt 0.124512 0.749268
vt 0.087158 0.798340
vt 0.102539 0.743652
vt 0.070312 0.820068
vt 0.086914 0.769287
vt 0.080322 0.747070
vt 0.078857 0.724365
vt 0.071045 0.770508
vt 0.072510 0.799316
vt 0.063232 0.749756
vt 0.058350 0.724854
vt 0.045166 0.757324
vt 0.040527 0.728516
vt 0.022949 0.728271
vt 0.030273 0.755127
vt 0.032227 0.774658
vt 0.051514 0.770020
vt 0.054199 0.795166
vt 0.038086 0.795654
vt 0.051758 0.816650
vt 0.035645 0.814453
vt 0.029053 0.835449
vt 0.046387 0.842041
vt 0.041992 0.868896
vt 0.056396 0.894531
vt 0.035156 0.888184
vt 0.021973 0.862061
vt 0.009766 0.857910
vt 0.017090 0.885742
vt 0.002930 0.878418
vt 0.000977 0.853516
vt 0.000244 0.904053
vt 0.239990 0.973633
vt 0.250732 0.964111
vt 0.256348 0.983643
vt 0.231201 0.992676
vt 0.268311 0.960205
vt 0.268799 0.979248
vt 0.276855 0.962158
vt 0.285400 0.964600
vt 0.282959 0.944336
vt 0.275391 0.943848
vt 0.279053 0.984131
vt 0.291992 0.946777
vt 0.287109 0.928467
vt 0.296143 0.980713
vt 0.291260 0.991943
vt 0.305908 0.999023
vt 0.314209 0.987305
vt 0.301514 0.967041
vt 0.320312 0.973145
vt 0.330811 0.992188
vt 0.308105 0.951660
vt 0.337158 0.979004
vt 0.343018 0.995117
vt 0.326416 0.957520
vt 0.311279 0.936523
vt 0.350342 0.982422
vt 0.342773 0.963379
vt 0.355225 0.964600
vt 0.330566 0.941895
vt 0.346680 0.946533
vt 0.362061 0.945312
vt 0.366211 0.967529
vt 0.357910 0.982910
vt 0.364258 0.991943
vt 0.363770 0.983154
vt 0.369141 0.983887
vt 0.348145 0.929688
vt 0.333984 0.926025
vt 0.364014 0.922119
vt 0.350586 0.917725
vt 0.374512 0.934814
vt 0.338867 0.910400
vt 0.372070 0.950928
vt 0.382080 0.938477
vt 0.381592 0.956787
vt 0.316406 0.920410
vt 0.322266 0.903809
vt 0.374756 0.970947
vt 0.385254 0.972168
vt 0.379883 0.988770
vt 0.301270 0.916016
vt 0.307373 0.899414
vt 0.312256 0.884521
vt 0.300293 0.888672
vt 0.291992 0.914062
vt 0.295898 0.930176
vt 0.718262 0.132324
vt 0.758057 0.126953
vt 0.724121 0.136475
vt 0.717529 0.189453
vt 0.723145 0.195068
vt 0.720459 0.203857
vt 0.712402 0.186035
vt 0.706299 0.187500
vt 0.661133 0.204346
vt 0.709229 0.133545
vt 0.669189 0.179932
vt 0.705078 0.081543
vt 0.714844 0.087646
vt 0.664795 0.132812
vt 0.662354 0.185303
vt 0.659424 0.090332
vt 0.651367 0.085205
vt 0.658447 0.132812
vt 0.620361 0.186768
vt 0.601562 0.201172
vt 0.615234 0.131592
vt 0.605469 0.082031
vt 0.607666 0.131592
vt 0.614014 0.186279
vt 0.607422 0.191650
vt 0.599609 0.136475
vt 0.567383 0.121582
vt 0.060791 0.492432
vt 0.054688 0.511230
vt 0.040039 0.505859
vt 0.046387 0.530029
vt 0.032959 0.525391
vt 0.027832 0.548828
vt 0.023438 0.521973
vt 0.013184 0.544189
vt 0.011963 0.517578
vt 0.029053 0.502441
vt 0.017090 0.496582
vt 0.045410 0.486084
vt 0.066650 0.471680
vt 0.050781 0.465332
vt 0.035156 0.482910
vt 0.073242 0.451904
vt 0.024170 0.479004
vt 0.010254 0.495361
vt 0.014404 0.477539
vt 0.038086 0.462158
vt 0.026855 0.459717
vt 0.014404 0.458008
vt 0.014893 0.440674
vt 0.039795 0.443848
vt 0.028809 0.441406
vt 0.022705 0.422363
vt 0.011963 0.419678
vt 0.054443 0.448975
vt 0.075439 0.425293
vt 0.057129 0.429932
vt 0.059326 0.415039
vt 0.041748 0.426514
vt 0.046631 0.409180
vt 0.032227 0.423584
vt 0.033447 0.406494
vt 0.036865 0.388428
vt 0.020996 0.387939
vt 0.020996 0.372803
vt 0.019775 0.404297
vt 0.010254 0.401367
vt 0.009033 0.385010
vt 0.008057 0.368164
vt 0.137207 0.478516
vt 0.132080 0.448486
vt 0.139648 0.452393
vt 0.126953 0.422852
vt 0.133789 0.426514
vt 0.142578 0.483643
vt 0.130615 0.499023
vt 0.140137 0.429688
vt 0.136963 0.405518
vt 0.141357 0.408203
vt 0.150879 0.494385
vt 0.147949 0.455566
vt 0.150146 0.435791
vt 0.152588 0.421143
vt 0.144043 0.507080
vt 0.156494 0.476562
vt 0.159424 0.457031
vt 0.160889 0.437500
vt 0.159668 0.420410
vt 0.150879 0.395752
vt 0.162842 0.408691
vt 0.167236 0.413574
vt 0.161865 0.422363
vt 0.165771 0.440186
vt 0.164551 0.460205
vt 0.176270 0.442383
vt 0.176270 0.427734
vt 0.185059 0.445312
vt 0.184326 0.430664
vt 0.186279 0.462158
vt 0.177490 0.461914
vt 0.189453 0.485840
vt 0.177490 0.484375
vt 0.162842 0.481201
vt 0.180908 0.502930
vt 0.155762 0.500244
vt 0.194092 0.502686
vt 0.146484 0.518799
vt 0.137939 0.518066
vt 0.124023 0.528564
vt 0.128906 0.527832
vt 0.196533 0.520264
vt 0.200195 0.520264
vt 0.165527 0.523193
vt 0.149658 0.530518
vt 0.131592 0.539062
vt 0.149658 0.542969
vt 0.182861 0.520508
vt 0.166260 0.537598
vt 0.176758 0.537109
vt 0.186035 0.537598
vt 0.163086 0.552979
vt 0.147949 0.553955
vt 0.172363 0.553955
vt 0.181396 0.555908
vt 0.160156 0.565674
vt 0.169189 0.568604
vt 0.189697 0.558105
vt 0.177490 0.572021
vt 0.146484 0.572021
vt 0.126953 0.565430
vt 0.130859 0.585205
vt 0.155762 0.577148
vt 0.147461 0.583984
vt 0.136963 0.593506
vt 0.162109 0.581787
vt 0.154785 0.592285
vt 0.143555 0.602295
vt 0.169922 0.586182
vt 0.162109 0.597656
vt 0.151123 0.608887
vt 0.176514 0.589844
vt 0.183594 0.574707
vt 0.166260 0.600586
vt 0.156006 0.612061
vt 0.186279 0.576172
vt 0.178467 0.593262
vt 0.167969 0.603760
vt 0.154785 0.615479
vt 0.170410 0.610596
vt 0.167969 0.620850
vt 0.177979 0.603760
vt 0.173828 0.640137
vt 0.192871 0.585205
vt 0.193359 0.559326
vt 0.201904 0.563721
vt 0.264648 0.585449
vt 0.193604 0.539062
vt 0.197266 0.539307
vt 0.206787 0.543213
vt 0.209473 0.522705
vt 0.211670 0.526123
vt 0.269775 0.543945
vt 0.267578 0.546143
vt 0.267578 0.566895
vt 0.275879 0.567139
vt 0.119141 0.954102
vt 0.128418 0.955322
vt 0.128418 0.977051
vt 0.120117 0.975342
vt 0.670410 0.239258
vt 0.678711 0.256348
vt 0.666992 0.243164
vt 0.674316 0.263184
vt 0.684814 0.267334
vt 0.682861 0.290771
vt 0.674805 0.291504
vt 0.688477 0.310547
vt 0.645996 0.223633
vt 0.657471 0.224609
vt 0.655762 0.243652
vt 0.631592 0.228027
vt 0.662109 0.265381
vt 0.645020 0.245605
vt 0.659180 0.293457
vt 0.648926 0.266602
vt 0.657471 0.318115
vt 0.646729 0.265869
vt 0.642578 0.245117
vt 0.629883 0.229004
vt 0.621094 0.239258
vt 0.610352 0.221924
vt 0.609619 0.219727
vt 0.609131 0.234619
vt 0.628174 0.249512
vt 0.583740 0.240967
vt 0.581055 0.239502
vt 0.597900 0.246582
vt 0.629639 0.265381
vt 0.630371 0.281006
vt 0.591064 0.263672
vt 0.575928 0.270508
vt 0.573486 0.269287
vt 0.570312 0.286133
vt 0.583252 0.280762
vt 0.572266 0.288574
vt 0.565674 0.302979
vt 0.573486 0.308594
vt 0.579590 0.295166
vt 0.623535 0.319580
vt 0.625244 0.340332
vt 0.589600 0.278076
vt 0.624756 0.302490
vt 0.622803 0.294189
vt 0.641602 0.295166
vt 0.637695 0.320557
vt 0.644531 0.294678
vt 0.641357 0.320312
vt 0.635010 0.339844
vt 0.638916 0.340088
vt 0.634521 0.358643
vt 0.638428 0.358398
vt 0.645752 0.357666
vt 0.656006 0.337891
vt 0.642334 0.374756
vt 0.639404 0.376709
vt 0.633301 0.379395
vt 0.639648 0.396729
vt 0.618164 0.442139
vt 0.643799 0.412598
vt 0.644531 0.394043
vt 0.647217 0.391846
vt 0.647949 0.374023
vt 0.652344 0.407959
vt 0.649170 0.408936
vt 0.650391 0.425781
vt 0.656006 0.421387
vt 0.659180 0.419434
vt 0.652588 0.390625
vt 0.659180 0.406738
vt 0.667969 0.418701
vt 0.661377 0.388916
vt 0.667236 0.403320
vt 0.680176 0.412354
vt 0.675293 0.398682
vt 0.686035 0.401855
vt 0.672363 0.387695
vt 0.687012 0.389404
vt 0.669189 0.371826
vt 0.685059 0.370117
vt 0.658203 0.372314
vt 0.669678 0.355469
vt 0.656982 0.355469
vt 0.672363 0.338867
vt 0.686035 0.358398
vt 0.706543 0.372314
vt 0.706055 0.361816
vt 0.692871 0.345215
vt 0.680420 0.312012
vt 0.698975 0.330811
vt 0.702393 0.326416
vt 0.897217 0.059082
vt 0.897217 0.031738
vt 0.904053 0.058350
vt 0.904297 0.032715
vt 0.835938 0.726074
vt 0.841553 0.734131
vt 0.815430 0.734375
vt 0.811523 0.726318
vt 0.837158 0.718262
vt 0.802490 0.707275
vt 0.808350 0.692383
vt 0.832520 0.698730
vt 0.815918 0.677979
vt 0.783447 0.696045
vt 0.775391 0.734619
vt 0.791016 0.679932
vt 0.773926 0.681641
vt 0.754639 0.701172
vt 0.745605 0.731445
vt 0.792725 0.662842
vt 0.834473 0.662842
vt 0.816162 0.635498
vt 0.793701 0.634033
vt 0.783447 0.648438
vt 0.773193 0.634766
vt 0.780762 0.620117
vt 0.800049 0.615234
vt 0.815186 0.615479
vt 0.832764 0.602051
vt 0.792725 0.600586
vt 0.770752 0.603271
vt 0.803467 0.603516
vt 0.820312 0.591309
vt 0.811035 0.598877
vt 0.827881 0.583496
vt 0.806641 0.584229
vt 0.798096 0.592041
vt 0.782959 0.589600
vt 0.771240 0.571777
vt 0.783936 0.568604
vt 0.791016 0.584961
vt 0.795654 0.576416
vt 0.803711 0.564941
vt 0.800781 0.546631
vt 0.811768 0.556396
vt 0.814697 0.551270
vt 0.817627 0.561279
vt 0.813965 0.564453
vt 0.812500 0.578125
vt 0.819336 0.571045
vt 0.822998 0.568115
vt 0.822021 0.556885
vt 0.822754 0.577881
vt 0.826660 0.574219
vt 0.828369 0.565430
vt 0.997314 0.669189
vt 0.997314 0.649170
vt 0.998779 0.672607
vt 0.098877 0.563477
vt 0.062012 0.591553
vt 0.091064 0.562012
vt 0.055420 0.583252
vt 0.097168 0.555176
vt 0.053467 0.635986
vt 0.049316 0.619873
vt 0.034912 0.606445
vt 0.006104 0.567627
vt 0.812744 0.145752
vt 0.810059 0.150146
vt 0.791260 0.134277
vt 0.802490 0.164551
vt 0.780518 0.148926
vt 0.777588 0.116211
vt 0.764893 0.131104
vt 0.759766 0.106201
vt 0.753418 0.141602
vt 0.770264 0.157715
vt 0.740723 0.155762
vt 0.759033 0.170654
vt 0.747070 0.184570
vt 0.789307 0.175537
vt 0.804932 0.191650
vt 0.813477 0.177979
vt 0.774414 0.187256
vt 0.761475 0.200439
vt 0.784912 0.206299
vt 0.751709 0.214111
vt 0.737793 0.198242
vt 0.738281 0.208496
vt 0.733887 0.223389
vt 0.799316 0.227783
vt 0.816895 0.212402
vt 0.807129 0.238037
vt 0.746826 0.230957
vt 0.735107 0.240234
vt 0.745361 0.252441
vt 0.766602 0.234131
vt 0.761719 0.247803
vt 0.763184 0.261719
vt 0.771729 0.247803
vt 0.777588 0.259521
vt 0.777588 0.244873
vt 0.770264 0.216553
vt 0.775146 0.231445
vt 0.783936 0.228271
vt 0.781006 0.241699
vt 0.790771 0.237793
vt 0.789551 0.250732
vt 0.784668 0.254150
vt 0.795654 0.249512
vt 0.789551 0.260254
vt 0.790283 0.266113
vt 0.781494 0.273193
vt 0.797607 0.258789
vt 0.807617 0.252441
vt 0.812256 0.250488
vt 0.813965 0.255859
vt 0.809326 0.257568
vt 0.811035 0.262207
vt 0.787109 0.278076
vt 0.799316 0.265137
vt 0.794189 0.272705
vt 0.797363 0.295410
vt 0.792236 0.294922
vt 0.793701 0.281006
vt 0.800049 0.291504
vt 0.800537 0.272461
vt 0.798096 0.280762
vt 0.802246 0.281982
vt 0.804932 0.291748
vt 0.814453 0.286133
vt 0.810059 0.277588
vt 0.809326 0.270020
vt 0.813477 0.273193
vt 0.815430 0.266357
vt 0.592285 0.169922
vt 0.589355 0.181641
vt 0.581299 0.177246
vt 0.581055 0.166260
vt 0.593506 0.155029
vt 0.564697 0.170410
vt 0.570557 0.186279
vt 0.580811 0.153809
vt 0.592773 0.139893
vt 0.557129 0.178711
vt 0.580566 0.138428
vt 0.552490 0.172852
vt 0.553711 0.182129
vt 0.564697 0.152100
vt 0.551025 0.181152
vt 0.564209 0.133057
vt 0.545654 0.171631
vt 0.537109 0.181885
vt 0.548584 0.152832
vt 0.532959 0.169189
vt 0.523193 0.184326
vt 0.515869 0.177002
vt 0.552002 0.131592
vt 0.555908 0.125732
vt 0.532471 0.152100
vt 0.546143 0.134766
vt 0.548096 0.122559
vt 0.551025 0.122314
vt 0.563721 0.115234
vt 0.554932 0.114746
vt 0.531982 0.133789
vt 0.533936 0.120361
vt 0.514160 0.151611
vt 0.515381 0.127441
vt 0.520020 0.116699
vt 0.512695 0.110352
vt 0.503174 0.114990
vt 0.498535 0.151367
vt 0.496826 0.169922
vt 0.502930 0.186768
vt 0.477051 0.183594
vt 0.478027 0.152344
vt 0.497070 0.134033
vt 0.477539 0.122070
vt 0.479004 0.100586
vt 0.456299 0.120361
vt 0.461182 0.098145
vt 0.443115 0.093994
vt 0.454590 0.152344
vt 0.456543 0.186035
vt 0.438232 0.186279
vt 0.436279 0.152344
vt 0.419434 0.187500
vt 0.438477 0.119873
vt 0.415527 0.150146
vt 0.396484 0.190674
vt 0.420898 0.114990
vt 0.431396 0.092285
vt 0.927002 0.917236
vt 0.945801 0.909424
vt 0.934082 0.939209
vt 0.913818 0.927490
vt 0.895264 0.919678
vt 0.917480 0.945801
vt 0.905273 0.941162
vt 0.888916 0.931641
vt 0.907715 0.949463
vt 0.898926 0.950439
vt 0.906494 0.953613
vt 0.914551 0.957520
vt 0.903564 0.973145
vt 0.899902 0.954346
vt 0.895996 0.971680
vt 0.882812 0.987061
vt 0.886230 0.973145
vt 0.868896 0.983154
vt 0.889160 0.958008
vt 0.888184 0.955811
vt 0.876953 0.964600
vt 0.871826 0.973633
vt 0.876221 0.962891
vt 0.881348 0.951660
vt 0.884277 0.940918
vt 0.871094 0.934326
vt 0.870850 0.943848
vt 0.852539 0.950684
vt 0.870117 0.951904
vt 0.858154 0.956055
vt 0.853271 0.980469
vt 0.868164 0.960693
vt 0.868652 0.969238
vt 0.867920 0.967773
vt 0.862549 0.964355
vt 0.866211 0.971436
vt 0.865723 0.969482
vt 0.864014 0.971191
vt 0.862305 0.973389
vt 0.865479 0.973389
vt 0.865723 0.977051
vt 0.860107 0.978516
vt 0.177490 0.054199
vt 0.178467 0.062012
vt 0.163330 0.054932
vt 0.152832 0.054199
vt 0.173340 0.041260
vt 0.149902 0.035889
vt 0.171875 0.031006
vt 0.145508 0.022461
vt 0.170166 0.021240
vt 0.187256 0.013672
vt 0.192139 0.029297
vt 0.190430 0.021240
vt 0.210693 0.002197
vt 0.216064 0.011230
vt 0.237305 0.000000
vt 0.197754 0.043945
vt 0.218262 0.033447
vt 0.200195 0.049316
vt 0.243896 0.015381
vt 0.250977 0.009766
vt 0.251465 0.024902
vt 0.239258 0.023438
vt 0.236816 0.025879
vt 0.241211 0.028320
vt 0.253418 0.041748
vt 0.239014 0.029785
vt 0.219482 0.039062
vt 0.230225 0.055176
vt 0.253174 0.056885
vt 0.235596 0.065918
vt 0.217773 0.074707
vt 0.210693 0.064209
vt 0.191895 0.075195
vt 0.198242 0.085449
vt 0.176758 0.089111
vt 0.184570 0.099854
vt 0.103516 0.659668
vt 0.115967 0.655762
vt 0.115234 0.680420
vt 0.106689 0.675049
vt 0.127686 0.675537
vt 0.139648 0.672607
vt 0.136475 0.696289
vt 0.135254 0.649170
vt 0.124023 0.699463
vt 0.115723 0.696045
vt 0.143799 0.714600
vt 0.134033 0.718262
vt 0.146973 0.692627
vt 0.154541 0.710449
vt 0.151367 0.734619
vt 0.160645 0.731689
vt 0.143066 0.737305
vt 0.135986 0.738281
vt 0.150391 0.755127
vt 0.137695 0.758789
vt 0.150146 0.777832
vt 0.160645 0.755127
vt 0.162598 0.774414
vt 0.170654 0.796143
vt 0.160400 0.802979
vt 0.172363 0.770508
vt 0.169678 0.751221
vt 0.161133 0.822998
vt 0.150635 0.810791
vt 0.175781 0.817139
vt 0.178223 0.791504
vt 0.183594 0.813721
vt 0.190674 0.808594
vt 0.185791 0.784668
vt 0.182129 0.766113
vt 0.191162 0.782227
vt 0.193359 0.808594
vt 0.215820 0.823730
vt 0.192139 0.765137
vt 0.212891 0.791260
vt 0.175293 0.750000
vt 0.193848 0.726074
vt 0.165527 0.729492
vt 0.160400 0.705811
vt 0.177979 0.689941
vt 0.167969 0.674072
vt 0.152588 0.689453
vt 0.154785 0.667725
vt 0.163818 0.661133
vt 0.145264 0.670898
vt 0.151611 0.646484
vt 0.160400 0.642334
vt 0.139404 0.648193
vt 0.138184 0.622559
vt 0.685059 0.075439
vt 0.683594 0.069092
vt 0.697266 0.070801
vt 0.697021 0.066162
vt 0.710205 0.069336
vt 0.710938 0.065186
vt 0.695801 0.060547
vt 0.709229 0.054688
vt 0.722168 0.072510
vt 0.722656 0.052002
vt 0.725098 0.063721
vt 0.736328 0.051025
vt 0.723389 0.069092
vt 0.735596 0.082275
vt 0.739746 0.062256
vt 0.750732 0.049316
vt 0.750000 0.044189
vt 0.765625 0.040771
vt 0.769531 0.055908
vt 0.737549 0.077881
vt 0.754395 0.067627
vt 0.750488 0.088379
vt 0.748535 0.092773
vt 0.754150 0.079346
vt 0.769531 0.093262
vt 0.765381 0.101807
vt 0.786377 0.100586
vt 0.782959 0.108643
vt 0.788330 0.085938
vt 0.772949 0.074463
vt 0.788574 0.063965
vt 0.791260 0.057373
vt 0.804199 0.047363
vt 0.795654 0.046387
vt 0.801758 0.028809
vt 0.796875 0.028809
vt 0.796631 0.414307
vt 0.801758 0.437256
vt 0.789551 0.438232
vt 0.788818 0.416260
vt 0.778076 0.438965
vt 0.781006 0.396973
vt 0.802246 0.410645
vt 0.780029 0.417480
vt 0.768799 0.437500
vt 0.790039 0.390625
vt 0.764893 0.417480
vt 0.759277 0.437012
vt 0.752930 0.435547
vt 0.765625 0.400879
vt 0.780029 0.378662
vt 0.785400 0.378174
vt 0.788574 0.362061
vt 0.756836 0.417725
vt 0.747803 0.416748
vt 0.746094 0.435791
vt 0.741455 0.434814
vt 0.743408 0.416992
vt 0.772949 0.363037
vt 0.794189 0.344238
vt 0.764648 0.364746
vt 0.766602 0.340820
vt 0.789551 0.319580
vt 0.795898 0.322021
vt 0.802002 0.300293
vt 0.758545 0.342041
vt 0.749756 0.320801
vt 0.745605 0.298828
vt 0.748291 0.345459
vt 0.765381 0.381836
vt 0.744629 0.322021
vt 0.733887 0.300293
vt 0.749756 0.276367
vt 0.739258 0.323730
vt 0.735596 0.271484
vt 0.758301 0.401123
vt 0.754395 0.366699
vt 0.756348 0.383057
vt 0.748535 0.402100
vt 0.750244 0.383057
vt 0.743896 0.402588
vt 0.699707 0.412842
vt 0.695312 0.430908
vt 0.705322 0.393799
vt 0.713623 0.372559
vt 0.745850 0.383057
vt 0.721436 0.357910
vt 0.742432 0.369141
vt 0.746582 0.367432
vt 0.726562 0.353271
vt 0.711670 0.350830
vt 0.737305 0.349121
vt 0.709473 0.322754
vt 0.720215 0.332031
vt 0.741455 0.346924
vt 0.713623 0.306396
vt 0.734375 0.324707
vt 0.730225 0.302246
vt 0.728271 0.296631
vt 0.704102 0.283936
vt 0.730713 0.271729
vt 0.733398 0.247559
vt 0.141602 0.971680
vt 0.162109 0.943115
vt 0.158936 0.980225
vt 0.269043 0.026855
vt 0.281250 0.064209
vt 0.265381 0.064209
vt 0.356445 0.023926
vt 0.356445 0.051270
vt 0.335693 0.031738
vt 0.919678 0.963623
vt 0.920898 0.956543
vt 0.936523 0.955566
vt 0.937744 0.959961
vt 0.937744 0.952881
vt 0.927002 0.949951
vt 0.942871 0.948242
vt 0.941895 0.952148
vt 0.944580 0.956055
vt 0.969482 0.965332
vt 0.961182 0.978027
vt 0.945801 0.952148
vt 0.947266 0.948242
vt 0.940430 0.945557
vt 0.926025 0.949707
vt 0.963379 0.953613
vt 0.960449 0.947754
vt 0.968506 0.907959
vt 0.957520 0.903564
vt 0.989258 0.964844
vt 0.989746 0.952637
vt 0.988770 0.968018
vt 0.992920 0.970947
vt 0.932129 0.319580
vt 0.930908 0.316162
vt 0.950684 0.323975
vt 0.952637 0.320557
vt 0.968994 0.318359
vt 0.967529 0.322510
vt 0.985840 0.316895
vt 0.932373 0.323486
vt 0.915771 0.313721
vt 0.951172 0.328369
vt 0.968506 0.327393
vt 0.930176 0.339355
vt 0.947754 0.343994
vt 0.927734 0.339355
vt 0.221680 0.941406
vt 0.224609 0.941162
vt 0.219971 0.942871
vt 0.224365 0.942627
vt 0.223389 0.957520
vt 0.210205 0.961670
vt 0.207764 0.942139
vt 0.196045 0.941162
vt 0.195068 0.955811
vt 0.198730 0.966553
vt 0.200684 0.977295
vt 0.209473 0.980957
vt 0.199219 0.990967
vt 0.000244 0.073486
vt 0.016357 0.078613
vt 0.000244 0.121338
vt 0.798828 0.948242
vt 0.800049 0.912354
vt 0.814697 0.950439
vt 0.475586 0.049805
vt 0.473145 0.065674
vt 0.472168 0.065674
vt 0.473389 0.083496
vt 0.475342 0.083740
vt 0.123047 0.909424
vt 0.121582 0.928711
vt 0.120361 0.928955
vt 0.120117 0.939453
vt 0.121826 0.939697
vt 0.121826 0.949463
vt 0.123535 0.949219
vt 0.001221 0.053711
vt 0.000488 0.053223
vt 0.003174 0.042725
vt 0.001465 0.061279
vt 0.000000 0.061523
vt 0.003662 0.068604
vt 0.001709 0.069092
vt 0.936523 0.118896
vt 0.931152 0.108887
vt 0.938232 0.111084
vt 0.940674 0.114014
vt 0.949463 0.130371
vt 0.947021 0.117432
vt 0.957764 0.132812
vt 0.954102 0.149902
vt 0.960449 0.151611
vt 0.967041 0.133301
vt 0.969971 0.150146
vt 0.982910 0.131836
vt 0.979980 0.150879
vt 0.969727 0.154053
vt 0.981445 0.153076
vt 0.959229 0.155762
vt 0.990234 0.153564
vt 0.990479 0.154541
vt 0.993164 0.159424
vt 0.982666 0.161621
vt 0.966797 0.166260
vt 0.953613 0.176025
vt 0.289062 0.060303
vt 0.285400 0.058350
vt 0.295166 0.053467
vt 0.297607 0.054443
vt 0.307129 0.046143
vt 0.307129 0.048340
vt 0.306396 0.060303
vt 0.316650 0.051025
vt 0.313477 0.058838
vt 0.324951 0.058350
vt 0.317871 0.048584
vt 0.326172 0.053955
vt 0.334717 0.042725
vt 0.344971 0.049561
vt 0.322021 0.041504
vt 0.326172 0.027344
vt 0.311768 0.036621
vt 0.301025 0.031982
vt 0.316650 0.028320
vt 0.318115 0.012695
vt 0.305664 0.019287
vt 0.302979 0.009033
vt 0.333984 0.055664
vt 0.342529 0.056396
vt 0.348633 0.057373
vt 0.333252 0.058594
vt 0.338867 0.057861
vt 0.342773 0.058105
vt 0.346924 0.061035
vt 0.339111 0.059326
vt 0.338867 0.063232
vt 0.342529 0.071045
vt 0.835205 0.026611
vt 0.843506 0.022949
vt 0.841064 0.026611
vt 0.835449 0.036621
vt 0.843506 0.036621
vt 0.841309 0.046631
vt 0.834961 0.046631
vt 0.833008 0.053223
vt 0.843506 0.050537
vt 0.677490 0.077148
vt 0.668701 0.077881
vt 0.676514 0.056152
vt 0.666748 0.056152
vt 0.676025 0.035400
vt 0.666992 0.034912
vt 0.823242 0.964600
vt 0.810547 0.959717
vt 0.848145 0.941895
vt 0.833008 0.977295
vt 0.456299 0.073486
vt 0.474365 0.094971
vt 0.458252 0.086670
vt 0.440674 0.079834
vt 0.436035 0.084961
vt 0.423096 0.075928
vt 0.443604 0.077393
vt 0.434814 0.072510
vt 0.453369 0.072266
vt 0.428223 0.065430
vt 0.420166 0.062988
vt 0.450928 0.061768
vt 0.463379 0.046631
vt 0.454346 0.038574
vt 0.448975 0.064209
vt 0.440186 0.056396
vt 0.435547 0.046631
vt 0.445068 0.032715
vt 0.440430 0.059082
vt 0.431885 0.064453
vt 0.438232 0.071289
vt 0.980225 0.584961
vt 0.973633 0.605469
vt 0.974365 0.590576
vt 0.989746 0.618164
vt 0.966553 0.587891
vt 0.967529 0.583740
vt 0.973145 0.593506
vt 0.970947 0.602051
vt 0.961426 0.602051
vt 0.965820 0.591064
vt 0.958252 0.589355
vt 0.952393 0.598389
vt 0.949463 0.595215
vt 0.958496 0.586670
vt 0.956787 0.579834
vt 0.923828 0.597412
vt 0.787109 0.952393
vt 0.785156 0.966797
vt 0.781982 0.966064
vt 0.778809 0.982422
vt 0.784424 0.949463
vt 0.748535 0.970459
vt 0.745361 0.986084
vt 0.750977 0.967285
vt 0.751465 0.951660
vt 0.744873 0.940186
vt 0.625732 0.952881
vt 0.633789 0.948975
vt 0.631592 0.952881
vt 0.626221 0.962402
vt 0.634033 0.962646
vt 0.625488 0.972168
vt 0.032959 0.076904
vt 0.024902 0.080811
vt 0.015137 0.062256
vt 0.023926 0.058594
vt 0.016357 0.039551
vt 0.008057 0.042236
vt 0.027344 0.032959
vt 0.433838 0.957520
vt 0.442383 0.951172
vt 0.437256 0.960205
vt 0.443115 0.957764
vt 0.284912 0.051270
vt 0.288574 0.046875
vt 0.294678 0.045898
vt 0.291504 0.036621
vt 0.284180 0.038330
vt 0.279541 0.038330
vt 0.283936 0.029053
vt 0.288818 0.024902
vt 0.280029 0.028076
vt 0.961670 0.254639
vt 0.964844 0.247559
vt 0.968506 0.272461
vt 0.988770 0.276611
vt 0.981689 0.280273
vt 0.986816 0.288574
vt 0.980713 0.288574
vt 0.982178 0.303467
vt 0.978271 0.279785
vt 0.977539 0.287842
vt 0.969482 0.275635
vt 0.966064 0.284180
vt 0.964111 0.283936
vt 0.962158 0.295166
vt 0.941406 0.311523
vt 0.978027 0.296143
vt 0.964600 0.293213
vt 0.974365 0.294678
vt 0.694580 0.026855
vt 0.695801 0.011230
vt 0.728271 0.011230
vt 0.724854 0.027344
vt 0.695312 0.042236
vt 0.727539 0.043701
vt 0.688477 0.053955
vt 0.788086 0.028076
vt 0.791016 0.028320
vt 0.788818 0.029785
vt 0.790771 0.050537
vt 0.788818 0.014648
vt 0.791504 0.012207
vt 0.776367 0.012939
vt 0.779541 0.015137
vt 0.779297 0.029297
vt 0.776123 0.030029
vt 0.778564 0.031738
vt 0.773926 0.051025
vt 0.388428 0.032715
vt 0.397705 0.010498
vt 0.400146 0.014893
vt 0.415771 0.010010
vt 0.394775 0.030762
vt 0.400635 0.052246
vt 0.417480 0.036621
vt 0.425293 0.047852
vt 0.427490 0.029541
vt 0.438477 0.029541
vt 0.799072 0.083008
vt 0.795654 0.068359
vt 0.796631 0.068359
vt 0.798096 0.051514
vt 0.997070 0.620117
vt 0.997070 0.601807
vt 0.999023 0.619629
vt 0.997314 0.580078
vt 0.999023 0.590088
vt 0.998047 0.590332
vt 0.997070 0.597412
vt 0.998047 0.568115
vt 0.997559 0.560059
vt 0.999756 0.568115
vt 0.997803 0.575684
vt 0.999512 0.575684
vt 0.997070 0.687012
vt 0.998291 0.687256
vt 0.998291 0.705078
vt 0.999023 0.677002
vt 0.998047 0.635254
vt 0.998291 0.624268
vt 0.999756 0.634766
vt 0.997314 0.645020
vt 0.999023 0.645020
s 1
usemtl tripo_mat_f7bdd041-dbcc-4aa1-8751-345ae666597f
f 1527/1 1642/2 1640/3
f 1640/3 1642/2 1713/4
f 1713/4 1642/2 1715/5
f 1640/3 1713/4 1638/6
f 1640/3 1638/6 1527/1
f 1715/5 1642/2 1607/7
f 1715/5 1607/7 1690/8
f 1607/7 1642/2 1512/9
f 1512/9 1642/2 1527/1
f 1512/9 1527/1 1374/10
f 1527/1 1638/6 1543/11
f 1527/1 1543/11 1374/10
f 1512/9 1374/10 1239/12
f 1285/13 1266/14 1239/12
f 1285/13 1239/12 1295/15
f 1295/15 1239/12 1374/10
f 1295/15 1374/10 1314/16
f 1295/15 1314/16 1316/17
f 1316/17 1314/16 1333/18
f 1314/16 1374/10 1396/19
f 1396/19 1374/10 1543/11
f 1333/18 1314/16 1335/20
f 1335/20 1314/16 1396/19
f 1333/18 1335/20 1384/21
f 1384/21 1335/20 1372/22
f 1384/21 1372/22 1469/23
f 1335/20 1396/19 1394/24
f 1394/24 1396/19 1543/11
f 1372/22 1335/20 1432/25
f 1432/25 1335/20 1394/24
f 1372/22 1432/25 1469/23
f 1469/23 1432/25 1493/26
f 1493/26 1432/25 1394/24
f 1469/23 1493/26 1539/27
f 1493/26 1394/24 1510/28
f 1510/28 1394/24 1543/11
f 1493/26 1510/28 1539/27
f 1510/28 1543/11 1605/29
f 1510/28 1605/29 1539/27
f 1605/29 1543/11 1638/6
f 1539/27 1605/29 1625/30
f 1625/30 1605/29 1638/6
f 1625/31 1638/32 1674/33
f 1674/33 1638/32 1713/34
f 1625/31 1674/33 1541/35
f 1625/31 1541/35 1576/36
f 1625/31 1576/36 1539/37
f 1539/37 1576/36 1491/38
f 1491/38 1576/36 1541/35
f 1539/37 1491/38 1469/39
f 1469/39 1491/38 1384/40
f 1384/40 1491/38 1430/41
f 1430/41 1491/38 1541/35
f 1384/40 1430/41 1333/42
f 1333/42 1430/41 1392/43
f 1392/43 1430/41 1541/35
f 1333/42 1392/43 1316/44
f 1392/43 1541/35 1397/45
f 1392/43 1397/45 1316/44
f 1578/46 1541/35 1674/33
f 1541/35 1578/46 1397/45
f 1578/46 1674/33 1713/34
f 1316/44 1397/45 1304/47
f 1316/44 1304/47 1295/48
f 1295/48 1304/47 1285/49
f 1304/47 1397/45 1381/50
f 1381/50 1397/45 1578/46
f 1304/47 1381/50 1285/49
f 1578/46 1713/34 1580/51
f 1578/46 1580/51 1381/50
f 1285/49 1381/50 1362/52
f 1362/52 1381/50 1580/51
f 1285/49 1362/52 1266/53
f 1266/53 1362/52 1287/54
f 1362/52 1580/51 1582/55
f 1582/55 1580/51 1713/34
f 1362/52 1582/55 1287/54
f 1582/55 1713/34 1715/56
f 1287/54 1582/55 1545/57
f 1545/57 1582/55 1715/56
f 1287/54 1545/57 1559/58
f 1545/57 1715/56 1690/59
f 1545/57 1690/59 1559/58
f 1559/58 1690/59 1749/60
f 1287/61 1559/62 1306/63
f 1287/61 1306/63 1096/64
f 1096/64 1306/63 1080/65
f 1287/61 1096/64 1094/66
f 1287/61 1094/66 1264/67
f 1096/64 1080/65 909/68
f 1096/64 909/68 1094/66
f 909/68 1080/65 714/69
f 1264/67 1094/66 1105/70
f 1094/66 909/68 908/71
f 1094/66 908/71 1105/70
f 1264/67 1105/70 1262/72
f 909/68 714/69 704/73
f 909/68 704/73 908/71
f 704/73 714/69 562/74
f 704/73 562/74 598/75
f 1262/72 1105/70 1103/76
f 1262/72 1103/76 1235/77
f 926/78 1105/70 908/71
f 1105/70 926/78 1103/76
f 926/78 908/71 894/79
f 708/80 908/71 704/73
f 708/80 704/73 598/75
f 908/71 708/80 880/81
f 880/81 708/80 740/82
f 708/80 598/75 612/83
f 708/80 612/83 740/82
f 612/83 598/75 596/84
f 596/84 598/75 538/85
f 596/84 538/85 711/86
f 596/84 711/86 742/87
f 596/84 742/87 618/88
f 596/84 618/88 612/83
f 618/88 742/87 738/89
f 604/90 740/82 612/83
f 604/90 612/83 618/88
f 618/88 738/89 627/91
f 618/88 627/91 604/90
f 627/91 738/89 734/92
f 740/82 604/90 736/93
f 740/82 736/93 871/94
f 871/94 736/93 720/95
f 736/93 604/90 616/96
f 616/96 604/90 627/91
f 736/93 616/96 720/95
f 627/91 734/92 631/97
f 627/91 631/97 616/96
f 631/97 734/92 732/98
f 720/95 616/96 622/99
f 622/99 616/96 631/97
f 720/95 622/99 718/100
f 631/97 732/98 634/101
f 631/97 634/101 622/99
f 634/101 732/98 730/102
f 634/101 730/102 660/103
f 634/101 660/103 622/99
f 660/103 730/102 728/104
f 718/100 622/99 637/105
f 637/105 622/99 660/103
f 718/100 637/105 667/106
f 718/100 667/106 726/107
f 660/103 728/104 673/108
f 660/103 673/108 637/105
f 673/108 728/104 751/109
f 726/107 667/106 669/110
f 669/110 667/106 637/105
f 726/107 669/110 751/109
f 669/110 637/105 673/108
f 669/110 673/108 751/109
f 968/111 894/79 906/112
f 894/79 968/111 890/113
f 894/79 890/113 926/78
f 890/113 968/111 966/114
f 926/78 890/113 931/115
f 926/78 931/115 1103/76
f 890/113 966/114 888/116
f 890/113 888/116 931/115
f 888/116 966/114 929/117
f 929/117 966/114 978/118
f 929/117 978/118 962/119
f 888/116 929/117 964/120
f 888/116 964/120 931/115
f 964/120 929/117 962/119
f 1101/121 1103/76 931/115
f 1101/121 931/115 964/120
f 1103/76 1101/121 1235/77
f 1235/77 1101/121 1092/122
f 1101/121 964/120 986/123
f 1101/121 986/123 1092/122
f 986/123 964/120 962/119
f 1092/122 986/123 1085/124
f 986/123 962/119 1015/125
f 986/123 1015/125 1085/124
f 1015/125 962/119 1005/126
f 1015/125 1005/126 1085/124
f 1306/127 1559/128 1471/129
f 1471/129 1559/128 1749/130
f 1306/127 1471/129 1080/131
f 1471/129 1749/130 1781/132
f 1781/132 1749/130 1877/133
f 1781/132 1877/133 1828/134
f 1828/134 1877/133 1650/135
f 1650/135 1877/133 1679/136
f 1781/132 1828/134 1751/137
f 1751/137 1828/134 1650/135
f 1471/129 1781/132 1456/138
f 1456/138 1781/132 1751/137
f 1471/129 1456/138 1067/139
f 1471/129 1067/139 1080/131
f 1650/135 1679/136 1595/140
f 1650/135 1595/140 1751/137
f 1595/140 1679/136 1599/141
f 1599/141 1679/136 1563/142
f 1751/137 1595/140 1342/143
f 1342/143 1595/140 1599/141
f 1751/137 1342/143 1456/138
f 1599/141 1563/142 1350/144
f 1599/141 1350/144 1342/143
f 1342/143 1350/144 1008/145
f 1008/145 1350/144 1322/146
f 1456/138 1342/143 1011/147
f 1011/147 1342/143 1008/145
f 1456/138 1011/147 1067/139
f 1008/145 1322/146 993/148
f 1067/139 1011/147 754/149
f 754/149 1011/147 1008/145
f 1067/139 754/149 768/150
f 1067/139 768/150 1080/131
f 1080/131 768/150 714/151
f 768/150 754/149 697/152
f 697/152 754/149 1008/145
f 768/150 697/152 714/151
f 694/153 1008/145 993/148
f 1008/145 694/153 697/152
f 694/153 993/148 682/154
f 694/153 682/154 497/155
f 694/153 497/155 532/156
f 694/153 532/156 697/152
f 532/156 497/155 456/157
f 548/158 714/151 697/152
f 548/158 697/152 532/156
f 714/151 548/158 562/159
f 548/158 532/156 514/160
f 514/160 532/156 426/161
f 562/159 548/158 519/162
f 519/162 548/158 514/160
f 562/159 519/162 538/163
f 562/159 538/163 598/164
f 519/162 514/160 652/165
f 652/165 514/160 554/166
f 652/165 554/166 980/167
f 519/162 652/165 650/168
f 519/162 650/168 538/163
f 650/168 652/165 980/167
f 538/163 650/168 680/169
f 538/163 680/169 711/170
f 711/170 680/169 988/171
f 988/171 680/169 953/172
f 953/172 680/169 650/168
f 988/171 953/172 1245/173
f 650/168 980/167 919/174
f 650/168 919/174 953/172
f 919/174 980/167 1034/175
f 953/172 919/174 1144/176
f 1144/176 919/174 1034/175
f 953/172 1144/176 1245/173
f 1144/176 1034/175 1230/177
f 1144/176 1230/177 1386/178
f 1144/176 1386/178 1245/173
f 1245/173 1386/178 1514/179
f 1514/179 1386/178 1567/180
f 1287/181 1264/182 1266/183
f 1266/183 1264/182 1254/184
f 1254/184 1264/182 1262/185
f 1266/183 1254/184 1239/186
f 1254/184 1262/185 1252/187
f 1239/186 1254/184 1172/188
f 1172/188 1254/184 1252/187
f 1252/187 1262/185 1235/189
f 1239/186 1172/188 1057/190
f 1239/186 1057/190 988/191
f 1239/186 988/191 1245/192
f 988/191 1057/190 906/193
f 988/191 906/193 711/194
f 906/193 1057/190 1046/195
f 1046/195 1057/190 1172/188
f 906/193 1046/195 968/196
f 1170/197 1172/188 1252/187
f 1172/188 1170/197 1046/195
f 1170/197 1252/187 1237/198
f 1237/198 1252/187 1235/189
f 968/196 1046/195 1055/199
f 1055/199 1046/195 1170/197
f 968/196 1055/199 966/200
f 966/200 1055/199 1053/201
f 1055/199 1170/197 1168/202
f 1168/202 1170/197 1237/198
f 1055/199 1168/202 1053/201
f 966/200 1053/201 978/203
f 1168/202 1237/198 1221/204
f 1221/204 1237/198 1235/189
f 1053/201 1168/202 1166/205
f 1166/205 1168/202 1221/204
f 978/203 1053/201 976/206
f 978/203 976/206 962/207
f 1221/204 1235/189 1206/208
f 1206/208 1235/189 1092/209
f 962/207 976/206 1005/210
f 1206/208 1092/209 1159/211
f 1206/208 1159/211 1221/204
f 1159/211 1092/209 1085/212
f 1051/213 976/206 1053/201
f 1051/213 1053/201 1166/205
f 1005/210 976/206 999/214
f 976/206 1051/213 1065/215
f 976/206 1065/215 999/214
f 1065/215 1051/213 1166/205
f 1005/210 999/214 1078/216
f 1005/210 1078/216 1085/212
f 1078/216 999/214 1065/215
f 1085/212 1078/216 1159/211
f 1065/215 1166/205 1142/217
f 1159/211 1078/216 1161/218
f 1161/218 1078/216 1065/215
f 1159/211 1161/218 1221/204
f 1161/218 1065/215 1142/217
f 1221/204 1161/218 1166/205
f 1166/205 1161/218 1142/217
f 1239/219 1245/220 1512/221
f 1512/221 1245/220 1514/222
f 1512/221 1514/222 1627/223
f 1627/223 1514/222 1814/224
f 1512/221 1627/223 1726/225
f 1512/221 1726/225 1644/226
f 1627/223 1814/224 1863/227
f 1627/223 1863/227 1726/225
f 1644/226 1726/225 1747/228
f 1747/228 1726/225 1863/227
f 1863/227 1814/224 2002/229
f 2002/229 1814/224 1920/230
f 1747/228 1863/227 1874/231
f 1863/227 2002/229 2000/232
f 1863/227 2000/232 1874/231
f 2002/229 1920/230 2038/233
f 2038/233 1920/230 2008/234
f 2038/233 2008/234 1959/235
f 1959/235 2008/234 1943/236
f 2038/233 1959/235 1984/237
f 2002/229 2038/233 2053/238
f 2053/238 2038/233 1984/237
f 2002/229 2053/238 2000/232
f 2053/238 1984/237 1976/239
f 2053/238 1976/239 2044/240
f 2053/238 2044/240 2000/232
f 2044/240 1976/239 1998/241
f 2000/232 2044/240 2015/242
f 2015/242 2044/240 1998/241
f 2000/232 2015/242 1874/231
f 2015/242 1998/241 1952/243
f 1952/243 1998/241 1941/244
f 1941/244 1998/241 1887/245
f 2015/242 1952/243 1852/246
f 1952/243 1941/244 1895/247
f 1895/247 1941/244 1887/245
f 1952/243 1895/247 1852/246
f 1895/247 1887/245 1840/248
f 1895/247 1840/248 1850/249
f 1895/247 1850/249 1852/246
f 1850/249 1840/248 1790/250
f 1850/249 1790/250 1852/246
f 1889/251 2015/242 1852/246
f 2015/242 1889/251 1874/231
f 1852/246 1790/250 1738/252
f 1852/246 1738/252 1889/251
f 1738/252 1790/250 1698/253
f 1874/231 1889/251 1773/254
f 1773/254 1889/251 1738/252
f 1773/254 1738/252 1698/253
f 1874/231 1773/254 1747/228
f 1773/254 1698/253 1712/255
f 1773/254 1712/255 1747/228
f 894/256 908/257 892/258
f 892/258 908/257 880/259
f 894/256 892/258 906/260
f 892/258 880/259 871/261
f 871/261 880/259 740/262
f 906/260 892/258 843/263
f 892/258 871/261 878/264
f 892/258 878/264 843/263
f 906/260 843/263 742/265
f 906/260 742/265 711/266
f 742/265 843/263 738/267
f 738/267 843/263 836/268
f 836/268 843/263 878/264
f 738/267 836/268 734/269
f 852/270 878/264 871/261
f 852/270 871/261 720/271
f 836/268 878/264 868/272
f 868/272 878/264 852/270
f 734/269 836/268 829/273
f 829/273 836/268 868/272
f 734/269 829/273 732/274
f 852/270 720/271 827/275
f 852/270 827/275 868/272
f 827/275 720/271 718/276
f 732/274 829/273 811/277
f 811/277 829/273 868/272
f 732/274 811/277 730/278
f 827/275 718/276 726/279
f 827/275 726/279 797/280
f 797/280 726/279 751/281
f 859/282 868/272 827/275
f 868/272 859/282 811/277
f 827/275 797/280 809/283
f 809/283 797/280 751/281
f 827/275 809/283 859/282
f 809/283 751/281 728/284
f 811/277 859/282 790/285
f 790/285 859/282 809/283
f 811/277 790/285 730/278
f 790/285 809/283 728/284
f 790/285 728/284 730/278
f 1512/286 1644/287 1677/288
f 1512/286 1677/288 1607/289
f 1607/289 1677/288 1775/290
f 1607/289 1775/290 1690/291
f 1943/292 1928/293 1690/291
f 1943/292 1690/291 1959/294
f 1959/294 1690/291 1775/290
f 1959/294 1775/290 1984/295
f 1984/295 1775/290 1792/296
f 1792/296 1775/290 1677/288
f 1984/295 1792/296 1976/297
f 1792/296 1677/288 1688/298
f 1688/298 1677/288 1644/287
f 1976/297 1792/296 1804/299
f 1804/299 1792/296 1688/298
f 1688/298 1644/287 1668/300
f 1668/300 1644/287 1747/301
f 1668/300 1747/301 1712/302
f 1688/298 1668/300 1743/303
f 1743/303 1668/300 1712/302
f 1688/298 1743/303 1804/299
f 1743/303 1712/302 1736/304
f 1743/303 1736/304 1804/299
f 1736/304 1712/302 1698/305
f 1802/306 1976/297 1804/299
f 1802/306 1804/299 1736/304
f 1976/297 1802/306 1916/307
f 1976/297 1916/307 1998/308
f 1998/308 1916/307 1887/309
f 1887/309 1916/307 1802/306
f 1802/306 1736/304 1821/310
f 1802/306 1821/310 1887/309
f 1887/309 1821/310 1771/311
f 1771/311 1821/310 1736/304
f 1887/309 1771/311 1840/312
f 1771/311 1736/304 1734/313
f 1771/311 1734/313 1840/312
f 1734/313 1736/304 1698/305
f 1840/312 1734/313 1790/314
f 1790/314 1734/313 1698/305
f 1943/315 2008/316 1995/317
f 1995/317 2008/316 1920/318
f 1943/315 1995/317 1928/319
f 1749/320 1690/321 1928/319
f 1749/320 1928/319 1877/322
f 1928/319 1995/317 1899/323
f 1928/319 1899/323 1877/322
f 1995/317 1920/318 1882/324
f 1995/317 1882/324 1844/325
f 1995/317 1844/325 1899/323
f 1882/324 1920/318 1779/326
f 1779/326 1920/318 1814/327
f 1779/326 1814/327 1514/328
f 1779/326 1514/328 1567/329
f 1882/324 1779/326 1740/330
f 1740/330 1779/326 1567/329
f 1882/324 1740/330 1844/325
f 1740/330 1567/329 1609/331
f 1844/325 1740/330 1794/332
f 1794/332 1740/330 1609/331
f 1794/332 1609/331 1865/333
f 1865/333 1609/331 1717/334
f 1844/325 1794/332 1867/335
f 1867/335 1794/332 1865/333
f 1844/325 1867/335 1897/336
f 1844/325 1897/336 1899/323
f 1865/333 1717/334 1766/337
f 1867/335 1865/333 1961/338
f 1867/335 1961/338 1897/336
f 1865/333 1766/337 1910/339
f 1910/339 1766/337 1902/340
f 1910/339 1902/340 1982/341
f 1865/333 1910/339 1991/342
f 1991/342 1910/339 1982/341
f 1865/333 1991/342 1961/338
f 1991/342 1982/341 1980/343
f 1991/342 1980/343 1926/344
f 1926/344 1980/343 1918/345
f 1961/338 1991/342 1904/346
f 1904/346 1991/342 1926/344
f 1961/338 1904/346 1846/347
f 1961/338 1846/347 1897/336
f 1926/344 1918/345 1872/348
f 1872/348 1918/345 1870/349
f 1872/348 1870/349 1833/350
f 1833/350 1870/349 1745/351
f 1872/348 1833/350 1831/352
f 1831/352 1833/350 1745/351
f 1926/344 1872/348 1826/353
f 1826/353 1872/348 1831/352
f 1831/352 1745/351 1764/354
f 1926/344 1826/353 1777/355
f 1926/344 1777/355 1904/346
f 1831/352 1764/354 1728/356
f 1831/352 1728/356 1826/353
f 1728/356 1764/354 1745/351
f 1777/355 1826/353 1629/357
f 1629/357 1826/353 1728/356
f 1728/356 1745/351 1646/358
f 1728/356 1646/358 1629/357
f 1646/358 1745/351 1762/359
f 1646/358 1762/359 1670/360
f 1629/357 1646/358 1593/361
f 1593/361 1646/358 1670/360
f 1777/355 1629/357 1495/362
f 1495/362 1629/357 1593/361
f 1593/361 1670/360 1766/363
f 1766/363 1670/360 1824/364
f 1593/361 1766/363 1717/365
f 1593/361 1717/365 1446/366
f 1593/361 1446/366 1495/362
f 1446/366 1717/365 1609/367
f 1446/366 1609/367 1567/368
f 1446/366 1567/368 1386/369
f 1446/366 1386/369 1230/370
f 1446/366 1230/370 1495/362
f 1495/362 1230/370 1454/371
f 1454/371 1230/370 1318/372
f 1318/372 1230/370 1034/373
f 1495/362 1454/371 1648/374
f 1495/362 1648/374 1777/355
f 1777/355 1648/374 1904/346
f 1904/346 1648/374 1846/347
f 1318/372 1034/373 980/375
f 1648/374 1454/371 1754/376
f 1648/374 1754/376 1846/347
f 1754/376 1454/371 1318/372
f 1846/347 1754/376 1897/336
f 1897/336 1754/376 1854/377
f 1897/336 1854/377 1899/323
f 1899/323 1854/377 1703/378
f 1703/378 1854/377 1754/376
f 1899/323 1703/378 1877/322
f 1877/322 1703/378 1679/379
f 1679/379 1703/378 1634/380
f 1634/380 1703/378 1561/381
f 1703/378 1754/376 1584/382
f 1584/382 1754/376 1318/372
f 1703/378 1584/382 1561/381
f 1584/382 1318/372 1308/383
f 1584/382 1308/383 1561/381
f 1308/383 1318/372 980/375
f 1308/383 980/375 1320/384
f 1308/383 1320/384 1561/381
f 1320/384 980/375 1163/385
f 1561/381 1320/384 1586/386
f 1561/381 1586/386 1681/387
f 514/388 426/389 554/390
f 554/390 426/389 523/391
f 554/390 523/391 775/392
f 523/391 426/389 403/393
f 554/390 775/392 845/394
f 554/390 845/394 980/395
f 980/395 845/394 1163/396
f 1163/396 845/394 1134/397
f 1134/397 845/394 775/392
f 1134/397 775/392 1098/398
f 1098/398 775/392 716/399
f 1098/398 716/399 1026/400
f 474/401 775/392 523/391
f 775/392 474/401 716/399
f 474/401 523/391 403/393
f 1026/400 716/399 1048/402
f 474/401 403/393 349/403
f 1048/402 716/399 699/404
f 716/399 474/401 432/405
f 716/399 432/405 699/404
f 432/405 474/401 349/403
f 1048/402 699/404 973/406
f 699/404 432/405 338/407
f 973/406 699/404 606/408
f 606/408 699/404 338/407
f 973/406 606/408 584/409
f 973/406 584/409 956/410
f 584/409 606/408 317/411
f 317/411 606/408 338/407
f 956/410 584/409 565/412
f 565/412 584/409 317/411
f 956/410 565/412 911/413
f 307/414 338/407 432/405
f 307/414 432/405 349/403
f 338/407 307/414 184/415
f 911/413 565/412 540/416
f 911/413 540/416 912/417
f 338/407 184/415 217/418
f 338/407 217/418 317/411
f 184/415 307/414 186/419
f 184/415 186/419 217/418
f 912/417 540/416 521/420
f 912/417 521/420 792/421
f 792/421 521/420 506/422
f 521/420 540/416 257/423
f 521/420 257/423 506/422
f 792/421 506/422 841/424
f 841/424 506/422 492/425
f 841/424 492/425 793/426
f 257/423 540/416 280/427
f 280/427 540/416 565/412
f 280/427 565/412 313/428
f 313/428 565/412 317/411
f 280/427 313/428 166/429
f 166/429 313/428 317/411
f 257/423 280/427 94/430
f 94/430 280/427 166/429
f 166/429 317/411 152/431
f 152/431 317/411 217/418
f 94/430 166/429 147/432
f 152/431 217/418 219/433
f 166/429 152/431 157/434
f 157/434 152/431 219/433
f 166/429 157/434 147/432
f 219/433 217/418 186/419
f 71/435 257/423 94/430
f 94/430 147/432 87/436
f 94/430 87/436 71/435
f 257/423 71/435 269/437
f 257/423 269/437 506/422
f 506/422 269/437 225/438
f 506/422 225/438 237/439
f 237/439 225/438 2513/440
f 225/438 269/437 82/441
f 82/441 269/437 71/435
f 2513/440 225/438 2498/442
f 2498/442 225/438 82/441
f 2513/440 2498/442 2530/443
f 82/441 71/435 83/444
f 83/444 71/435 87/436
f 2498/442 82/441 11/445
f 11/445 82/441 83/444
f 2530/443 2498/442 2506/446
f 2506/446 2498/442 11/445
f 2530/443 2506/446 129/447
f 129/447 2506/446 11/445
f 83/444 87/436 210/448
f 2530/443 129/447 127/449
f 2530/443 127/449 2515/450
f 129/447 11/445 189/451
f 2515/450 127/449 159/452
f 168/453 11/445 83/444
f 11/445 168/453 189/451
f 168/453 83/444 210/448
f 189/451 168/453 418/454
f 189/451 418/454 129/447
f 418/454 168/453 210/448
f 390/455 127/449 129/447
f 390/455 129/447 418/454
f 406/456 159/452 127/449
f 127/449 390/455 396/457
f 127/449 396/457 406/456
f 159/452 406/456 411/458
f 159/452 411/458 134/459
f 134/459 411/458 424/460
f 411/458 406/456 762/461
f 762/461 406/456 396/457
f 424/460 411/458 759/462
f 424/460 759/462 787/463
f 759/462 411/458 762/461
f 762/461 396/457 707/464
f 759/462 762/461 1088/465
f 759/462 1088/465 1062/466
f 1062/466 1088/465 1124/467
f 1088/465 762/461 1020/468
f 1020/468 762/461 707/464
f 1124/467 1088/465 1198/469
f 1198/469 1088/465 1020/468
f 749/470 707/464 396/457
f 707/464 749/470 1020/468
f 749/470 396/457 390/455
f 1198/469 1020/468 1197/471
f 1124/467 1198/469 1069/472
f 1069/472 1198/469 1197/471
f 1124/467 1069/472 1030/473
f 1030/473 1069/472 793/474
f 793/474 1069/472 1087/475
f 1087/475 1069/472 1197/471
f 793/474 1087/475 841/476
f 1118/477 1020/468 749/470
f 1020/468 1118/477 1197/471
f 747/478 749/470 390/455
f 749/470 747/478 1118/477
f 747/478 390/455 418/454
f 841/476 1087/475 1010/479
f 841/476 1010/479 792/480
f 792/480 1010/479 912/481
f 1010/479 1087/475 1117/482
f 1117/482 1087/475 1197/471
f 912/481 1010/479 1146/483
f 1010/479 1117/482 1250/484
f 1010/479 1250/484 1146/483
f 912/481 1146/483 1136/485
f 1136/485 1146/483 1250/484
f 912/481 1136/485 911/486
f 1117/482 1197/471 1070/487
f 1070/487 1197/471 1118/477
f 1070/487 1118/477 747/478
f 1117/482 1070/487 1152/488
f 1117/482 1152/488 1250/484
f 1070/487 747/478 816/489
f 1070/487 816/489 1152/488
f 816/489 747/478 418/454
f 816/489 418/454 438/490
f 438/490 418/454 210/448
f 1152/488 816/489 832/491
f 832/491 816/489 438/490
f 1195/492 1250/484 1152/488
f 1195/492 1152/488 832/491
f 832/491 438/490 481/493
f 481/493 438/490 210/448
f 832/491 481/493 882/494
f 832/491 882/494 1195/492
f 481/493 210/448 286/495
f 286/495 210/448 87/436
f 286/495 87/436 147/432
f 481/493 286/495 516/496
f 481/493 516/496 882/494
f 286/495 147/432 284/497
f 286/495 284/497 516/496
f 284/497 147/432 157/434
f 882/494 516/496 900/498
f 882/494 900/498 1195/492
f 516/496 284/497 542/499
f 516/496 542/499 900/498
f 284/497 157/434 324/500
f 284/497 324/500 542/499
f 324/500 157/434 219/433
f 1195/492 900/498 1137/501
f 324/500 219/433 321/502
f 321/502 219/433 186/419
f 542/499 324/500 556/503
f 556/503 324/500 321/502
f 933/504 900/498 542/499
f 933/504 542/499 556/503
f 1137/501 900/498 1248/505
f 1248/505 900/498 933/504
f 1268/506 1195/492 1137/501
f 1268/506 1137/501 1248/505
f 933/504 556/503 689/507
f 689/507 556/503 321/502
f 1248/505 933/504 1059/508
f 1059/508 933/504 689/507
f 1248/505 1059/508 1376/509
f 1376/509 1059/508 1039/510
f 1039/510 1059/508 689/507
f 1248/505 1376/509 1463/511
f 689/507 321/502 415/512
f 415/512 321/502 186/419
f 1039/510 689/507 701/513
f 415/512 186/419 303/514
f 303/514 186/419 307/414
f 303/514 307/414 349/403
f 415/512 303/514 351/515
f 351/515 303/514 349/403
f 689/507 415/512 458/516
f 458/516 415/512 351/515
f 689/507 458/516 701/513
f 351/515 349/403 387/517
f 387/517 349/403 403/393
f 458/516 351/515 529/518
f 529/518 351/515 387/517
f 701/513 458/516 777/519
f 777/519 458/516 529/518
f 701/513 777/519 1039/510
f 387/517 403/393 456/520
f 456/520 403/393 426/389
f 456/520 426/389 532/521
f 529/518 387/517 499/522
f 499/522 387/517 456/520
f 529/518 499/522 582/523
f 529/518 582/523 777/519
f 499/522 456/520 593/524
f 499/522 593/524 582/523
f 593/524 456/520 600/525
f 600/525 456/520 413/526
f 413/526 456/520 497/527
f 413/526 497/527 682/528
f 413/526 682/528 600/525
f 600/525 682/528 854/529
f 600/525 854/529 593/524
f 854/529 682/528 995/530
f 995/530 682/528 993/531
f 995/530 993/531 1337/532
f 995/530 1337/532 854/529
f 1337/532 993/531 1322/533
f 593/524 854/529 839/534
f 593/524 839/534 582/523
f 839/534 854/529 1174/535
f 1174/535 854/529 1337/532
f 582/523 839/534 814/536
f 582/523 814/536 777/519
f 839/534 1174/535 1150/537
f 839/534 1150/537 814/536
f 1174/535 1337/532 1440/538
f 777/519 814/536 1121/539
f 1121/539 814/536 1150/537
f 777/519 1121/539 1114/540
f 777/519 1114/540 1039/510
f 1121/539 1150/537 1402/541
f 1407/542 1150/537 1174/535
f 1407/542 1174/535 1440/538
f 1150/537 1407/542 1402/541
f 1039/510 1114/540 1324/543
f 1039/510 1324/543 1376/509
f 1418/544 1114/540 1121/539
f 1114/540 1418/544 1324/543
f 1418/544 1121/539 1402/541
f 1376/509 1324/543 1463/511
f 1324/543 1418/544 1404/545
f 1324/543 1404/545 1463/511
f 1418/544 1402/541 1475/546
f 1418/544 1475/546 1404/545
f 1475/546 1402/541 1459/547
f 1404/545 1475/546 1288/548
f 1404/545 1288/548 1463/511
f 1475/546 1459/547 1344/549
f 1475/546 1344/549 1288/548
f 1459/547 1402/541 1473/550
f 1459/547 1473/550 1344/549
f 1473/550 1402/541 1407/542
f 1288/548 1344/549 1026/551
f 1288/548 1026/551 1048/552
f 1026/551 1344/549 1098/553
f 1288/548 1048/552 1346/554
f 1288/548 1346/554 1463/511
f 1346/554 1048/552 973/555
f 1098/553 1344/549 1400/556
f 1400/556 1344/549 1473/550
f 1098/553 1400/556 1134/557
f 1516/558 1473/550 1407/542
f 1473/550 1516/558 1400/556
f 1516/558 1407/542 1440/538
f 1134/557 1400/556 1428/559
f 1428/559 1400/556 1516/558
f 1134/557 1428/559 1163/560
f 1163/560 1428/559 1586/561
f 1586/561 1428/559 1516/558
f 1163/560 1586/561 1320/562
f 1586/561 1516/558 1681/563
f 1516/558 1440/538 1601/564
f 1516/558 1601/564 1681/563
f 1601/564 1440/538 1337/532
f 1601/564 1337/532 1563/565
f 1601/564 1563/565 1681/563
f 1563/565 1337/532 1322/533
f 1563/565 1322/533 1350/566
f 1681/563 1563/565 1634/567
f 1634/567 1563/565 1679/568
f 1681/563 1634/567 1561/569
f 1257/570 1346/554 973/555
f 1346/554 1257/570 1463/511
f 1257/570 973/555 1193/571
f 1463/511 1257/570 1352/572
f 1352/572 1257/570 1193/571
f 1463/511 1352/572 1248/505
f 1193/571 973/555 956/573
f 1248/505 1352/572 1268/506
f 1268/506 1352/572 1193/571
f 1193/571 956/573 1210/574
f 1193/571 1210/574 1268/506
f 1210/574 956/573 911/486
f 1210/574 911/486 1136/485
f 1268/506 1210/574 1298/575
f 1298/575 1210/574 1136/485
f 1268/506 1298/575 1195/492
f 1298/575 1136/485 1250/484
f 1298/575 1250/484 1195/492
f 1980/576 1982/577 1908/578
f 1980/576 1908/578 1918/579
f 1908/578 1982/577 1902/580
f 1918/579 1908/578 1870/581
f 1908/578 1902/580 1824/582
f 1824/582 1902/580 1766/583
f 1870/581 1908/578 1762/584
f 1762/584 1908/578 1824/582
f 1870/581 1762/584 1745/585
f 1762/584 1824/582 1670/586
f 1280/587 1291/588 1723/589
f 1723/589 1291/588 1525/590
f 1525/590 1291/588 1507/591
f 1507/591 1291/588 1280/587
f 1723/589 1525/590 2005/592
f 2005/592 1525/590 1507/591
f 1723/589 2005/592 2080/593
f 2005/592 1507/591 1554/594
f 1280/587 1723/589 1292/595
f 1507/591 1280/587 1140/596
f 1723/589 2080/593 1684/597
f 1723/589 1684/597 1292/595
f 1684/597 2080/593 2061/598
f 1292/595 1684/597 1328/599
f 2233/600 2080/593 2005/592
f 1280/587 1292/595 939/601
f 2080/593 2233/600 2266/602
f 2080/593 2266/602 2061/598
f 2233/600 2005/592 1968/603
f 1968/603 2005/592 1554/594
f 2233/600 1968/603 2220/604
f 2233/600 2220/604 2423/605
f 2233/600 2423/605 2266/602
f 2220/604 1968/603 2210/606
f 1968/603 1554/594 1970/607
f 1968/603 1970/607 2210/606
f 2423/605 2220/604 2416/608
f 2416/608 2220/604 2210/606
f 2210/606 1970/607 1972/609
f 2210/606 1972/609 2212/610
f 2210/606 2212/610 2399/611
f 2210/606 2399/611 2416/608
f 1972/609 1970/607 1618/612
f 2416/608 2399/611 2472/613
f 2423/605 2416/608 2474/614
f 2474/614 2416/608 2472/613
f 2423/605 2474/614 2266/602
f 2474/614 2472/613 2484/615
f 1618/612 1970/607 1556/616
f 1556/616 1970/607 1554/594
f 1618/612 1556/616 1243/617
f 2474/614 2484/615 2450/618
f 2474/614 2450/618 2266/602
f 2450/618 2484/615 2476/619
f 2450/618 2476/619 2478/620
f 2450/618 2478/620 2447/621
f 2450/618 2447/621 2266/602
f 2266/602 2447/621 2260/622
f 2266/602 2260/622 2061/598
f 2260/622 2447/621 2250/623
f 2260/622 2250/623 2061/598
f 2250/623 2447/621 2430/624
f 2250/623 2430/624 2247/625
f 2250/623 2247/625 2049/626
f 2049/626 2247/625 2051/627
f 2049/626 2051/627 1696/628
f 2250/623 2049/626 2063/629
f 2250/623 2063/629 2061/598
f 2049/626 1696/628 1694/630
f 2049/626 1694/630 2063/629
f 2061/598 2063/629 1710/631
f 1710/631 2063/629 1694/630
f 2061/598 1710/631 1684/597
f 1684/597 1710/631 1328/599
f 1328/599 1710/631 1694/630
f 1694/630 1696/628 1330/632
f 1694/630 1330/632 1328/599
f 1330/632 1696/628 1424/633
f 1328/599 1330/632 941/634
f 941/634 1330/632 1424/633
f 1328/599 941/634 958/635
f 1328/599 958/635 1292/595
f 1292/595 958/635 939/601
f 941/634 1424/633 917/636
f 917/636 1424/633 1389/637
f 917/636 1389/637 944/638
f 944/638 1389/637 1391/639
f 1391/639 1389/637 1537/640
f 1391/639 1537/640 1636/641
f 917/636 944/638 534/642
f 917/636 534/642 941/634
f 534/642 944/638 518/643
f 534/642 518/643 213/644
f 941/634 534/642 508/645
f 508/645 534/642 213/644
f 941/634 508/645 958/635
f 958/635 508/645 494/646
f 958/635 494/646 939/601
f 508/645 213/644 170/647
f 508/645 170/647 494/646
f 170/647 213/644 47/648
f 170/647 47/648 24/649
f 170/647 24/649 161/650
f 170/647 161/650 494/646
f 161/650 24/649 31/651
f 494/646 161/650 140/652
f 140/652 161/650 31/651
f 479/653 939/601 494/646
f 479/653 494/646 140/652
f 140/652 31/651 2488/654
f 2488/654 31/651 42/655
f 42/655 31/651 63/656
f 140/652 2488/654 7/657
f 7/657 2488/654 42/655
f 7/657 42/655 41/658
f 42/655 63/656 204/659
f 42/655 204/659 41/658
f 204/659 63/656 233/660
f 204/659 233/660 449/661
f 140/652 7/657 139/662
f 140/652 139/662 479/653
f 7/657 41/658 199/663
f 199/663 41/658 204/659
f 7/657 199/663 139/662
f 199/663 204/659 363/664
f 199/663 363/664 139/662
f 204/659 449/661 442/665
f 204/659 442/665 363/664
f 139/662 363/664 329/666
f 139/662 329/666 479/653
f 329/666 363/664 615/667
f 615/667 363/664 442/665
f 329/666 615/667 621/668
f 621/668 615/667 807/669
f 329/666 621/668 624/670
f 329/666 624/670 479/653
f 624/670 621/668 807/669
f 807/669 615/667 825/671
f 807/669 825/671 624/670
f 825/671 615/667 442/665
f 479/653 624/670 937/672
f 937/672 624/670 825/671
f 479/653 937/672 939/601
f 939/601 937/672 1280/587
f 1280/587 937/672 1140/596
f 1140/596 937/672 825/671
f 825/671 442/665 865/673
f 825/671 865/673 1140/596
f 865/673 442/665 850/674
f 850/674 442/665 449/661
f 850/674 449/661 503/675
f 1140/596 865/673 1179/676
f 1140/596 1179/676 1507/591
f 1507/591 1179/676 1554/594
f 1554/594 1179/676 1556/616
f 1179/676 865/673 1181/677
f 1179/676 1181/677 1556/616
f 1181/677 865/673 850/674
f 1556/616 1181/677 1243/617
f 886/678 850/674 503/675
f 850/674 886/678 1181/677
f 1181/677 886/678 1243/617
f 886/678 503/675 550/679
f 886/678 550/679 915/680
f 886/678 915/680 1243/617
f 1243/617 915/680 1276/681
f 2484/682 2472/683 2486/684
f 2484/682 2486/684 2476/685
f 2476/685 2486/684 2478/686
f 2486/684 2472/683 2462/687
f 2462/687 2472/683 2399/688
f 2478/686 2486/684 2480/689
f 2480/689 2486/684 2462/687
f 2478/686 2480/689 2466/690
f 2478/686 2466/690 2447/691
f 2447/691 2466/690 2430/692
f 2462/687 2399/688 2390/693
f 2390/693 2399/688 2212/694
f 2480/689 2462/687 2464/695
f 2464/695 2462/687 2390/693
f 2466/690 2480/689 2482/696
f 2482/696 2480/689 2464/695
f 2430/692 2466/690 2468/697
f 2468/697 2466/690 2482/696
f 2430/692 2468/697 2432/698
f 2430/692 2432/698 2247/699
f 2468/697 2482/696 2470/700
f 2482/696 2464/695 2456/701
f 2482/696 2456/701 2470/700
f 2456/701 2464/695 2375/702
f 2375/702 2464/695 2390/693
f 2470/700 2456/701 2444/703
f 2456/701 2375/702 2324/704
f 2456/701 2324/704 2444/703
f 2375/702 2390/693 2199/705
f 2375/702 2199/705 2324/704
f 2199/705 2390/693 2212/694
f 2199/705 2212/694 1988/706
f 1988/706 2212/694 1972/707
f 1988/706 1972/707 1618/708
f 2324/704 2199/705 2180/709
f 2180/709 2199/705 1988/706
f 2352/710 2444/703 2324/704
f 2352/710 2324/704 2180/709
f 2453/711 2470/700 2444/703
f 2453/711 2444/703 2352/710
f 2470/700 2453/711 2459/712
f 2470/700 2459/712 2468/697
f 2468/697 2459/712 2432/698
f 2459/712 2453/711 2442/713
f 2442/713 2453/711 2352/710
f 2432/698 2459/712 2418/714
f 2418/714 2459/712 2442/713
f 2432/698 2418/714 2243/715
f 2432/698 2243/715 2247/699
f 2247/699 2243/715 2051/716
f 2418/714 2442/713 2379/717
f 2418/714 2379/717 2245/718
f 2245/718 2379/717 2442/713
f 2418/714 2245/718 2243/715
f 2245/718 2442/713 2283/719
f 2283/719 2442/713 2352/710
f 2243/715 2245/718 2073/720
f 2243/715 2073/720 2051/716
f 2245/718 2283/719 2108/721
f 2245/718 2108/721 2073/720
f 2283/719 2352/710 2153/722
f 2283/719 2153/722 2108/721
f 2153/722 2352/710 2180/709
f 2073/720 2108/721 1893/723
f 1893/723 2108/721 2153/722
f 1769/724 2051/716 2073/720
f 1769/724 2073/720 1893/723
f 2051/716 1769/724 1696/725
f 1696/725 1769/724 1424/726
f 1424/726 1769/724 1665/727
f 1665/727 1769/724 1893/723
f 1424/726 1665/727 1389/728
f 1389/728 1665/727 1537/729
f 1665/727 1893/723 1809/730
f 1665/727 1809/730 1537/729
f 1809/730 1893/723 2023/731
f 2023/731 1893/723 2153/722
f 1537/729 1809/730 1732/732
f 1732/732 1809/730 2023/731
f 2023/731 2153/722 2006/733
f 2023/731 2006/733 1732/732
f 2006/733 2153/722 2180/709
f 2006/733 2180/709 1988/706
f 2006/733 1988/706 1732/732
f 1732/732 1988/706 1618/708
f 1732/732 1618/708 1243/734
f 1732/732 1243/734 1276/735
f 1732/732 1276/735 1537/729
f 1537/729 1276/735 1636/736
f 1276/737 915/738 1024/739
f 1276/737 1024/739 1484/740
f 1276/737 1484/740 1636/741
f 1024/739 915/738 574/742
f 574/742 915/738 550/743
f 1484/740 1024/739 1038/744
f 1024/739 574/742 586/745
f 1024/739 586/745 1038/744
f 1484/740 1038/744 1444/746
f 1484/740 1444/746 1636/741
f 1038/744 586/745 588/747
f 1636/741 1444/746 1479/748
f 1636/741 1479/748 1391/749
f 1391/749 1479/748 1282/750
f 1282/750 1479/748 1604/751
f 1282/750 1604/751 1357/752
f 1604/751 1479/748 1489/753
f 1074/754 1444/746 1038/744
f 1074/754 1038/744 588/747
f 1437/755 1479/748 1444/746
f 1437/755 1444/746 1074/754
f 1479/748 1437/755 1489/753
f 1489/753 1437/755 1045/756
f 1045/756 1437/755 1074/754
f 1489/753 1045/756 1083/757
f 1083/757 1045/756 576/758
f 1045/756 1074/754 590/759
f 1045/756 590/759 576/758
f 590/759 1074/754 588/747
f 576/758 590/759 332/760
f 590/759 588/747 311/761
f 590/759 311/761 332/760
f 311/761 588/747 586/745
f 332/760 311/761 68/762
f 311/761 586/745 310/763
f 310/763 586/745 574/742
f 68/762 311/761 110/764
f 110/764 311/761 310/763
f 68/762 110/764 2504/765
f 310/763 574/742 301/766
f 301/766 574/742 550/743
f 110/764 310/763 78/767
f 78/767 310/763 301/766
f 301/766 550/743 275/768
f 301/766 275/768 78/767
f 275/768 550/743 503/769
f 2490/770 2504/765 110/764
f 2490/770 110/764 78/767
f 18/771 19/772 2504/765
f 2490/770 78/767 2489/773
f 18/771 2504/765 84/774
f 84/774 2504/765 2490/770
f 2490/770 2489/773 67/775
f 2490/770 67/775 84/774
f 2489/773 78/767 47/776
f 2489/773 47/776 67/775
f 47/776 78/767 91/777
f 91/777 78/767 275/768
f 67/775 47/776 213/778
f 47/776 91/777 24/779
f 67/775 213/778 245/780
f 67/775 245/780 84/774
f 245/780 213/778 518/781
f 24/779 91/777 65/782
f 65/782 91/777 275/768
f 24/779 65/782 31/783
f 31/783 65/782 63/784
f 65/782 275/768 248/785
f 65/782 248/785 63/784
f 248/785 275/768 503/769
f 63/784 248/785 233/786
f 248/785 503/769 449/787
f 248/785 449/787 233/786
f 261/788 245/780 518/781
f 245/780 261/788 84/774
f 261/788 518/781 545/789
f 84/774 261/788 262/790
f 262/790 261/788 545/789
f 545/789 518/781 944/791
f 84/774 262/790 235/792
f 235/792 262/790 545/789
f 84/774 235/792 18/771
f 18/771 235/792 69/793
f 69/793 235/792 181/794
f 545/789 944/791 945/795
f 945/795 944/791 1391/796
f 945/795 1391/796 1282/797
f 181/794 235/792 330/798
f 181/794 330/798 333/799
f 552/800 235/792 545/789
f 235/792 552/800 330/798
f 552/800 545/789 945/795
f 333/799 330/798 569/801
f 569/801 330/798 552/800
f 333/799 569/801 592/802
f 552/800 945/795 946/803
f 946/803 945/795 1282/797
f 552/800 946/803 569/801
f 946/803 1282/797 1357/804
f 592/802 569/801 974/805
f 974/805 569/801 946/803
f 974/805 946/803 1357/804
f 592/802 974/805 947/806
f 974/805 1357/804 1283/807
f 974/805 1283/807 947/806
f 1083/808 576/809 578/810
f 1083/808 578/810 1112/811
f 578/810 576/809 332/812
f 578/810 332/812 295/813
f 1112/811 578/810 573/814
f 578/810 295/813 315/815
f 578/810 315/815 573/814
f 315/815 295/813 54/816
f 54/816 295/813 332/812
f 1112/811 573/814 1076/817
f 1112/811 1076/817 1358/818
f 54/816 332/812 116/819
f 116/819 332/812 68/820
f 116/819 68/820 19/821
f 116/819 19/821 54/816
f 19/821 68/820 2504/822
f 1358/818 1076/817 1486/823
f 54/816 19/821 2523/824
f 1358/818 1486/823 1686/825
f 1358/818 1686/825 1481/826
f 1686/825 1486/823 1445/827
f 1486/823 1076/817 1156/828
f 1486/823 1156/828 1445/827
f 1156/828 1076/817 595/829
f 595/829 1076/817 573/814
f 1427/830 1379/831 1686/825
f 1427/830 1686/825 1591/832
f 1591/832 1686/825 1445/827
f 1427/830 1591/832 1452/833
f 1591/832 1445/827 1811/834
f 1591/832 1811/834 1452/833
f 595/829 573/814 289/835
f 289/835 573/814 315/815
f 595/829 289/835 302/836
f 289/835 315/815 105/837
f 105/837 315/815 54/816
f 289/835 105/837 58/838
f 289/835 58/838 302/836
f 105/837 54/816 8/839
f 105/837 8/839 58/838
f 8/839 54/816 2523/824
f 58/838 8/839 2524/840
f 8/839 2523/824 6/841
f 8/839 6/841 2524/840
f 6/841 2523/824 2510/842
f 58/838 2524/840 2509/843
f 2510/842 2523/824 69/844
f 69/844 2523/824 19/821
f 69/844 19/821 18/845
f 2510/842 69/844 239/846
f 2510/842 239/846 6/841
f 239/846 69/844 181/847
f 239/846 181/847 333/848
f 239/846 333/848 592/849
f 239/846 592/849 580/850
f 6/841 239/846 250/851
f 250/851 239/846 580/850
f 2505/852 2524/840 6/841
f 2505/852 6/841 250/851
f 2524/840 2505/852 2509/843
f 250/851 580/850 581/853
f 581/853 580/850 985/854
f 2505/852 250/851 222/855
f 222/855 250/851 581/853
f 2505/852 222/855 2491/856
f 2505/852 2491/856 2509/843
f 222/855 581/853 603/857
f 581/853 985/854 1004/858
f 581/853 1004/858 603/857
f 1004/858 985/854 1427/859
f 1004/858 1427/859 1452/860
f 1004/858 1452/860 1091/861
f 1004/858 1091/861 603/857
f 1091/861 1452/860 1284/862
f 1091/861 1284/862 603/857
f 251/863 222/855 603/857
f 222/855 251/863 2491/856
f 603/857 1284/862 649/864
f 603/857 649/864 251/863
f 649/864 1284/862 687/865
f 649/864 687/865 251/863
f 687/865 1284/862 725/866
f 725/866 1284/862 1453/867
f 687/865 725/866 316/868
f 687/865 316/868 251/863
f 251/863 316/868 131/869
f 251/863 131/869 2491/856
f 2491/856 131/869 2509/843
f 2509/843 131/869 86/870
f 86/870 131/869 165/871
f 2509/843 86/870 76/872
f 2509/843 76/872 58/838
f 86/870 165/871 206/873
f 86/870 206/873 76/872
f 58/838 76/872 302/836
f 302/836 76/872 206/873
f 206/873 165/871 265/874
f 265/874 165/871 274/875
f 302/836 206/873 665/876
f 265/874 274/875 692/877
f 692/877 274/875 242/878
f 206/873 265/874 688/879
f 206/873 688/879 665/876
f 265/874 692/877 671/880
f 265/874 671/880 688/879
f 671/880 692/877 1361/881
f 1361/881 692/877 672/882
f 1361/881 672/882 1406/883
f 1361/881 1406/883 1997/884
f 1361/881 1997/884 1979/885
f 1979/885 1997/884 2155/886
f 1361/881 1979/885 1886/887
f 1886/887 1979/885 2155/886
f 671/880 1361/881 1294/888
f 671/880 1294/888 688/879
f 1294/888 1361/881 1886/887
f 1886/887 2155/886 2125/889
f 2125/889 2155/886 2036/890
f 1886/887 2125/889 2065/891
f 2065/891 2125/889 2036/890
f 1294/888 1886/887 1813/892
f 1813/892 1886/887 2065/891
f 1227/893 688/879 1294/888
f 1227/893 1294/888 1813/892
f 688/879 1227/893 665/876
f 1227/893 1813/892 1205/894
f 1227/893 1205/894 665/876
f 1813/892 2065/891 1811/834
f 1813/892 1811/834 1612/895
f 1813/892 1612/895 1205/894
f 1612/895 1811/834 1445/827
f 1612/895 1445/827 1205/894
f 1205/894 1445/827 1156/828
f 665/876 1205/894 630/896
f 630/896 1205/894 1156/828
f 665/876 630/896 302/836
f 630/896 1156/828 595/829
f 630/896 595/829 302/836
f 1658/897 1811/834 2065/891
f 1811/834 1658/897 1452/833
f 1452/833 1658/897 1284/898
f 1658/897 2065/891 1925/899
f 1658/897 1925/899 1284/898
f 1925/899 2065/891 2036/890
f 1284/898 1925/899 1453/900
f 1453/900 1925/899 2036/890
f 1453/900 2036/890 1526/901
f 1489/902 1083/903 1416/904
f 1416/904 1083/903 1112/905
f 1489/902 1416/904 1604/906
f 1416/904 1112/905 1358/907
f 1604/906 1416/904 1509/908
f 1509/908 1416/904 1358/907
f 1604/906 1509/908 1357/909
f 1509/908 1358/907 1481/910
f 1357/909 1509/908 1283/911
f 1283/911 1509/908 1481/910
f 1283/911 1481/910 1379/912
f 1379/912 1481/910 1686/913
f 1283/911 1379/912 985/914
f 985/914 1379/912 1427/915
f 1283/911 985/914 947/916
f 947/916 985/914 592/917
f 592/917 985/914 580/918
f 131/919 316/920 358/921
f 358/921 316/920 725/922
f 1453/923 1526/924 725/922
f 725/922 1526/924 808/925
f 725/922 808/925 358/921
f 808/925 1526/924 867/926
f 867/926 1526/924 1592/927
f 358/921 808/925 373/928
f 373/928 808/925 867/926
f 132/929 131/919 358/921
f 131/919 132/929 165/930
f 358/921 373/928 207/931
f 358/921 207/931 132/929
f 165/930 132/929 97/932
f 97/932 132/929 207/931
f 165/930 97/932 274/933
f 274/933 97/932 242/934
f 409/935 373/928 867/926
f 373/928 409/935 207/931
f 961/936 867/926 1592/927
f 867/926 961/936 409/935
f 961/936 1592/927 1624/937
f 961/936 1624/937 1637/938
f 1637/938 1624/937 1659/939
f 961/936 1637/938 971/940
f 971/940 1637/938 1659/939
f 961/936 971/940 409/935
f 971/940 1659/939 972/941
f 971/940 972/941 402/942
f 971/940 402/942 409/935
f 402/942 972/941 386/943
f 402/942 386/943 409/935
f 386/943 972/941 392/944
f 386/943 392/944 409/935
f 392/944 972/941 975/945
f 392/944 975/945 407/946
f 409/935 392/944 425/947
f 425/947 392/944 407/946
f 192/948 207/931 409/935
f 192/948 409/935 425/947
f 207/931 192/948 97/932
f 425/947 407/946 412/949
f 412/949 407/946 992/950
f 192/948 425/947 193/951
f 425/947 412/949 445/952
f 425/947 445/952 193/951
f 445/952 412/949 423/953
f 423/953 412/949 1001/954
f 445/952 423/953 431/955
f 445/952 431/955 452/956
f 445/952 452/956 193/951
f 193/951 452/956 151/957
f 151/957 452/956 344/958
f 50/959 192/948 193/951
f 193/951 151/957 2514/960
f 193/951 2514/960 50/959
f 151/957 344/958 353/961
f 353/961 344/958 368/962
f 353/961 368/962 366/963
f 192/948 50/959 93/964
f 192/948 93/964 97/932
f 97/932 93/964 242/934
f 93/964 50/959 55/965
f 93/964 55/965 242/934
f 672/966 692/967 242/934
f 672/966 242/934 666/968
f 242/934 55/965 223/969
f 242/934 223/969 666/968
f 666/968 223/969 230/970
f 230/970 223/969 55/965
f 666/968 230/970 675/971
f 675/971 230/970 678/972
f 30/973 55/965 50/959
f 55/965 30/973 230/970
f 30/973 50/959 2514/960
f 678/972 230/970 216/974
f 216/974 230/970 30/973
f 678/972 216/974 679/975
f 679/975 216/974 677/976
f 216/974 30/973 2581/977
f 2581/977 30/973 2514/960
f 2581/977 2514/960 2610/978
f 2581/977 2610/978 2614/979
f 2614/979 2610/978 2631/980
f 2610/978 2514/960 2554/981
f 2631/980 2610/978 2622/982
f 2622/982 2610/978 2554/981
f 2631/980 2622/982 2629/983
f 2631/980 2629/983 2694/984
f 2631/980 2694/984 2680/985
f 2680/985 2694/984 2700/986
f 2554/981 2514/960 151/957
f 2622/982 2554/981 2538/987
f 2554/981 151/957 194/988
f 2554/981 194/988 2538/987
f 194/988 151/957 353/961
f 2538/987 194/988 246/989
f 194/988 353/961 359/990
f 194/988 359/990 246/989
f 359/990 353/961 366/963
f 246/989 359/990 375/991
f 359/990 366/963 370/992
f 375/991 359/990 377/993
f 359/990 370/992 369/994
f 359/990 369/994 374/995
f 359/990 374/995 377/993
f 374/995 369/994 745/996
f 374/995 745/996 753/997
f 374/995 753/997 377/993
f 377/993 753/997 770/998
f 1406/999 672/1000 666/1001
f 1406/999 666/1001 1534/1002
f 1534/1002 666/1001 1753/1003
f 1753/1003 666/1001 675/1004
f 1406/999 1534/1002 2067/1005
f 1406/999 2067/1005 1997/1006
f 1753/1003 675/1004 678/1007
f 2067/1005 1534/1002 2111/1008
f 2111/1008 1534/1002 1753/1003
f 1997/1006 2067/1005 2182/1009
f 2182/1009 2067/1005 2111/1008
f 1753/1003 678/1007 1860/1010
f 1860/1010 678/1007 679/1011
f 2111/1008 1753/1003 2130/1012
f 2130/1012 1753/1003 1860/1010
f 2111/1008 2130/1012 2222/1013
f 2111/1008 2222/1013 2182/1009
f 2130/1012 1860/1010 2184/1014
f 1860/1010 679/1011 1891/1015
f 1860/1010 1891/1015 2184/1014
f 1891/1015 679/1011 677/1016
f 1891/1015 677/1016 1875/1017
f 1891/1015 1875/1017 2198/1018
f 1891/1015 2198/1018 2184/1014
f 2184/1014 2198/1018 2299/1019
f 2130/1012 2184/1014 2236/1020
f 2130/1012 2236/1020 2222/1013
f 2184/1014 2299/1019 2263/1021
f 2263/1021 2299/1019 2412/1022
f 2184/1014 2263/1021 2236/1020
f 2236/1020 2263/1021 2214/1023
f 2214/1023 2263/1021 2360/1024
f 2222/1013 2236/1020 2112/1025
f 2236/1020 2214/1023 2098/1026
f 2236/1020 2098/1026 2112/1025
f 2222/1013 2112/1025 2088/1027
f 2222/1013 2088/1027 2182/1009
f 2088/1027 2112/1025 1633/1028
f 2083/1029 2214/1023 2254/1030
f 2214/1023 2083/1029 2098/1026
f 1458/1031 2083/1029 2047/1032
f 2083/1029 1458/1031 1435/1033
f 2083/1029 1435/1033 2098/1026
f 1019/1034 1017/1035 1458/1031
f 1458/1031 1017/1035 1435/1033
f 1654/1036 2112/1025 2098/1026
f 2112/1025 1654/1036 1633/1028
f 2098/1026 1435/1033 1434/1037
f 2098/1026 1434/1037 1655/1038
f 2098/1026 1655/1038 1654/1036
f 1434/1037 1435/1033 779/1039
f 1435/1033 1017/1035 785/1040
f 1435/1033 785/1040 779/1039
f 785/1040 1017/1035 799/1041
f 799/1041 1017/1035 838/1042
f 799/1041 838/1042 770/1043
f 799/1041 770/1043 753/1044
f 799/1041 753/1044 745/1045
f 799/1041 745/1045 744/1046
f 744/1046 745/1045 369/1047
f 744/1046 369/1047 370/1048
f 799/1041 744/1046 713/1049
f 713/1049 744/1046 370/1048
f 799/1041 713/1049 785/1040
f 713/1049 370/1048 366/1050
f 785/1040 713/1049 722/1051
f 722/1051 713/1049 366/1050
f 785/1040 722/1051 779/1039
f 722/1051 366/1050 368/1052
f 722/1051 368/1052 710/1053
f 722/1051 710/1053 779/1039
f 710/1053 368/1052 365/1054
f 710/1053 365/1054 779/1039
f 365/1054 368/1052 344/1055
f 365/1054 344/1055 779/1039
f 779/1039 344/1055 1007/1056
f 779/1039 1007/1056 1434/1037
f 1007/1056 344/1055 452/1057
f 1434/1037 1007/1056 1655/1038
f 1007/1056 452/1057 1003/1058
f 1007/1056 1003/1058 1655/1038
f 1003/1058 452/1057 431/1059
f 1003/1058 431/1059 1002/1060
f 1002/1060 431/1059 423/1061
f 1655/1038 1003/1058 1676/1062
f 1676/1062 1003/1058 1701/1063
f 1655/1038 1676/1062 1654/1036
f 1654/1036 1676/1062 1701/1063
f 1654/1036 1701/1063 1700/1064
f 1654/1036 1700/1064 1687/1065
f 1654/1036 1687/1065 1633/1028
f 1633/1028 1687/1065 1660/1066
f 1633/1028 1660/1066 1624/1067
f 1624/1067 1660/1066 1659/1068
f 1633/1028 1624/1067 2088/1027
f 2088/1027 1624/1067 2025/1069
f 2088/1027 2025/1069 2182/1009
f 2025/1069 1624/1067 1592/1070
f 2182/1009 2025/1069 2120/1071
f 2182/1009 2120/1071 1997/1006
f 1997/1006 2120/1071 2155/1072
f 2120/1071 2025/1069 2097/1073
f 2120/1071 2097/1073 2155/1072
f 2097/1073 2025/1069 1592/1070
f 2155/1072 2097/1073 2036/1074
f 2036/1074 2097/1073 1592/1070
f 2036/1074 1592/1070 1526/1075
f 972/1076 1659/1077 975/1078
f 975/1078 1659/1077 1660/1079
f 407/1080 975/1081 992/1082
f 992/1082 975/1081 1687/1083
f 1687/1083 975/1081 1660/1084
f 992/1082 1687/1083 1001/1085
f 992/1082 1001/1085 412/1086
f 1001/1085 1687/1083 1700/1087
f 1001/1085 1700/1087 1002/1088
f 1001/1085 1002/1088 423/1089
f 1002/1088 1700/1087 1701/1090
f 1002/1088 1701/1090 1003/1091
f 2083/1092 2254/1093 2047/1094
f 2047/1094 2254/1093 2269/1095
f 2360/1096 2254/1093 2214/1097
f 2263/1098 2412/1099 2360/1096
f 2360/1096 2412/1099 2420/1100
f 2254/1093 2360/1096 2377/1101
f 2377/1101 2360/1096 2420/1100
f 2254/1093 2377/1101 2269/1095
f 2377/1101 2420/1100 2434/1102
f 2377/1101 2434/1102 2269/1095
f 2434/1102 2420/1100 2455/1103
f 2434/1102 2455/1103 2452/1104
f 2434/1102 2452/1104 2436/1105
f 2436/1105 2452/1104 2449/1106
f 2436/1105 2449/1106 2424/1107
f 2434/1102 2436/1105 2313/1108
f 2434/1102 2313/1108 2269/1095
f 2436/1105 2424/1107 2300/1109
f 2436/1105 2300/1109 2313/1108
f 2300/1109 2424/1107 2315/1110
f 2315/1110 2424/1107 2381/1111
f 2315/1110 2381/1111 2331/1112
f 2269/1095 2313/1108 2069/1113
f 2269/1095 2069/1113 2047/1094
f 2313/1108 2300/1109 2057/1114
f 2313/1108 2057/1114 2069/1113
f 2300/1109 2315/1110 2076/1115
f 2300/1109 2076/1115 2057/1114
f 2047/1094 2069/1113 1449/1116
f 2047/1094 1449/1116 1438/1117
f 2069/1113 2057/1114 1518/1118
f 1518/1118 2057/1114 2076/1115
f 2069/1113 1518/1118 1449/1116
f 2076/1115 2315/1110 2114/1119
f 2204/1120 2315/1110 2331/1112
f 2315/1110 2204/1120 2114/1119
f 2204/1120 2331/1112 2285/1121
f 2285/1121 2331/1112 2401/1122
f 2285/1121 2401/1122 2406/1123
f 2076/1115 2114/1119 1502/1124
f 2076/1115 1502/1124 1518/1118
f 2285/1121 2406/1123 2286/1125
f 2286/1125 2406/1123 2308/1126
f 2204/1120 2285/1121 2223/1127
f 2223/1127 2285/1121 2286/1125
f 2011/1128 2114/1119 2204/1120
f 2011/1128 2204/1120 2223/1127
f 2286/1125 2308/1126 2225/1129
f 2286/1125 2225/1129 2223/1127
f 2225/1129 2308/1126 2161/1130
f 2225/1129 2161/1130 2156/1131
f 2225/1129 2156/1131 2223/1127
f 2114/1119 2011/1128 1499/1132
f 2114/1119 1499/1132 1502/1124
f 2011/1128 2223/1127 2034/1133
f 2011/1128 2034/1133 1499/1132
f 2223/1127 2156/1131 1879/1134
f 2223/1127 1879/1134 2034/1133
f 1879/1134 2156/1131 2117/1135
f 2117/1135 2156/1131 2099/1136
f 2117/1135 2099/1136 1816/1137
f 2117/1135 1816/1137 1798/1138
f 2117/1135 1798/1138 1879/1134
f 1798/1138 1816/1137 1354/1139
f 1879/1134 1798/1138 1409/1140
f 1409/1140 1798/1138 1354/1139
f 1879/1134 1409/1140 2034/1133
f 1409/1140 1354/1139 884/1141
f 2034/1133 1409/1140 1520/1142
f 2034/1133 1520/1142 1499/1132
f 1409/1140 884/1141 902/1143
f 902/1143 884/1141 371/1144
f 1520/1142 1409/1140 913/1145
f 913/1145 1409/1140 902/1143
f 1520/1142 913/1145 1499/1132
f 902/1143 371/1144 354/1146
f 902/1143 354/1146 913/1145
f 354/1146 371/1144 2516/1147
f 1499/1132 913/1145 921/1148
f 1499/1132 921/1148 1502/1124
f 354/1146 2516/1147 2549/1149
f 1502/1124 921/1148 874/1150
f 921/1148 913/1145 347/1151
f 921/1148 347/1151 874/1150
f 1502/1124 874/1150 1518/1118
f 2549/1149 2516/1147 2654/1152
f 2654/1152 2516/1147 2612/1153
f 2654/1152 2612/1153 2664/1154
f 2549/1149 2654/1152 2547/1155
f 2549/1149 2547/1155 354/1146
f 2547/1155 2654/1152 2647/1156
f 334/1157 913/1145 354/1146
f 334/1157 354/1146 2547/1155
f 913/1145 334/1157 347/1151
f 2547/1155 2647/1156 2533/1158
f 2547/1155 2533/1158 334/1157
f 334/1157 2533/1158 347/1151
f 347/1151 2533/1158 2525/1159
f 2525/1159 2533/1158 2618/1160
f 2618/1160 2533/1158 2609/1161
f 2618/1160 2609/1161 2632/1162
f 2618/1160 2632/1162 2638/1163
f 347/1151 2525/1159 345/1164
f 347/1151 345/1164 874/1150
f 2525/1159 2618/1160 2603/1165
f 2649/1166 2644/1167 2618/1160
f 2618/1160 2644/1167 2603/1165
f 2603/1165 2644/1167 2606/1168
f 2525/1159 2603/1165 17/1169
f 2525/1159 17/1169 345/1164
f 2603/1165 2606/1168 2588/1170
f 2603/1165 2588/1170 17/1169
f 2588/1170 2606/1168 2595/1171
f 2588/1170 2595/1171 2586/1172
f 2586/1172 2595/1171 2608/1173
f 17/1169 2588/1170 80/1174
f 80/1174 2588/1170 2586/1172
f 326/1175 345/1164 17/1169
f 326/1175 17/1169 80/1174
f 2586/1172 2608/1173 2576/1176
f 2586/1172 2576/1176 80/1174
f 2576/1176 2608/1173 2594/1177
f 345/1164 326/1175 645/1178
f 345/1164 645/1178 874/1150
f 645/1178 326/1175 319/1179
f 319/1179 326/1175 80/1174
f 874/1150 645/1178 1041/1180
f 874/1150 1041/1180 1518/1118
f 1041/1180 645/1178 654/1181
f 654/1181 645/1178 319/1179
f 1518/1118 1041/1180 1028/1182
f 1028/1182 1041/1180 654/1181
f 1518/1118 1028/1182 1449/1116
f 1449/1116 1028/1182 1019/1183
f 1019/1183 1028/1182 862/1184
f 862/1184 1028/1182 654/1181
f 862/1184 654/1181 786/1185
f 862/1184 786/1185 782/1186
f 782/1186 786/1185 389/1187
f 786/1185 654/1181 395/1188
f 786/1185 395/1188 389/1187
f 395/1188 654/1181 319/1179
f 389/1187 395/1188 384/1189
f 384/1189 395/1188 383/1190
f 383/1190 395/1188 319/1179
f 383/1190 319/1179 267/1191
f 267/1191 319/1179 80/1174
f 267/1191 80/1174 2511/1192
f 267/1191 2511/1192 246/1193
f 246/1193 2511/1192 2538/1194
f 2511/1192 80/1174 2601/1195
f 2511/1192 2601/1195 2538/1194
f 2601/1195 80/1174 2576/1176
f 2538/1194 2601/1195 2622/1196
f 2601/1195 2576/1176 2594/1177
f 2622/1196 2601/1195 2629/1197
f 2601/1195 2594/1177 2625/1198
f 2601/1195 2625/1198 2629/1197
f 2625/1198 2594/1177 2637/1199
f 2625/1198 2637/1199 2629/1197
f 2629/1197 2637/1199 2694/1200
f 2694/1200 2637/1199 2697/1201
f 1458/1202 2047/1203 1438/1204
f 1458/1202 1438/1204 1019/1205
f 1019/1205 1438/1204 1449/1206
f 861/1207 1017/1208 1019/1209
f 861/1207 1019/1209 862/1210
f 861/1207 862/1210 782/1211
f 1017/1208 861/1207 838/1212
f 861/1207 782/1211 781/1213
f 861/1207 781/1213 838/1212
f 781/1213 782/1211 384/1214
f 384/1214 782/1211 389/1215
f 781/1213 384/1214 394/1216
f 394/1216 384/1214 383/1217
f 838/1212 781/1213 761/1218
f 761/1218 781/1213 394/1216
f 838/1212 761/1218 758/1219
f 838/1212 758/1219 770/1220
f 770/1220 758/1219 377/1221
f 761/1218 394/1216 379/1222
f 379/1222 394/1216 383/1217
f 761/1218 379/1222 758/1219
f 377/1221 758/1219 376/1223
f 376/1223 758/1219 379/1222
f 377/1221 376/1223 375/1224
f 379/1222 383/1217 378/1225
f 379/1222 378/1225 376/1223
f 376/1223 378/1225 375/1224
f 378/1225 383/1217 267/1226
f 375/1224 378/1225 246/1227
f 246/1227 378/1225 267/1226
f 216/1228 2581/1229 2582/1230
f 2582/1230 2581/1229 2614/1231
f 2631/1232 2628/1233 2614/1231
f 2614/1231 2628/1233 2619/1234
f 2582/1230 2614/1231 2611/1235
f 2611/1235 2614/1231 2619/1234
f 2623/1236 2619/1234 2624/1237
f 2619/1234 2623/1236 2611/1235
f 2611/1235 2623/1236 2562/1238
f 2611/1235 2562/1238 2555/1239
f 2582/1230 2611/1235 4/1240
f 4/1240 2611/1235 2555/1239
f 2555/1239 2562/1238 208/1241
f 2555/1239 208/1241 4/1240
f 208/1241 2562/1238 232/1242
f 208/1241 232/1242 564/1243
f 2582/1230 4/1240 5/1244
f 2582/1230 5/1244 216/1228
f 216/1228 5/1244 255/1245
f 216/1228 255/1245 677/1246
f 255/1245 5/1244 22/1247
f 255/1245 22/1247 215/1248
f 215/1248 22/1247 183/1249
f 22/1247 5/1244 23/1250
f 23/1250 5/1244 4/1240
f 183/1249 22/1247 16/1251
f 16/1251 22/1247 23/1250
f 183/1249 16/1251 201/1252
f 201/1252 16/1251 79/1253
f 23/1250 4/1240 252/1254
f 252/1254 4/1240 208/1241
f 16/1251 23/1250 224/1255
f 224/1255 23/1250 252/1254
f 79/1253 16/1251 191/1256
f 191/1256 16/1251 224/1255
f 79/1253 191/1256 182/1257
f 79/1253 182/1257 117/1258
f 117/1258 182/1257 200/1259
f 182/1257 191/1256 437/1260
f 191/1256 224/1255 473/1261
f 191/1256 473/1261 437/1260
f 473/1261 224/1255 505/1262
f 505/1262 224/1255 252/1254
f 437/1260 473/1261 490/1263
f 490/1263 473/1261 510/1264
f 510/1264 473/1261 505/1262
f 437/1260 490/1263 451/1265
f 510/1264 505/1262 511/1266
f 437/1260 451/1265 444/1267
f 444/1267 451/1265 1184/1268
f 437/1260 444/1267 440/1269
f 511/1266 505/1262 513/1270
f 511/1266 513/1270 1247/1271
f 512/1272 505/1262 252/1254
f 505/1262 512/1272 513/1270
f 512/1272 252/1254 208/1241
f 512/1272 208/1241 564/1243
f 513/1270 512/1272 1208/1273
f 1208/1273 512/1272 564/1243
f 513/1270 1208/1273 1229/1274
f 1229/1274 1208/1273 1994/1275
f 1208/1273 564/1243 1267/1276
f 1208/1273 1267/1276 1994/1275
f 1267/1276 564/1243 633/1277
f 1994/1275 1267/1276 2028/1278
f 2028/1278 1267/1276 1439/1279
f 2694/1280 2697/1281 2702/1282
f 2694/1280 2702/1282 2700/1283
f 2700/1283 2702/1282 2715/1284
f 2700/1283 2715/1284 2711/1285
f 2700/1283 2711/1285 2703/1286
f 2703/1286 2711/1285 2713/1287
f 2713/1287 2711/1285 2723/1288
f 2723/1288 2711/1285 2715/1284
f 2713/1287 2723/1288 2724/1289
f 2724/1289 2723/1288 2731/1290
f 2731/1290 2723/1288 2726/1291
f 2726/1291 2723/1288 2715/1284
f 2731/1290 2726/1291 2725/1292
f 2725/1292 2726/1291 2722/1293
f 2722/1293 2726/1291 2715/1284
f 2725/1292 2722/1293 2716/1294
f 2722/1293 2715/1284 2712/1295
f 2712/1295 2715/1284 2702/1282
f 2716/1294 2722/1293 2714/1296
f 2716/1294 2714/1296 2707/1297
f 2722/1293 2712/1295 2704/1298
f 2722/1293 2704/1298 2714/1296
f 2712/1295 2702/1282 2701/1299
f 2701/1299 2702/1282 2693/1300
f 2701/1299 2693/1300 2676/1301
f 2712/1295 2701/1299 2696/1302
f 2696/1302 2701/1299 2676/1301
f 2712/1295 2696/1302 2704/1298
f 2696/1302 2676/1301 2619/1303
f 2619/1303 2676/1301 2624/1304
f 2696/1302 2619/1303 2685/1305
f 2696/1302 2685/1305 2704/1298
f 2685/1305 2619/1303 2628/1306
f 2704/1298 2685/1305 2699/1307
f 2704/1298 2699/1307 2714/1296
f 2685/1305 2628/1306 2684/1308
f 2685/1305 2684/1308 2699/1307
f 2684/1308 2628/1306 2680/1309
f 2680/1309 2628/1306 2631/1310
f 2714/1296 2699/1307 2705/1311
f 2714/1296 2705/1311 2707/1297
f 2707/1297 2705/1311 2706/1312
f 2706/1312 2705/1311 2699/1307
f 2707/1297 2706/1312 2708/1313
f 2708/1313 2706/1312 2717/1314
f 2717/1314 2706/1312 2713/1315
f 2713/1315 2706/1312 2703/1316
f 2706/1312 2699/1307 2698/1317
f 2706/1312 2698/1317 2703/1316
f 2698/1317 2699/1307 2684/1308
f 2703/1316 2698/1317 2695/1318
f 2695/1318 2698/1317 2684/1308
f 2695/1318 2684/1308 2680/1309
f 2703/1316 2695/1318 2700/1319
f 2700/1319 2695/1318 2680/1309
f 2697/1320 2637/1321 2693/1322
f 2697/1320 2693/1322 2702/1323
f 2693/1322 2637/1321 2620/1324
f 2693/1322 2620/1324 2676/1325
f 2676/1325 2620/1324 2624/1326
f 2620/1324 2637/1321 2594/1327
f 2624/1326 2620/1324 2602/1328
f 2602/1328 2620/1324 2594/1327
f 2624/1326 2602/1328 2623/1329
f 2602/1328 2594/1327 2577/1330
f 2577/1330 2594/1327 2587/1331
f 2587/1331 2594/1327 2608/1332
f 2602/1328 2577/1330 81/1333
f 81/1333 2577/1330 2587/1331
f 2623/1329 2602/1328 2512/1334
f 2512/1334 2602/1328 81/1333
f 2623/1329 2512/1334 2562/1335
f 2562/1335 2512/1334 232/1336
f 2587/1331 2608/1332 2593/1337
f 2587/1331 2593/1337 81/1333
f 2593/1337 2608/1332 2595/1338
f 232/1336 2512/1334 268/1339
f 268/1339 2512/1334 81/1333
f 232/1336 268/1339 633/1340
f 268/1339 81/1333 320/1341
f 2593/1337 2595/1338 2600/1342
f 2600/1342 2595/1338 2606/1343
f 10/1344 81/1333 2593/1337
f 10/1344 2593/1337 2600/1342
f 320/1341 81/1333 327/1345
f 327/1345 81/1333 10/1344
f 268/1339 320/1341 655/1346
f 268/1339 655/1346 633/1340
f 655/1346 320/1341 327/1345
f 633/1340 655/1346 1029/1347
f 633/1340 1029/1347 1018/1348
f 1018/1348 1029/1347 1439/1349
f 1439/1349 1029/1347 1450/1350
f 1029/1347 655/1346 646/1351
f 646/1351 655/1346 327/1345
f 1450/1350 1029/1347 1042/1352
f 1042/1352 1029/1347 646/1351
f 1450/1350 1042/1352 1519/1353
f 1519/1353 1042/1352 1503/1354
f 1042/1352 646/1351 875/1355
f 875/1355 646/1351 327/1345
f 1042/1352 875/1355 1503/1354
f 1503/1354 875/1355 922/1356
f 1503/1354 922/1356 1500/1357
f 875/1355 327/1345 346/1358
f 346/1358 327/1345 10/1344
f 922/1356 875/1355 348/1359
f 348/1359 875/1355 346/1358
f 922/1356 348/1359 335/1360
f 922/1356 335/1360 914/1361
f 348/1359 346/1358 2534/1362
f 346/1358 10/1344 2526/1363
f 346/1358 2526/1363 2534/1362
f 2526/1363 10/1344 2600/1342
f 348/1359 2534/1362 2548/1364
f 348/1359 2548/1364 335/1360
f 2534/1362 2526/1363 2607/1365
f 2534/1362 2607/1365 2548/1364
f 2526/1363 2600/1342 2615/1366
f 2526/1363 2615/1366 2607/1365
f 2615/1366 2600/1342 2606/1343
f 2615/1366 2606/1343 2644/1367
f 2607/1365 2615/1366 2633/1368
f 2633/1368 2615/1366 2639/1369
f 2607/1365 2633/1368 2648/1370
f 2607/1365 2648/1370 2548/1364
f 2648/1370 2633/1368 2663/1371
f 2648/1370 2663/1371 2655/1372
f 2548/1364 2648/1370 2550/1373
f 2550/1373 2648/1370 2655/1372
f 2548/1364 2550/1373 335/1360
f 2550/1373 2655/1372 2613/1374
f 335/1360 2550/1373 355/1375
f 2550/1373 2613/1374 2517/1376
f 2550/1373 2517/1376 355/1375
f 2517/1376 2613/1374 2583/1377
f 355/1375 2517/1376 372/1378
f 355/1375 372/1378 885/1379
f 885/1379 372/1378 468/1380
f 372/1378 2517/1376 122/1381
f 122/1381 2517/1376 2583/1377
f 372/1378 122/1381 468/1380
f 122/1381 2583/1377 2571/1382
f 468/1380 122/1381 146/1383
f 146/1383 122/1381 2571/1382
f 468/1380 146/1383 470/1384
f 470/1384 146/1383 465/1385
f 465/1385 146/1383 156/1386
f 156/1386 146/1383 2571/1382
f 465/1385 156/1386 464/1387
f 156/1386 2571/1382 2560/1388
f 2560/1388 2571/1382 2575/1389
f 464/1387 156/1386 143/1390
f 464/1387 143/1390 460/1391
f 156/1386 2560/1388 2578/1392
f 156/1386 2578/1392 143/1390
f 2578/1392 2560/1388 2545/1393
f 2545/1393 2560/1388 2565/1394
f 143/1390 2578/1392 2544/1395
f 2544/1395 2578/1392 2545/1393
f 460/1391 143/1390 149/1396
f 149/1396 143/1390 2544/1395
f 460/1391 149/1396 477/1397
f 2545/1393 2565/1394 103/1398
f 149/1396 2544/1395 2563/1399
f 477/1397 149/1396 174/1400
f 477/1397 174/1400 484/1401
f 149/1396 2563/1399 2519/1402
f 149/1396 2519/1402 174/1400
f 2563/1399 2544/1395 2537/1403
f 2563/1399 2537/1403 2519/1402
f 484/1401 174/1400 172/1404
f 172/1404 174/1400 2519/1402
f 484/1401 172/1404 493/1405
f 493/1405 172/1404 226/1406
f 226/1406 172/1404 2529/1407
f 2529/1407 172/1404 2519/1402
f 2529/1407 2519/1402 2532/1408
f 2532/1408 2519/1402 2537/1403
f 2558/1409 2537/1403 2544/1395
f 2558/1409 2544/1395 2545/1393
f 2537/1403 2558/1409 101/1410
f 2558/1409 2545/1393 88/1411
f 2558/1409 88/1411 101/1410
f 88/1411 2545/1393 103/1398
f 101/1410 88/1411 178/1412
f 178/1412 88/1411 103/1398
f 101/1410 178/1412 176/1413
f 178/1412 103/1398 446/1414
f 178/1412 446/1414 176/1413
f 446/1414 103/1398 453/1415
f 176/1413 446/1414 435/1416
f 446/1414 453/1415 904/1417
f 435/1416 446/1414 773/1418
f 773/1418 446/1414 904/1417
f 435/1416 773/1418 764/1419
f 773/1418 904/1417 923/1420
f 764/1419 773/1418 876/1421
f 876/1421 773/1418 923/1420
f 2716/1422 2707/1423 2709/1424
f 2716/1422 2709/1424 2718/1425
f 2718/1425 2709/1424 2720/1426
f 2716/1422 2718/1425 2725/1427
f 2718/1425 2720/1426 2727/1428
f 2727/1428 2720/1426 2739/1429
f 2739/1429 2720/1426 2734/1430
f 2718/1425 2727/1428 2736/1431
f 2736/1431 2727/1428 2739/1429
f 2725/1427 2718/1425 2728/1432
f 2728/1432 2718/1425 2736/1431
f 2725/1427 2728/1432 2732/1433
f 2725/1427 2732/1433 2731/1434
f 2731/1434 2732/1433 2730/1435
f 2731/1434 2730/1435 2724/1436
f 2730/1435 2732/1433 2738/1437
f 2738/1437 2732/1433 2728/1432
f 2738/1437 2728/1432 2736/1431
f 2738/1437 2736/1431 2744/1438
f 2744/1438 2736/1431 2739/1429
f 2738/1437 2744/1438 2749/1439
f 2738/1437 2749/1439 2745/1440
f 2744/1438 2739/1429 2746/1441
f 2746/1441 2739/1429 2734/1430
f 2746/1441 2734/1430 2743/1442
f 2745/1440 2749/1439 2759/1443
f 2745/1440 2759/1443 2754/1444
f 2749/1439 2744/1438 2753/1445
f 2749/1439 2753/1445 2759/1443
f 2753/1445 2744/1438 2746/1441
f 2754/1444 2759/1443 2767/1446
f 2767/1446 2759/1443 2753/1445
f 2754/1444 2767/1446 2764/1447
f 2764/1447 2767/1446 2768/1448
f 2767/1446 2753/1445 2763/1449
f 2763/1449 2753/1445 2746/1441
f 2767/1446 2763/1449 2768/1448
f 2763/1449 2746/1441 2757/1450
f 2768/1448 2763/1449 2766/1451
f 2757/1450 2746/1441 2750/1452
f 2750/1452 2746/1441 2743/1442
f 2763/1449 2757/1450 2761/1453
f 2763/1449 2761/1453 2766/1451
f 2761/1453 2757/1450 2750/1452
f 2750/1452 2743/1442 2741/1454
f 2750/1452 2741/1454 2747/1455
f 2750/1452 2747/1455 2755/1456
f 2750/1452 2755/1456 2761/1453
f 2755/1456 2747/1455 2752/1457
f 2755/1456 2752/1457 2761/1453
f 2762/1458 2766/1451 2761/1453
f 2762/1458 2761/1453 2752/1457
f 2766/1451 2762/1458 2768/1448
f 2762/1458 2752/1457 2760/1459
f 2762/1458 2760/1459 2768/1448
f 2734/1460 2720/1461 2733/1462
f 2734/1460 2733/1462 2743/1463
f 2743/1463 2733/1462 2741/1464
f 2733/1462 2720/1461 2721/1465
f 2721/1465 2720/1461 2709/1466
f 2741/1464 2733/1462 2735/1467
f 2735/1467 2733/1462 2721/1465
f 2741/1464 2735/1467 2742/1468
f 2741/1464 2742/1468 2747/1469
f 2742/1468 2735/1467 2748/1470
f 2747/1469 2742/1468 2751/1471
f 2747/1469 2751/1471 2752/1472
f 2752/1472 2751/1471 2756/1473
f 2752/1472 2756/1473 2760/1474
f 2751/1471 2742/1468 2758/1475
f 2751/1471 2758/1475 2756/1473
f 2756/1473 2758/1475 2760/1474
f 2758/1475 2742/1468 2748/1470
f 2760/1474 2758/1475 2765/1476
f 2760/1474 2765/1476 2768/1477
f 2768/1477 2765/1476 2764/1478
f 2764/1478 2765/1476 2758/1475
f 2764/1478 2758/1475 2748/1470
f 2764/1478 2748/1470 2754/1479
f 2754/1479 2748/1470 2745/1480
f 2740/1481 2748/1470 2735/1467
f 2748/1470 2740/1481 2745/1480
f 2740/1481 2735/1467 2721/1465
f 2740/1481 2721/1465 2729/1482
f 2745/1480 2740/1481 2737/1483
f 2737/1483 2740/1481 2729/1482
f 2745/1480 2737/1483 2738/1484
f 2738/1484 2737/1483 2730/1485
f 2737/1483 2729/1482 2719/1486
f 2737/1483 2719/1486 2730/1485
f 2719/1486 2729/1482 2721/1465
f 2730/1485 2719/1486 2724/1487
f 2724/1487 2719/1486 2717/1488
f 2724/1487 2717/1488 2713/1489
f 2717/1488 2719/1486 2708/1490
f 2719/1486 2721/1465 2710/1491
f 2719/1486 2710/1491 2708/1490
f 2710/1491 2721/1465 2709/1466
f 2708/1490 2710/1491 2707/1492
f 2707/1492 2710/1491 2709/1466
f 2420/1493 2412/1494 2378/1495
f 2420/1493 2378/1495 2435/1496
f 2420/1493 2435/1496 2455/1497
f 2378/1495 2412/1494 2361/1498
f 2361/1498 2412/1494 2299/1499
f 2378/1495 2361/1498 2270/1500
f 2378/1495 2270/1500 2435/1496
f 2455/1497 2435/1496 2437/1501
f 2455/1497 2437/1501 2452/1502
f 2452/1502 2437/1501 2425/1503
f 2452/1502 2425/1503 2449/1504
f 2449/1504 2425/1503 2382/1505
f 2425/1503 2437/1501 2316/1506
f 2425/1503 2316/1506 2332/1507
f 2437/1501 2435/1496 2301/1508
f 2437/1501 2301/1508 2316/1506
f 2301/1508 2435/1496 2314/1509
f 2314/1509 2435/1496 2270/1500
f 2332/1507 2316/1506 2205/1510
f 2332/1507 2205/1510 2405/1511
f 2316/1506 2301/1508 2115/1512
f 2316/1506 2115/1512 2205/1510
f 2301/1508 2314/1509 2077/1513
f 2301/1508 2077/1513 2115/1512
f 2314/1509 2270/1500 2058/1514
f 2314/1509 2058/1514 2077/1513
f 2077/1513 2058/1514 1503/1515
f 1503/1515 2058/1514 1519/1516
f 2077/1513 1503/1515 1500/1517
f 2077/1513 1500/1517 2115/1512
f 1519/1516 2058/1514 2056/1518
f 2056/1518 2058/1514 2270/1500
f 1519/1516 2056/1518 1450/1519
f 922/1520 914/1521 1500/1517
f 1500/1517 914/1521 1521/1522
f 2115/1512 1500/1517 2012/1523
f 2012/1523 1500/1517 1521/1522
f 2115/1512 2012/1523 2205/1510
f 2012/1523 1521/1522 2035/1524
f 2012/1523 2035/1524 2205/1510
f 2205/1510 2035/1524 2224/1525
f 2224/1525 2035/1524 2189/1526
f 2189/1526 2035/1524 1880/1527
f 2205/1510 2224/1525 2293/1528
f 2293/1528 2224/1525 2189/1526
f 2205/1510 2293/1528 2405/1511
f 2189/1526 1880/1527 2157/1529
f 2405/1511 2293/1528 2287/1530
f 2287/1530 2293/1528 2189/1526
f 2405/1511 2287/1530 2407/1531
f 2407/1531 2287/1530 2309/1532
f 2287/1530 2189/1526 2226/1533
f 2226/1533 2189/1526 2157/1529
f 2287/1530 2226/1533 2309/1532
f 2226/1533 2157/1529 2162/1534
f 2309/1532 2226/1533 2216/1535
f 2361/1536 2299/1537 2264/1538
f 2264/1538 2299/1537 2198/1539
f 2264/1538 2198/1539 2194/1540
f 2194/1540 2198/1539 1875/1541
f 2264/1538 2194/1540 2183/1542
f 2183/1542 2194/1540 1875/1541
f 2201/1543 2255/1544 2264/1538
f 2201/1543 2264/1538 2262/1545
f 2262/1545 2264/1538 2183/1542
f 2201/1543 2262/1545 2028/1546
f 2201/1543 2028/1546 2040/1547
f 2028/1546 2262/1545 2132/1548
f 2028/1546 2132/1548 1994/1549
f 1994/1549 2132/1548 1993/1550
f 2132/1548 2262/1545 2234/1551
f 2234/1551 2262/1545 2183/1542
f 1993/1550 2132/1548 2122/1552
f 2122/1552 2132/1548 2234/1551
f 1993/1550 2122/1552 1975/1553
f 2234/1551 2183/1542 2143/1554
f 1975/1553 2122/1552 2082/1555
f 2122/1552 2234/1551 2147/1556
f 2122/1552 2147/1556 2082/1555
f 1975/1553 2082/1555 1951/1557
f 2234/1551 2143/1554 2134/1558
f 2234/1551 2134/1558 2147/1556
f 2143/1554 2183/1542 1673/1559
f 2143/1554 1673/1559 2134/1558
f 1673/1559 2183/1542 1823/1560
f 1823/1560 2183/1542 1875/1541
f 1823/1560 1875/1541 677/1561
f 1823/1560 677/1561 676/1562
f 676/1562 677/1561 255/1563
f 1823/1560 676/1562 659/1564
f 659/1564 676/1562 255/1563
f 1823/1560 659/1564 1673/1559
f 659/1564 255/1563 215/1565
f 1558/1566 2134/1558 1673/1559
f 1558/1566 1673/1559 659/1564
f 2134/1558 1558/1566 2066/1567
f 2134/1558 2066/1567 2147/1556
f 1558/1566 659/1564 611/1568
f 611/1568 659/1564 215/1565
f 611/1568 215/1565 183/1569
f 2147/1556 2066/1567 2121/1570
f 2121/1570 2066/1567 2043/1571
f 2121/1570 2043/1571 2151/1572
f 2147/1556 2121/1570 1974/1573
f 1974/1573 2121/1570 2151/1572
f 2147/1556 1974/1573 2082/1555
f 1974/1573 2151/1572 2037/1574
f 2037/1574 2151/1572 1940/1575
f 2082/1555 1974/1573 1951/1557
f 1974/1573 2037/1574 1575/1576
f 1575/1576 2037/1574 1940/1575
f 1974/1573 1575/1576 1951/1557
f 1575/1576 1940/1575 1468/1577
f 1951/1557 1575/1576 952/1578
f 952/1578 1575/1576 1468/1577
f 1951/1557 952/1578 1120/1579
f 1951/1557 1120/1579 1158/1580
f 952/1578 1468/1577 784/1581
f 784/1581 1468/1577 1183/1582
f 1120/1579 952/1578 437/1583
f 1120/1579 437/1583 1158/1580
f 1158/1580 437/1583 440/1584
f 1158/1580 440/1584 444/1585
f 437/1583 952/1578 401/1586
f 401/1586 952/1578 784/1581
f 437/1583 401/1586 182/1587
f 182/1587 401/1586 200/1588
f 200/1588 401/1586 364/1589
f 364/1589 401/1586 784/1581
f 364/1589 784/1581 703/1590
f 2255/1591 2056/1518 2270/1500
f 2255/1591 2270/1500 2361/1498
f 2255/1591 2361/1498 2264/1592
f 2056/1518 2255/1591 2040/1593
f 2040/1593 2255/1591 2201/1594
f 2056/1518 2040/1593 1450/1519
f 1450/1519 2040/1593 1439/1595
f 1439/1595 2040/1593 2028/1596
f 1018/1597 1439/1598 1267/1599
f 1018/1597 1267/1599 633/1600
f 232/1601 633/1602 564/1603
f 914/1604 335/1605 903/1606
f 903/1606 335/1605 355/1607
f 914/1604 903/1606 1521/1608
f 903/1606 355/1607 885/1609
f 1521/1608 903/1606 1410/1610
f 1521/1608 1410/1610 2035/1611
f 903/1606 885/1609 1355/1612
f 903/1606 1355/1612 1410/1610
f 2035/1611 1410/1610 1880/1613
f 1880/1613 1410/1610 1355/1612
f 1355/1612 885/1609 858/1614
f 858/1614 885/1609 468/1615
f 858/1614 468/1615 470/1616
f 858/1614 470/1616 822/1617
f 822/1617 470/1616 465/1618
f 1355/1612 858/1614 1311/1619
f 858/1614 822/1617 1220/1620
f 858/1614 1220/1620 1311/1619
f 822/1617 465/1618 804/1621
f 804/1621 465/1618 464/1622
f 822/1617 804/1621 1186/1623
f 822/1617 1186/1623 1220/1620
f 1311/1619 1220/1620 1817/1624
f 1355/1612 1311/1619 1799/1625
f 1799/1625 1311/1619 1817/1624
f 1355/1612 1799/1625 1880/1613
f 1799/1625 1817/1624 2100/1626
f 1799/1625 2100/1626 2118/1627
f 1799/1625 2118/1627 1880/1613
f 1880/1613 2118/1627 2157/1628
f 1462/1629 1817/1624 1220/1620
f 1462/1629 1220/1620 1365/1630
f 1365/1630 1220/1620 1186/1623
f 1462/1629 1365/1630 1522/1631
f 1522/1631 1365/1630 1370/1632
f 1365/1630 1186/1623 1259/1633
f 1259/1633 1186/1623 804/1621
f 1370/1632 1365/1630 1187/1634
f 1370/1632 1187/1634 904/1635
f 904/1635 1187/1634 923/1636
f 923/1636 1187/1634 876/1637
f 1187/1634 1365/1630 1368/1638
f 1368/1638 1365/1630 1259/1633
f 1187/1634 1368/1638 1271/1639
f 1271/1639 1368/1638 1259/1633
f 876/1637 1187/1634 1110/1640
f 1110/1640 1187/1634 1271/1639
f 876/1637 1110/1640 760/1641
f 1110/1640 1271/1639 1278/1642
f 1110/1640 1278/1642 1108/1643
f 1108/1643 1278/1642 1270/1644
f 1278/1642 1271/1639 1199/1645
f 1278/1642 1199/1645 1270/1644
f 1199/1645 1271/1639 1154/1646
f 1154/1646 1271/1639 1259/1633
f 1270/1644 1199/1645 1109/1647
f 1270/1644 1109/1647 1148/1648
f 1199/1645 1154/1646 833/1649
f 1199/1645 833/1649 1109/1647
f 1154/1646 1259/1633 820/1650
f 1154/1646 820/1650 833/1649
f 820/1650 1259/1633 804/1621
f 820/1650 804/1621 464/1622
f 820/1650 464/1622 833/1649
f 833/1649 464/1622 460/1651
f 833/1649 460/1651 477/1652
f 833/1649 477/1652 794/1653
f 833/1649 794/1653 1109/1647
f 794/1653 477/1652 484/1654
f 1109/1647 794/1653 864/1655
f 864/1655 794/1653 484/1654
f 1109/1647 864/1655 1148/1648
f 864/1655 484/1654 802/1656
f 864/1655 802/1656 1148/1648
f 802/1656 484/1654 493/1657
f 1148/1648 802/1656 1031/1658
f 2633/1659 2639/1660 2663/1661
f 2663/1661 2639/1660 2669/1662
f 2669/1662 2639/1660 2650/1663
f 2650/1663 2639/1660 2615/1664
f 2650/1663 2615/1664 2644/1665
f 2669/1662 2650/1663 2679/1666
f 2679/1666 2650/1663 2651/1667
f 2663/1661 2669/1662 2665/1668
f 2663/1661 2665/1668 2655/1669
f 2665/1668 2669/1662 2671/1670
f 2671/1670 2669/1662 2679/1666
f 2655/1669 2665/1668 2636/1671
f 2655/1669 2636/1671 2613/1672
f 2665/1668 2671/1670 2645/1673
f 2665/1668 2645/1673 2636/1671
f 2613/1672 2636/1671 2630/1674
f 2630/1674 2636/1671 2645/1673
f 2613/1672 2630/1674 2583/1675
f 2671/1670 2679/1666 2675/1676
f 2671/1670 2675/1676 2645/1673
f 2678/1677 2691/1678 2679/1666
f 2679/1666 2691/1678 2689/1679
f 2679/1666 2689/1679 2675/1676
f 2689/1679 2691/1678 2692/1680
f 2689/1679 2692/1680 2687/1681
f 2689/1679 2687/1681 2675/1676
f 2645/1673 2675/1676 2653/1682
f 2645/1673 2653/1682 2643/1683
f 2643/1683 2653/1682 2675/1676
f 2645/1673 2643/1683 2630/1674
f 2675/1676 2687/1681 2667/1684
f 2675/1676 2667/1684 2643/1683
f 2667/1684 2687/1681 2673/1685
f 2673/1685 2687/1681 2683/1686
f 2667/1684 2673/1685 2661/1687
f 2667/1684 2661/1687 2643/1683
f 2661/1687 2673/1685 2641/1688
f 2627/1689 2630/1674 2643/1683
f 2627/1689 2643/1683 2661/1687
f 2630/1674 2627/1689 2589/1690
f 2661/1687 2641/1688 2592/1691
f 2630/1674 2589/1690 2583/1675
f 2627/1689 2661/1687 2605/1692
f 2605/1692 2661/1687 2592/1691
f 2592/1691 2641/1688 2599/1693
f 2627/1689 2605/1692 2597/1694
f 2627/1689 2597/1694 2589/1690
f 2592/1691 2599/1693 2567/1695
f 2567/1695 2599/1693 77/1696
f 2567/1695 77/1696 109/1697
f 2567/1695 109/1697 2592/1691
f 2592/1691 109/1697 61/1698
f 2592/1691 61/1698 2605/1692
f 2589/1690 2597/1694 26/1699
f 26/1699 2597/1694 2605/1692
f 2605/1692 61/1698 2503/1700
f 2605/1692 2503/1700 26/1699
f 2503/1700 61/1698 361/1701
f 2503/1700 361/1701 297/1702
f 2503/1700 297/1702 26/1699
f 2589/1690 26/1699 98/1703
f 26/1699 297/1702 306/1704
f 26/1699 306/1704 98/1703
f 2589/1690 98/1703 2580/1705
f 2589/1690 2580/1705 2583/1675
f 2580/1705 98/1703 107/1706
f 107/1706 98/1703 306/1704
f 2583/1675 2580/1705 2575/1707
f 2575/1707 2580/1705 107/1706
f 2583/1675 2575/1707 2571/1708
f 657/1709 306/1704 297/1702
f 657/1709 297/1702 767/1710
f 2575/1707 107/1706 119/1711
f 306/1704 657/1709 640/1712
f 2565/1713 2560/1714 2575/1707
f 2565/1713 2575/1707 113/1715
f 113/1715 2575/1707 119/1711
f 2565/1713 113/1715 103/1716
f 119/1711 107/1706 487/1717
f 119/1711 487/1717 113/1715
f 502/1718 107/1706 306/1704
f 107/1706 502/1718 487/1717
f 502/1718 306/1704 640/1712
f 103/1716 113/1715 472/1719
f 472/1719 113/1715 487/1717
f 103/1716 472/1719 453/1720
f 453/1720 472/1719 904/1721
f 904/1721 472/1719 936/1722
f 936/1722 472/1719 487/1717
f 904/1721 936/1722 1370/1723
f 991/1724 487/1717 502/1718
f 487/1717 991/1724 936/1722
f 1370/1723 936/1722 1349/1725
f 1349/1725 936/1722 991/1724
f 1370/1723 1349/1725 1522/1726
f 1349/1725 991/1724 1421/1727
f 1349/1725 1421/1727 1522/1726
f 991/1724 502/1718 1014/1728
f 991/1724 1014/1728 1421/1727
f 1014/1728 502/1718 640/1712
f 1462/1729 1522/1726 1817/1730
f 1817/1730 1522/1726 1672/1731
f 1672/1731 1522/1726 1421/1727
f 1817/1730 1672/1731 2100/1732
f 2157/1733 2118/1734 2100/1732
f 2157/1733 2100/1732 2162/1735
f 2100/1732 1672/1731 1931/1736
f 1931/1736 1672/1731 1421/1727
f 2100/1732 1931/1736 2162/1735
f 1931/1736 1421/1727 1614/1737
f 1614/1737 1421/1727 1014/1728
f 2162/1735 1931/1736 2085/1738
f 2085/1738 1931/1736 1614/1737
f 2226/1739 2162/1735 2216/1740
f 2216/1740 2162/1735 2085/1738
f 1614/1737 1014/1728 1127/1741
f 1127/1741 1014/1728 640/1712
f 2085/1738 1614/1737 1706/1742
f 1706/1742 1614/1737 1127/1741
f 1127/1741 640/1712 1177/1743
f 1127/1741 1177/1743 1706/1742
f 1177/1743 640/1712 657/1709
f 1177/1743 657/1709 1275/1744
f 1706/1742 1177/1743 1807/1745
f 1807/1745 1177/1743 1275/1744
f 2085/1738 1706/1742 2166/1746
f 2166/1746 1706/1742 1807/1745
f 1807/1745 1275/1744 1708/1747
f 1807/1745 1708/1747 2166/1746
f 1708/1747 1275/1744 1201/1748
f 1708/1747 1201/1748 1128/1749
f 1708/1747 1128/1749 1652/1750
f 1652/1750 1128/1749 1570/1751
f 2166/1746 1708/1747 2095/1752
f 2095/1752 1708/1747 1652/1750
f 1652/1750 1570/1751 1932/1753
f 1652/1750 1932/1753 2095/1752
f 1932/1753 1570/1751 1830/1754
f 1932/1753 1830/1754 2086/1755
f 2086/1755 1830/1754 1861/1756
f 1932/1753 2086/1755 2171/1757
f 1932/1753 2171/1757 2095/1752
f 2171/1757 2086/1755 2207/1758
f 2095/1752 2171/1757 2190/1759
f 2095/1752 2190/1759 2280/1760
f 2280/1760 2190/1759 2171/1757
f 2095/1752 2280/1760 2166/1746
f 2171/1757 2207/1758 2307/1761
f 2307/1761 2207/1758 2333/1762
f 2171/1757 2307/1761 2265/1763
f 2171/1757 2265/1763 2280/1760
f 2265/1763 2307/1761 2414/1764
f 2414/1764 2307/1761 2429/1765
f 2414/1764 2429/1765 2311/1766
f 2265/1763 2414/1764 2396/1767
f 2265/1763 2396/1767 2280/1760
f 2414/1764 2311/1766 2305/1768
f 2414/1764 2305/1768 2396/1767
f 2305/1768 2311/1766 2382/1769
f 2382/1769 2311/1766 2392/1770
f 2396/1767 2305/1768 2303/1771
f 2303/1771 2305/1768 2382/1769
f 2396/1767 2303/1771 2394/1772
f 2396/1767 2394/1772 2280/1760
f 2303/1771 2382/1769 2297/1773
f 2303/1771 2297/1773 2394/1772
f 2425/1774 2332/1775 2382/1769
f 2382/1769 2332/1775 2297/1773
f 2297/1773 2332/1775 2405/1776
f 2297/1773 2405/1776 2407/1777
f 2394/1772 2297/1773 2384/1778
f 2384/1778 2297/1773 2407/1777
f 2394/1772 2384/1778 2280/1760
f 2384/1778 2407/1777 2439/1779
f 2384/1778 2439/1779 2280/1760
f 2439/1779 2407/1777 2309/1780
f 2439/1779 2309/1780 2216/1740
f 2280/1760 2439/1779 2319/1781
f 2319/1781 2439/1779 2216/1740
f 2280/1760 2319/1781 2166/1746
f 2319/1781 2216/1740 2085/1738
f 2319/1781 2085/1738 2166/1746
f 2651/1782 2650/1783 2644/1784
f 2651/1782 2644/1784 2649/1785
f 2651/1782 2649/1785 2678/1786
f 2651/1782 2678/1786 2679/1787
f 2618/1788 2638/1789 2649/1785
f 2678/1786 2649/1785 2677/1790
f 2677/1790 2649/1785 2638/1789
f 2691/1791 2678/1786 2692/1792
f 2692/1792 2678/1786 2677/1790
f 2632/1793 2668/1794 2638/1789
f 2638/1789 2668/1794 2677/1790
f 2692/1792 2677/1790 2690/1795
f 2690/1795 2677/1790 2688/1796
f 2690/1795 2688/1796 2692/1792
f 2688/1796 2677/1790 2674/1797
f 2674/1797 2677/1790 2668/1794
f 2688/1796 2674/1797 2686/1798
f 2688/1796 2686/1798 2692/1792
f 2674/1797 2668/1794 2670/1799
f 2670/1799 2668/1794 2664/1800
f 2670/1799 2664/1800 2635/1801
f 2635/1801 2664/1800 2612/1802
f 2670/1799 2635/1801 2646/1803
f 2670/1799 2646/1803 2674/1797
f 2635/1801 2612/1802 2634/1804
f 2635/1801 2634/1804 2646/1803
f 2634/1804 2612/1802 2585/1805
f 2674/1797 2646/1803 2652/1806
f 2652/1806 2646/1803 2642/1807
f 2652/1806 2642/1807 2674/1797
f 2642/1807 2646/1803 2634/1804
f 2642/1807 2634/1804 2626/1808
f 2634/1804 2585/1805 2590/1809
f 2590/1809 2585/1805 2579/1810
f 2626/1808 2634/1804 2596/1811
f 2596/1811 2634/1804 2590/1809
f 2642/1807 2626/1808 2660/1812
f 2660/1812 2626/1808 2596/1811
f 2666/1813 2674/1797 2642/1807
f 2666/1813 2642/1807 2660/1812
f 2674/1797 2666/1813 2686/1798
f 2686/1798 2666/1813 2682/1814
f 2686/1798 2682/1814 2692/1792
f 2682/1814 2666/1813 2672/1815
f 2672/1815 2666/1813 2660/1812
f 2692/1792 2682/1814 2681/1816
f 2681/1816 2682/1814 2672/1815
f 2692/1792 2681/1816 2683/1817
f 2692/1792 2683/1817 2687/1818
f 2683/1817 2681/1816 2659/1819
f 2659/1819 2681/1816 2672/1815
f 2683/1817 2659/1819 2673/1820
f 2673/1820 2659/1819 2657/1821
f 2673/1820 2657/1821 2641/1822
f 2659/1819 2672/1815 2658/1823
f 2659/1819 2658/1823 2657/1821
f 2658/1823 2672/1815 2656/1824
f 2656/1824 2672/1815 2660/1812
f 2641/1822 2657/1821 2617/1825
f 2641/1822 2617/1825 2599/1826
f 2657/1821 2658/1823 2621/1827
f 2657/1821 2621/1827 2617/1825
f 2658/1823 2656/1824 2616/1828
f 2658/1823 2616/1828 2621/1827
f 2656/1824 2660/1812 2640/1829
f 2656/1824 2640/1829 2616/1828
f 2599/1826 2617/1825 2496/1830
f 2496/1830 2617/1825 2621/1827
f 2496/1830 2621/1827 2616/1828
f 2599/1826 2496/1830 77/1831
f 77/1831 2496/1830 135/1832
f 135/1832 2496/1830 90/1833
f 135/1832 90/1833 260/1834
f 2496/1830 2616/1828 2598/1835
f 2496/1830 2598/1835 90/1833
f 2598/1835 2616/1828 2640/1829
f 260/1834 90/1833 336/1836
f 90/1833 2598/1835 2566/1837
f 2566/1837 2598/1835 2640/1829
f 336/1836 90/1833 108/1838
f 108/1838 90/1833 2566/1837
f 2566/1837 2640/1829 2591/1839
f 108/1838 2566/1837 60/1840
f 60/1840 2566/1837 2591/1839
f 2591/1839 2640/1829 2604/1841
f 2591/1839 2604/1841 60/1840
f 2604/1841 2640/1829 2660/1812
f 2604/1841 2660/1812 2596/1811
f 60/1840 2604/1841 2502/1842
f 360/1843 336/1836 108/1838
f 360/1843 108/1838 60/1840
f 336/1836 360/1843 766/1844
f 336/1836 766/1844 723/1845
f 360/1843 60/1840 296/1846
f 296/1846 60/1840 2502/1842
f 2502/1842 2604/1841 25/1847
f 25/1847 2604/1841 2596/1811
f 2502/1842 25/1847 296/1846
f 766/1844 360/1843 656/1848
f 656/1848 360/1843 296/1846
f 766/1844 656/1848 1176/1849
f 766/1844 1176/1849 1274/1850
f 25/1847 2596/1811 120/1851
f 120/1851 2596/1811 2590/1809
f 296/1846 25/1847 305/1852
f 305/1852 25/1847 120/1851
f 656/1848 296/1846 639/1853
f 639/1853 296/1846 305/1852
f 656/1848 639/1853 662/1854
f 656/1848 662/1854 1176/1849
f 1176/1849 662/1854 639/1853
f 120/1851 2590/1809 106/1855
f 120/1851 106/1855 305/1852
f 305/1852 106/1855 639/1853
f 106/1855 2590/1809 2579/1810
f 1176/1849 639/1853 1126/1856
f 106/1855 2579/1810 118/1857
f 118/1857 2579/1810 2574/1858
f 118/1857 2574/1858 112/1859
f 118/1857 112/1859 471/1860
f 106/1855 118/1857 486/1861
f 486/1861 118/1857 471/1860
f 501/1862 639/1853 106/1855
f 501/1862 106/1855 486/1861
f 639/1853 501/1862 1013/1863
f 639/1853 1013/1863 1126/1856
f 501/1862 486/1861 990/1864
f 990/1864 486/1861 471/1860
f 501/1862 990/1864 1013/1863
f 990/1864 471/1860 935/1865
f 990/1864 935/1865 1348/1866
f 990/1864 1348/1866 1013/1863
f 1348/1866 935/1865 1369/1867
f 1348/1866 1369/1867 1504/1868
f 1013/1863 1348/1866 1420/1869
f 1420/1869 1348/1866 1504/1868
f 1013/1863 1420/1869 1613/1870
f 1013/1863 1613/1870 1126/1856
f 1420/1869 1504/1868 1661/1871
f 1420/1869 1661/1871 1613/1870
f 1661/1871 1504/1868 1816/1872
f 1661/1871 1816/1872 1930/1873
f 1661/1871 1930/1873 1613/1870
f 1930/1873 1816/1872 2099/1874
f 1126/1856 1613/1870 1705/1875
f 1705/1875 1613/1870 1930/1873
f 1126/1856 1705/1875 1176/1849
f 1176/1849 1705/1875 1274/1850
f 1274/1850 1705/1875 1806/1876
f 1806/1876 1705/1875 2165/1877
f 1930/1873 2099/1874 2161/1878
f 2161/1878 2099/1874 2156/1879
f 1705/1875 1930/1873 2084/1880
f 2084/1880 1930/1873 2161/1878
f 1705/1875 2084/1880 2165/1877
f 2084/1880 2161/1878 2215/1881
f 2084/1880 2215/1881 2165/1877
f 2165/1877 2215/1881 2318/1882
f 2215/1881 2161/1878 2308/1883
f 2318/1882 2215/1881 2438/1884
f 2438/1884 2215/1881 2308/1883
f 2438/1884 2308/1883 2406/1885
f 1110/1886 1108/1887 772/1888
f 1110/1886 772/1888 760/1889
f 876/1890 760/1889 764/1891
f 764/1891 760/1889 435/1892
f 435/1892 760/1889 428/1893
f 428/1893 760/1889 772/1888
f 435/1892 428/1893 176/1894
f 176/1894 428/1893 195/1895
f 176/1894 195/1895 101/1896
f 428/1893 772/1888 420/1897
f 428/1893 420/1897 195/1895
f 101/1896 195/1895 144/1898
f 144/1898 195/1895 420/1897
f 101/1896 144/1898 2537/1899
f 2537/1899 144/1898 2532/1900
f 144/1898 420/1897 410/1901
f 410/1901 420/1897 772/1888
f 2532/1900 144/1898 160/1902
f 160/1902 144/1898 410/1901
f 2532/1900 160/1902 2540/1903
f 2532/1900 2540/1903 2529/1904
f 2540/1903 160/1902 133/1905
f 133/1905 160/1902 410/1901
f 2529/1904 2540/1903 2508/1906
f 2508/1906 2540/1903 133/1905
f 756/1907 410/1901 772/1888
f 756/1907 772/1888 1108/1887
f 133/1905 410/1901 397/1908
f 756/1907 1108/1887 1075/1909
f 1075/1909 1108/1887 1270/1910
f 410/1901 756/1907 706/1911
f 410/1901 706/1911 397/1908
f 756/1907 1075/1909 1021/1912
f 756/1907 1021/1912 706/1911
f 1075/1909 1270/1910 1125/1913
f 1075/1909 1125/1913 1021/1912
f 1125/1913 1270/1910 1148/1914
f 1125/1913 1148/1914 1031/1915
f 164/1916 133/1905 397/1908
f 133/1905 164/1916 2508/1906
f 391/1917 397/1908 706/1911
f 397/1908 391/1917 164/1916
f 1125/1913 1031/1915 1061/1918
f 2508/1906 164/1916 2495/1919
f 1119/1920 1021/1912 1125/1913
f 1119/1920 1125/1913 1061/1918
f 750/1921 706/1911 1021/1912
f 706/1911 750/1921 391/1917
f 1021/1912 1119/1920 1072/1922
f 1021/1912 1072/1922 750/1921
f 1072/1922 1119/1920 1218/1923
f 1218/1923 1119/1920 1061/1918
f 750/1921 1072/1922 1153/1924
f 1153/1924 1072/1922 1218/1923
f 750/1921 1153/1924 748/1925
f 750/1921 748/1925 391/1917
f 148/1926 164/1916 391/1917
f 164/1916 148/1926 12/1927
f 164/1916 12/1927 2495/1919
f 148/1926 391/1917 212/1928
f 148/1926 212/1928 12/1927
f 391/1917 748/1925 419/1929
f 391/1917 419/1929 212/1928
f 419/1929 748/1925 439/1930
f 419/1929 439/1930 212/1928
f 1071/1931 748/1925 1153/1924
f 1071/1931 1153/1924 1218/1923
f 439/1930 748/1925 817/1932
f 817/1932 748/1925 1071/1931
f 439/1930 817/1932 818/1933
f 818/1933 817/1932 1071/1931
f 212/1928 439/1930 211/1934
f 211/1934 439/1930 482/1935
f 482/1935 439/1930 818/1933
f 212/1928 211/1934 126/1936
f 211/1934 482/1935 287/1937
f 211/1934 287/1937 126/1936
f 482/1935 818/1933 517/1938
f 482/1935 517/1938 287/1937
f 212/1928 126/1936 75/1939
f 212/1928 75/1939 12/1927
f 75/1939 126/1936 111/1940
f 75/1939 111/1940 12/1927
f 126/1936 287/1937 158/1941
f 126/1936 158/1941 167/1942
f 126/1936 167/1942 111/1940
f 12/1927 111/1940 51/1943
f 12/1927 51/1943 29/1944
f 12/1927 29/1944 2495/1919
f 51/1943 111/1940 247/1945
f 51/1943 247/1945 29/1944
f 2495/1919 29/1944 2508/1906
f 247/1945 111/1940 283/1946
f 283/1946 111/1940 167/1942
f 29/1944 247/1945 254/1947
f 2508/1906 29/1944 2493/1948
f 2493/1948 29/1944 254/1947
f 2508/1906 2493/1948 2529/1904
f 2529/1904 2493/1948 226/1949
f 226/1949 2493/1948 254/1947
f 226/1949 254/1947 493/1950
f 493/1950 254/1947 507/1951
f 507/1951 254/1947 522/1952
f 522/1952 254/1947 247/1945
f 522/1952 247/1945 283/1946
f 522/1952 283/1946 541/1953
f 541/1953 283/1946 566/1954
f 566/1954 283/1946 314/1955
f 314/1955 283/1946 167/1942
f 566/1954 314/1955 318/1956
f 318/1956 314/1955 167/1942
f 566/1954 318/1956 585/1957
f 585/1957 318/1956 607/1958
f 318/1956 167/1942 153/1959
f 607/1958 318/1956 339/1960
f 339/1960 318/1956 153/1959
f 153/1959 167/1942 158/1941
f 607/1958 339/1960 700/1961
f 339/1960 153/1959 218/1962
f 218/1962 153/1959 158/1941
f 700/1961 339/1960 433/1963
f 700/1961 433/1963 475/1964
f 700/1961 475/1964 717/1965
f 433/1963 339/1960 308/1966
f 475/1964 433/1963 350/1967
f 350/1967 433/1963 308/1966
f 717/1965 475/1964 524/1968
f 524/1968 475/1964 350/1967
f 717/1965 524/1968 776/1969
f 776/1969 524/1968 846/1970
f 846/1970 524/1968 555/1971
f 555/1971 524/1968 427/1972
f 185/1973 308/1966 339/1960
f 185/1973 339/1960 218/1962
f 308/1966 185/1973 304/1974
f 308/1966 304/1974 350/1967
f 185/1973 218/1962 187/1975
f 185/1973 187/1975 304/1974
f 187/1975 218/1962 220/1976
f 220/1976 218/1962 158/1941
f 304/1974 187/1975 322/1977
f 322/1977 187/1975 220/1976
f 220/1976 158/1941 325/1978
f 220/1976 325/1978 322/1977
f 325/1978 158/1941 285/1979
f 285/1979 158/1941 287/1937
f 285/1979 287/1937 517/1938
f 325/1978 285/1979 543/1980
f 543/1980 285/1979 517/1938
f 325/1978 543/1980 322/1977
f 322/1977 543/1980 557/1981
f 543/1980 517/1938 901/1982
f 557/1981 543/1980 934/1983
f 934/1983 543/1980 901/1982
f 322/1977 557/1981 690/1984
f 690/1984 557/1981 934/1983
f 416/1985 304/1974 322/1977
f 416/1985 322/1977 690/1984
f 304/1974 416/1985 352/1986
f 304/1974 352/1986 350/1967
f 350/1967 352/1986 404/1987
f 350/1967 404/1987 524/1968
f 524/1968 404/1987 427/1972
f 427/1972 404/1987 457/1988
f 427/1972 457/1988 515/1989
f 404/1987 352/1986 388/1990
f 404/1987 388/1990 457/1988
f 459/1991 352/1986 416/1985
f 352/1986 459/1991 388/1990
f 459/1991 416/1985 702/1992
f 702/1992 416/1985 690/1984
f 388/1990 459/1991 530/1993
f 530/1993 459/1991 702/1992
f 702/1992 690/1984 1040/1994
f 388/1990 530/1993 500/1995
f 388/1990 500/1995 457/1988
f 530/1993 702/1992 778/1996
f 778/1996 702/1992 1040/1994
f 500/1995 530/1993 583/1997
f 530/1993 778/1996 815/1998
f 530/1993 815/1998 583/1997
f 500/1995 583/1997 594/1999
f 500/1995 594/1999 457/1988
f 594/1999 583/1997 815/1998
f 533/2000 457/1988 414/2001
f 414/2001 457/1988 601/2002
f 601/2002 457/1988 594/1999
f 414/2001 601/2002 498/2003
f 498/2003 601/2002 683/2004
f 683/2004 601/2002 855/2005
f 601/2002 594/1999 840/2006
f 840/2006 594/1999 815/1998
f 601/2002 840/2006 855/2005
f 683/2004 855/2005 996/2007
f 840/2006 815/1998 1151/2008
f 840/2006 1151/2008 855/2005
f 1151/2008 815/1998 1122/2009
f 1122/2009 815/1998 778/1996
f 855/2005 1151/2008 1175/2010
f 996/2007 855/2005 1338/2011
f 1338/2011 855/2005 1175/2010
f 996/2007 1338/2011 994/2012
f 994/2012 1338/2011 1323/2013
f 1122/2009 778/1996 1115/2014
f 1115/2014 778/1996 1040/1994
f 1122/2009 1115/2014 1419/2015
f 1419/2015 1115/2014 1040/1994
f 1323/2013 1338/2011 1564/2016
f 1323/2013 1564/2016 1600/2017
f 1441/2018 1338/2011 1175/2010
f 1441/2018 1175/2010 1151/2008
f 1564/2016 1338/2011 1602/2019
f 1602/2019 1338/2011 1441/2018
f 1564/2016 1602/2019 1682/2020
f 1564/2016 1682/2020 1635/2021
f 1682/2020 1602/2019 1517/2022
f 1517/2022 1602/2019 1441/2018
f 1682/2020 1517/2022 1587/2023
f 1441/2018 1151/2008 1408/2024
f 1441/2018 1408/2024 1517/2022
f 1408/2024 1151/2008 1122/2009
f 1587/2023 1517/2022 1429/2025
f 1587/2023 1429/2025 1321/2026
f 1517/2022 1408/2024 1474/2027
f 1517/2022 1474/2027 1429/2025
f 1408/2024 1122/2009 1403/2028
f 1408/2024 1403/2028 1474/2027
f 1403/2028 1122/2009 1419/2015
f 1321/2026 1429/2025 1164/2029
f 1321/2026 1164/2029 846/2030
f 1164/2029 1429/2025 1135/2031
f 1164/2029 1135/2031 846/2030
f 1401/2032 1429/2025 1474/2027
f 1429/2025 1401/2032 1135/2031
f 1460/2033 1474/2027 1403/2028
f 1474/2027 1460/2033 1401/2032
f 1476/2034 1403/2028 1419/2015
f 1403/2028 1476/2034 1460/2033
f 1401/2032 1460/2033 1345/2035
f 1345/2035 1460/2033 1476/2034
f 1401/2032 1345/2035 1135/2031
f 1099/2036 846/2030 1135/2031
f 1099/2036 1135/2031 1345/2035
f 846/2030 1099/2036 776/2037
f 776/2037 1099/2036 717/2038
f 717/2038 1099/2036 1027/2039
f 1027/2039 1099/2036 1345/2035
f 717/2038 1027/2039 700/2040
f 1027/2039 1345/2035 1289/2041
f 700/2040 1027/2039 1049/2042
f 1289/2041 1345/2035 1405/2043
f 1405/2043 1345/2035 1476/2034
f 1027/2039 1289/2041 1347/2044
f 1027/2039 1347/2044 1049/2042
f 1347/2044 1289/2041 1405/2043
f 700/2040 1049/2042 955/2045
f 955/2045 1049/2042 1347/2044
f 700/2040 955/2045 607/2046
f 1405/2043 1476/2034 1325/2047
f 1325/2047 1476/2034 1419/2015
f 1325/2047 1419/2015 1040/1994
f 1405/2043 1325/2047 1464/2048
f 1405/2043 1464/2048 1347/2044
f 1325/2047 1040/1994 1060/2049
f 1060/2049 1040/1994 690/1984
f 1060/2049 690/1984 934/1983
f 1325/2047 1060/2049 1377/2050
f 1377/2050 1060/2049 934/1983
f 1325/2047 1377/2050 1464/2048
f 1347/2044 1464/2048 1353/2051
f 1353/2051 1464/2048 1377/2050
f 1377/2050 934/1983 1249/2052
f 1377/2050 1249/2052 1353/2051
f 1249/2052 934/1983 901/1982
f 1347/2044 1353/2051 1232/2053
f 1347/2044 1232/2053 955/2045
f 1353/2051 1249/2052 1138/2054
f 1138/2054 1249/2052 901/1982
f 1232/2053 1353/2051 1269/2055
f 1269/2055 1353/2051 1138/2054
f 955/2045 1232/2053 1194/2056
f 1194/2056 1232/2053 1269/2055
f 1269/2055 1138/2054 1196/2057
f 1196/2057 1138/2054 901/1982
f 1194/2056 1269/2055 1299/2058
f 1299/2058 1269/2055 1196/2057
f 955/2045 1194/2056 957/2059
f 955/2045 957/2059 607/2046
f 607/2046 957/2059 585/2060
f 585/2060 957/2059 566/2061
f 1196/2057 901/1982 883/2062
f 883/2062 901/1982 517/1938
f 883/2062 517/1938 818/1933
f 883/2062 818/1933 1116/2063
f 883/2062 1116/2063 1196/2057
f 1116/2063 818/1933 1071/1931
f 1196/2057 1116/2063 1217/2064
f 1217/2064 1116/2063 1071/1931
f 1196/2057 1217/2064 1299/2058
f 1217/2064 1071/1931 1123/2065
f 1123/2065 1071/1931 1218/1923
f 1299/2058 1217/2064 1211/2066
f 1299/2058 1211/2066 1194/2056
f 1194/2056 1211/2066 957/2059
f 1211/2066 1217/2064 1130/2067
f 1130/2067 1217/2064 1123/2065
f 957/2059 1211/2066 899/2068
f 899/2068 1211/2066 1130/2067
f 957/2059 899/2068 566/2061
f 566/2061 899/2068 870/2069
f 870/2069 899/2068 1130/2067
f 566/2061 870/2069 541/2070
f 1130/2067 1123/2065 1082/2071
f 1130/2067 1082/2071 870/2069
f 1082/2071 1123/2065 1218/1923
f 1082/2071 1218/1923 1036/2072
f 1036/2072 1218/1923 1061/1918
f 870/2069 1082/2071 801/2073
f 801/2073 1082/2071 1036/2072
f 870/2069 801/2073 541/2070
f 801/2073 1036/2072 1061/1918
f 541/2070 801/2073 522/2074
f 522/2074 801/2073 507/2075
f 801/2073 1061/1918 842/2076
f 801/2073 842/2076 507/2075
f 842/2076 1061/1918 1031/1915
f 507/2075 842/2076 493/2077
f 842/2076 1031/1915 802/2078
f 842/2076 802/2078 493/2077
f 2392/2079 2449/2080 2382/2081
f 2449/2080 2392/2079 2424/2082
f 2424/2082 2392/2079 2381/2083
f 2381/2083 2392/2079 2317/2084
f 2317/2084 2392/2079 2311/2085
f 2317/2084 2311/2085 2429/2086
f 2381/2083 2317/2084 2310/2087
f 2317/2084 2429/2086 2413/2088
f 2317/2084 2413/2088 2310/2087
f 2413/2088 2429/2086 2333/2089
f 2413/2088 2333/2089 2306/2090
f 2310/2087 2413/2088 2304/2091
f 2310/2087 2304/2091 2381/2083
f 2381/2083 2304/2091 2302/2092
f 2381/2083 2302/2092 2331/2093
f 2304/2091 2413/2088 2395/2094
f 2413/2088 2306/2090 2268/2095
f 2413/2088 2268/2095 2395/2094
f 2268/2095 2306/2090 2206/2096
f 2206/2096 2306/2090 2227/2097
f 2268/2095 2206/2096 2170/2098
f 2170/2098 2206/2096 2060/2099
f 2268/2095 2170/2098 2279/2100
f 2268/2095 2279/2100 2395/2094
f 2393/2101 2304/2091 2395/2094
f 2304/2091 2393/2101 2302/2092
f 2393/2101 2395/2094 2279/2100
f 2165/2102 2318/2103 2279/2100
f 2279/2100 2318/2103 2438/2104
f 2279/2100 2438/2104 2383/2105
f 2279/2100 2383/2105 2393/2101
f 2383/2105 2438/2104 2406/2106
f 2302/2092 2393/2101 2296/2107
f 2296/2107 2393/2101 2383/2105
f 2296/2107 2383/2105 2406/2106
f 2302/2092 2296/2107 2331/2093
f 2331/2093 2296/2107 2406/2106
f 2331/2093 2406/2106 2401/2108
f 2333/2109 2429/2110 2307/2111
f 2333/2112 2207/2113 2227/2114
f 2333/2112 2227/2114 2306/2115
f 2227/2114 2207/2113 2086/2116
f 2227/2114 2086/2116 2078/2117
f 2227/2114 2078/2117 2206/2118
f 2078/2117 2086/2116 1861/2119
f 2206/2118 2078/2117 2060/2120
f 2060/2120 2078/2117 1842/2121
f 1842/2121 2078/2117 1861/2119
f 2060/2120 1842/2121 1836/2122
f 1785/2123 1836/2122 1819/2124
f 1819/2124 1836/2122 1797/2125
f 1797/2125 1836/2122 1842/2121
f 1842/2121 1861/2119 1820/2126
f 1842/2121 1820/2126 1797/2125
f 1820/2126 1861/2119 1786/2127
f 1797/2125 1820/2126 2087/2128
f 1820/2126 1786/2127 2021/2129
f 1820/2126 2021/2129 2087/2128
f 884/2130 1354/2131 857/2132
f 857/2132 1354/2131 1310/2133
f 1310/2133 1354/2131 1816/2134
f 884/2130 857/2132 467/2135
f 884/2130 467/2135 371/2136
f 857/2132 1310/2133 821/2137
f 857/2132 821/2137 467/2135
f 1310/2133 1816/2134 1219/2138
f 1310/2133 1219/2138 821/2137
f 1219/2138 1816/2134 1461/2139
f 1461/2139 1816/2134 1504/2140
f 1461/2139 1504/2140 1369/2141
f 121/2142 371/2136 467/2135
f 371/2136 121/2142 2516/2143
f 2516/2143 121/2142 2612/2144
f 2612/2144 121/2142 2585/2145
f 2585/2145 121/2142 2573/2146
f 2585/2145 2573/2146 2579/2147
f 2579/2147 2573/2146 2574/2148
f 121/2142 467/2135 469/2149
f 469/2149 467/2135 821/2137
f 2573/2146 121/2142 145/2150
f 145/2150 121/2142 469/2149
f 469/2149 821/2137 803/2151
f 803/2151 821/2137 1219/2138
f 145/2150 469/2149 466/2152
f 466/2152 469/2149 803/2151
f 2573/2146 145/2150 155/2153
f 155/2153 145/2150 466/2152
f 2573/2146 155/2153 2559/2154
f 2573/2146 2559/2154 2574/2148
f 803/2151 1219/2138 1185/2155
f 1185/2155 1219/2138 1461/2139
f 466/2152 803/2151 819/2156
f 1185/2155 1461/2139 1364/2157
f 1364/2157 1461/2139 1369/2141
f 803/2151 1185/2155 1258/2158
f 1258/2158 1185/2155 1364/2157
f 803/2151 1258/2158 819/2156
f 1364/2157 1369/2141 1367/2159
f 1364/2157 1367/2159 1258/2158
f 1367/2159 1369/2141 1212/2160
f 463/2161 466/2152 819/2156
f 466/2152 463/2161 155/2153
f 463/2161 819/2156 834/2162
f 834/2162 819/2156 1258/2158
f 155/2153 463/2161 142/2163
f 155/2153 142/2163 2559/2154
f 463/2161 834/2162 462/2164
f 463/2161 462/2164 142/2163
f 834/2162 1258/2158 783/2165
f 834/2162 783/2165 462/2164
f 2559/2154 142/2163 2556/2166
f 142/2163 462/2164 154/2167
f 142/2163 154/2167 2556/2166
f 154/2167 462/2164 190/2168
f 2559/2154 2556/2166 2564/2169
f 2559/2154 2564/2169 2574/2148
f 2574/2148 2564/2169 112/2170
f 2564/2169 2556/2166 2546/2171
f 112/2170 2564/2169 104/2172
f 104/2172 2564/2169 2546/2171
f 112/2170 104/2172 471/2173
f 2546/2171 2556/2166 2557/2174
f 2546/2171 2557/2174 104/2172
f 2572/2175 2556/2166 154/2167
f 2556/2166 2572/2175 2557/2174
f 2572/2175 154/2167 190/2168
f 2557/2174 2572/2175 2536/2176
f 2572/2175 190/2168 2531/2177
f 2572/2175 2531/2177 2536/2176
f 2531/2177 190/2168 169/2178
f 2557/2174 2536/2176 102/2179
f 169/2178 190/2168 461/2180
f 461/2180 190/2168 462/2164
f 461/2180 462/2164 783/2165
f 169/2178 461/2180 476/2181
f 461/2180 783/2165 856/2182
f 461/2180 856/2182 476/2181
f 476/2181 856/2182 485/2183
f 476/2181 485/2183 169/2178
f 856/2182 783/2165 1225/2184
f 485/2183 856/2182 863/2185
f 863/2185 856/2182 1225/2184
f 485/2183 863/2185 483/2186
f 485/2183 483/2186 169/2178
f 483/2186 863/2185 793/2187
f 483/2186 793/2187 492/2188
f 793/2187 863/2185 1147/2189
f 1147/2189 863/2185 1225/2184
f 793/2187 1147/2189 1030/2190
f 1030/2190 1147/2189 1124/2191
f 169/2178 483/2186 188/2192
f 188/2192 483/2186 492/2188
f 188/2192 492/2188 237/2193
f 237/2193 492/2188 506/2194
f 169/2178 188/2192 2539/2195
f 188/2192 237/2193 2507/2196
f 188/2192 2507/2196 2539/2195
f 2507/2196 237/2193 2513/2197
f 2507/2196 2513/2197 2530/2198
f 2507/2196 2530/2198 2515/2199
f 2507/2196 2515/2199 2539/2195
f 169/2178 2539/2195 2531/2177
f 2539/2195 2515/2199 2541/2200
f 2539/2195 2541/2200 2531/2177
f 2541/2200 2515/2199 159/2201
f 2531/2177 2541/2200 2536/2176
f 2541/2200 159/2201 134/2202
f 2541/2200 134/2202 2536/2176
f 2536/2176 134/2202 102/2179
f 102/2179 134/2202 175/2203
f 175/2203 134/2202 429/2204
f 429/2204 134/2202 424/2205
f 102/2179 175/2203 177/2206
f 177/2206 175/2203 429/2204
f 429/2204 424/2205 787/2207
f 102/2179 177/2206 89/2208
f 102/2179 89/2208 2557/2174
f 2557/2174 89/2208 104/2172
f 89/2208 177/2206 179/2209
f 89/2208 179/2209 104/2172
f 177/2206 429/2204 436/2210
f 177/2206 436/2210 179/2209
f 429/2204 787/2207 763/2211
f 429/2204 763/2211 436/2210
f 763/2211 787/2207 877/2212
f 104/2172 179/2209 447/2213
f 447/2213 179/2209 436/2210
f 436/2210 763/2211 765/2214
f 765/2214 763/2211 877/2212
f 436/2210 765/2214 447/2213
f 104/2172 447/2213 454/2215
f 104/2172 454/2215 471/2173
f 447/2213 765/2214 774/2216
f 447/2213 774/2216 454/2215
f 765/2214 877/2212 924/2217
f 765/2214 924/2217 774/2216
f 924/2217 877/2212 1212/2218
f 924/2217 1212/2218 1369/2219
f 471/2173 454/2215 905/2220
f 905/2220 454/2215 774/2216
f 905/2220 774/2216 924/2217
f 905/2220 924/2217 1369/2219
f 471/2173 905/2220 935/2221
f 935/2221 905/2220 1369/2219
f 1131/2222 1367/2159 1212/2160
f 1131/2222 1212/2160 877/2223
f 1367/2159 1131/2222 1273/2224
f 1367/2159 1273/2224 1258/2158
f 1131/2222 877/2223 1165/2225
f 1131/2222 1165/2225 1273/2224
f 1165/2225 877/2223 787/2226
f 1165/2225 787/2226 759/2227
f 1165/2225 759/2227 1062/2228
f 1165/2225 1062/2228 1124/2191
f 1165/2225 1124/2191 1326/2229
f 1165/2225 1326/2229 1273/2224
f 1326/2229 1124/2191 1147/2189
f 1326/2229 1147/2189 1225/2184
f 1273/2224 1326/2229 1139/2230
f 1139/2230 1326/2229 1225/2184
f 1273/2224 1139/2230 1258/2158
f 1139/2230 1225/2184 783/2165
f 1139/2230 783/2165 1258/2158
f 2647/2231 2654/2232 2664/2233
f 2647/2231 2664/2233 2662/2234
f 2662/2234 2664/2233 2668/2235
f 2662/2234 2668/2235 2632/2236
f 2662/2234 2632/2236 2609/2237
f 2662/2234 2609/2237 2647/2231
f 2647/2231 2609/2237 2533/2238
f 61/2239 109/2240 361/2241
f 361/2241 109/2240 331/2242
f 331/2242 109/2240 77/2243
f 297/2244 361/2241 767/2245
f 767/2245 361/2241 331/2242
f 657/2246 767/2245 1275/2247
f 1275/2247 767/2245 1201/2248
f 1201/2248 767/2245 685/2249
f 685/2249 767/2245 331/2242
f 1201/2248 685/2249 1128/2250
f 489/2251 331/2242 77/2243
f 489/2251 77/2243 259/2252
f 489/2251 259/2252 342/2253
f 331/2242 489/2251 848/2254
f 331/2242 848/2254 685/2249
f 1128/2250 685/2249 1261/2255
f 1261/2255 685/2249 848/2254
f 1128/2250 1261/2255 1570/2256
f 489/2251 342/2253 559/2257
f 489/2251 559/2257 848/2254
f 559/2257 342/2253 648/2258
f 848/2254 559/2257 950/2259
f 848/2254 950/2259 1261/2255
f 950/2259 559/2257 648/2258
f 648/2258 342/2253 422/2260
f 1621/2261 1570/2256 1261/2255
f 1570/2256 1621/2261 1830/2262
f 1261/2255 950/2259 1412/2263
f 1621/2261 1261/2255 1801/2264
f 1801/2264 1261/2255 1412/2263
f 1830/2262 1621/2261 1786/2265
f 1786/2265 1621/2261 1801/2264
f 1830/2262 1786/2265 1861/2266
f 1412/2263 950/2259 1044/2267
f 1044/2267 950/2259 648/2258
f 1801/2264 1412/2263 1532/2268
f 1532/2268 1412/2263 1044/2267
f 1786/2265 1801/2264 2103/2269
f 1786/2265 2103/2269 2021/2270
f 2103/2269 1801/2264 1935/2271
f 1935/2271 1801/2264 1532/2268
f 2103/2269 1935/2271 2176/2272
f 2103/2269 2176/2272 2229/2273
f 2229/2273 2176/2272 2278/2274
f 2278/2274 2176/2272 2179/2275
f 2176/2272 1935/2271 2139/2276
f 2176/2272 2139/2276 2179/2275
f 1935/2271 1532/2268 1965/2277
f 1935/2271 1965/2277 2139/2276
f 2179/2275 2139/2276 2145/2278
f 2145/2278 2139/2276 1965/2277
f 2179/2275 2145/2278 2188/2279
f 2188/2279 2145/2278 2230/2280
f 2230/2280 2145/2278 2141/2281
f 2141/2281 2145/2278 1965/2277
f 2230/2280 2141/2281 2242/2282
f 2242/2282 2141/2281 2174/2283
f 2174/2283 2141/2281 1957/2284
f 2141/2281 1965/2277 1789/2285
f 2141/2281 1789/2285 1957/2284
f 1632/2286 1965/2277 1532/2268
f 1965/2277 1632/2286 1789/2285
f 1632/2286 1532/2268 1203/2287
f 1632/2286 1203/2287 1789/2285
f 1203/2287 1532/2268 1044/2267
f 1957/2284 1789/2285 1721/2288
f 1957/2284 1721/2288 1915/2289
f 1721/2288 1789/2285 1506/2290
f 1506/2290 1789/2285 1340/2291
f 1340/2291 1789/2285 1203/2287
f 1203/2287 1044/2267 648/2258
f 1203/2287 648/2258 824/2292
f 824/2292 648/2258 422/2260
f 824/2292 422/2260 610/2293
f 824/2292 610/2293 1023/2294
f 1203/2287 824/2292 1033/2295
f 1203/2287 1033/2295 1340/2291
f 1033/2295 824/2292 1023/2294
f 1340/2291 1033/2295 1301/2296
f 1340/2291 1301/2296 1414/2297
f 1414/2297 1301/2296 1443/2298
f 1301/2296 1033/2295 1242/2299
f 1242/2299 1033/2295 1023/2294
f 1301/2296 1242/2299 1443/2298
f 1242/2299 1023/2294 1190/2300
f 1242/2299 1190/2300 1312/2301
f 1242/2299 1312/2301 1423/2302
f 1242/2299 1423/2302 1356/2303
f 1242/2299 1356/2303 1443/2298
f 1443/2298 1356/2303 1549/2304
f 846/2305 555/2306 981/2307
f 846/2305 981/2307 1321/2308
f 981/2307 555/2306 653/2309
f 653/2309 555/2306 427/2310
f 653/2309 427/2310 515/2311
f 457/2312 533/2313 515/2311
f 515/2311 533/2313 520/2314
f 515/2311 520/2314 653/2309
f 520/2314 533/2313 549/2315
f 653/2309 520/2314 651/2316
f 653/2309 651/2316 981/2307
f 520/2314 549/2315 539/2317
f 520/2314 539/2317 651/2316
f 539/2317 549/2315 563/2318
f 539/2317 563/2318 597/2319
f 597/2319 563/2318 599/2320
f 539/2317 597/2319 712/2321
f 539/2317 712/2321 681/2322
f 539/2317 681/2322 651/2316
f 681/2322 712/2321 989/2323
f 681/2322 989/2323 954/2324
f 681/2322 954/2324 651/2316
f 954/2324 989/2323 1246/2325
f 651/2316 954/2324 920/2326
f 651/2316 920/2326 981/2307
f 954/2324 1246/2325 1145/2327
f 954/2324 1145/2327 920/2326
f 981/2307 920/2326 1035/2328
f 1035/2328 920/2326 1145/2327
f 1145/2327 1246/2325 1387/2329
f 1387/2329 1246/2325 1515/2330
f 1387/2329 1515/2330 1568/2331
f 1387/2329 1568/2331 1447/2332
f 1387/2329 1447/2332 1145/2327
f 1447/2332 1568/2331 1610/2333
f 1447/2332 1610/2333 1718/2334
f 1035/2328 1145/2327 1231/2335
f 1231/2335 1145/2327 1447/2332
f 1035/2328 1231/2335 1455/2336
f 1447/2332 1718/2334 1594/2337
f 1594/2337 1718/2334 1767/2338
f 1231/2335 1447/2332 1496/2339
f 1447/2332 1594/2337 1630/2340
f 1447/2332 1630/2340 1496/2339
f 1671/2341 1647/2342 1594/2337
f 1594/2337 1647/2342 1630/2340
f 1630/2340 1647/2342 1729/2343
f 1630/2340 1729/2343 1827/2344
f 1630/2340 1827/2344 1778/2345
f 1630/2340 1778/2345 1496/2339
f 1778/2345 1827/2344 1927/2346
f 1649/2347 1231/2335 1496/2339
f 1649/2347 1496/2339 1778/2345
f 1231/2335 1649/2347 1455/2336
f 1778/2345 1927/2346 1905/2348
f 1778/2345 1905/2348 1649/2347
f 1905/2348 1927/2346 1962/2349
f 1962/2349 1927/2346 1992/2350
f 1649/2347 1905/2348 1847/2351
f 1649/2347 1847/2351 1455/2336
f 1905/2348 1962/2349 1898/2352
f 1905/2348 1898/2352 1847/2351
f 1962/2349 1992/2350 1866/2353
f 1455/2336 1847/2351 1755/2354
f 1962/2349 1866/2353 1868/2355
f 1962/2349 1868/2355 1898/2352
f 1718/2356 1866/2353 1911/2357
f 1866/2353 1718/2356 1795/2358
f 1866/2353 1795/2358 1868/2355
f 1795/2358 1718/2356 1610/2359
f 1795/2358 1610/2359 1568/2360
f 1795/2358 1568/2360 1741/2361
f 1795/2358 1741/2361 1868/2355
f 1741/2361 1568/2360 1515/2362
f 1868/2355 1741/2361 1845/2363
f 1868/2355 1845/2363 1898/2352
f 1741/2361 1515/2362 1780/2364
f 1741/2361 1780/2364 1845/2363
f 1780/2364 1515/2362 1815/2365
f 1780/2364 1815/2365 1883/2366
f 1780/2364 1883/2366 1845/2363
f 1883/2366 1815/2365 1921/2367
f 1883/2366 1921/2367 1996/2368
f 1883/2366 1996/2368 1845/2363
f 1996/2368 1921/2367 2009/2369
f 1996/2368 2009/2369 1944/2370
f 1996/2368 1944/2370 1929/2371
f 1929/2371 1944/2370 1750/2372
f 1845/2363 1996/2368 1900/2373
f 1845/2363 1900/2373 1898/2352
f 1996/2368 1929/2371 1878/2374
f 1878/2374 1929/2371 1750/2372
f 1996/2368 1878/2374 1900/2373
f 1898/2352 1900/2373 1855/2375
f 1898/2352 1855/2375 1847/2351
f 1847/2351 1855/2375 1755/2354
f 1855/2375 1900/2373 1704/2376
f 1855/2375 1704/2376 1755/2354
f 1900/2373 1878/2374 1680/2377
f 1900/2373 1680/2377 1704/2376
f 1755/2354 1704/2376 1585/2378
f 1755/2354 1585/2378 1455/2336
f 1455/2336 1585/2378 1319/2379
f 1455/2336 1319/2379 1035/2328
f 1035/2328 1319/2379 981/2307
f 981/2307 1319/2379 1309/2380
f 1309/2380 1319/2379 1585/2378
f 981/2307 1309/2380 1321/2308
f 1309/2380 1585/2378 1562/2381
f 1309/2380 1562/2381 1321/2308
f 1562/2381 1585/2378 1704/2376
f 1321/2308 1562/2381 1587/2382
f 1562/2381 1704/2376 1635/2383
f 1562/2381 1635/2383 1587/2382
f 1587/2382 1635/2383 1682/2384
f 1635/2383 1704/2376 1680/2377
f 1635/2383 1680/2377 1564/2385
f 1564/2385 1680/2377 1600/2386
f 1600/2386 1680/2377 1596/2387
f 1596/2387 1680/2377 1651/2388
f 1651/2388 1680/2377 1878/2374
f 1651/2388 1878/2374 1829/2389
f 1651/2388 1829/2389 1596/2387
f 1829/2389 1878/2374 1752/2390
f 1829/2389 1752/2390 1596/2387
f 1752/2390 1878/2374 1782/2391
f 1782/2391 1878/2374 1750/2372
f 1782/2391 1750/2372 1560/2392
f 1351/2393 1600/2386 1596/2387
f 1600/2386 1351/2393 1323/2394
f 1596/2387 1752/2390 1343/2395
f 1596/2387 1343/2395 1351/2393
f 1752/2390 1782/2391 1457/2396
f 1752/2390 1457/2396 1343/2395
f 1782/2391 1560/2392 1472/2397
f 1782/2391 1472/2397 1457/2396
f 1472/2397 1560/2392 1307/2398
f 994/2399 1323/2394 1351/2393
f 1457/2396 1472/2397 1068/2400
f 1457/2396 1068/2400 1343/2395
f 1472/2397 1307/2398 1081/2401
f 1472/2397 1081/2401 1068/2400
f 1081/2401 1307/2398 1097/2402
f 1081/2401 1097/2402 910/2403
f 1081/2401 910/2403 715/2404
f 1081/2401 715/2404 1068/2400
f 715/2404 910/2403 705/2405
f 563/2406 705/2405 599/2407
f 705/2405 563/2406 715/2404
f 1068/2400 715/2404 769/2408
f 715/2404 563/2406 698/2409
f 769/2408 715/2404 755/2410
f 755/2410 715/2404 698/2409
f 769/2408 755/2410 1012/2411
f 769/2408 1012/2411 1068/2400
f 1012/2411 755/2410 698/2409
f 1068/2400 1012/2411 1343/2395
f 698/2409 563/2406 549/2412
f 1343/2395 1012/2411 1009/2413
f 1009/2413 1012/2411 698/2409
f 1343/2395 1009/2413 1351/2393
f 1351/2393 1009/2413 994/2399
f 994/2399 1009/2413 698/2409
f 698/2409 549/2412 695/2414
f 698/2409 695/2414 994/2399
f 695/2414 549/2412 533/2415
f 994/2399 695/2414 683/2416
f 994/2399 683/2416 996/2417
f 683/2416 695/2414 498/2418
f 498/2418 695/2414 533/2415
f 498/2418 533/2415 414/2419
f 1097/2420 1307/2421 1297/2422
f 1297/2422 1307/2421 1560/2423
f 1702/2424 1546/2425 1560/2423
f 1560/2423 1546/2425 1297/2422
f 910/2426 1097/2420 896/2427
f 896/2427 1097/2420 1095/2428
f 1095/2428 1097/2420 1297/2422
f 896/2427 1095/2428 1106/2429
f 1106/2429 1095/2428 1297/2422
f 896/2427 1106/2429 927/2430
f 927/2430 1106/2429 932/2431
f 1583/2432 1546/2425 1716/2433
f 1546/2425 1583/2432 1297/2422
f 932/2431 1106/2429 1104/2434
f 932/2431 1104/2434 1102/2435
f 932/2431 1102/2435 965/2436
f 965/2436 1102/2435 1093/2437
f 1102/2435 1104/2434 1236/2438
f 1104/2434 1106/2429 1263/2439
f 1104/2434 1263/2439 1236/2438
f 1263/2439 1106/2429 1265/2440
f 1265/2440 1106/2429 1297/2422
f 1093/2437 1102/2435 1207/2441
f 1207/2441 1102/2435 1236/2438
f 1093/2437 1207/2441 1160/2442
f 1093/2437 1160/2442 1086/2443
f 1086/2443 1160/2442 1162/2444
f 1162/2444 1160/2442 1207/2441
f 1162/2444 1207/2441 1222/2445
f 1222/2445 1207/2441 1236/2438
f 1162/2444 1222/2445 1167/2446
f 1222/2445 1236/2438 1238/2447
f 1222/2445 1238/2447 1167/2446
f 1238/2447 1236/2438 1263/2439
f 1167/2446 1238/2447 1169/2448
f 1238/2447 1263/2439 1253/2449
f 1238/2447 1253/2449 1169/2448
f 1253/2449 1263/2439 1265/2440
f 1169/2448 1253/2449 1171/2450
f 1169/2448 1171/2450 1056/2451
f 1056/2451 1171/2450 1047/2452
f 1047/2452 1171/2450 1173/2453
f 1171/2450 1253/2449 1255/2454
f 1255/2454 1253/2449 1265/2440
f 1171/2450 1255/2454 1173/2453
f 1173/2453 1255/2454 1240/2455
f 1255/2454 1265/2440 1297/2422
f 1255/2454 1297/2422 1272/2456
f 1255/2454 1272/2456 1240/2455
f 1272/2456 1297/2422 1286/2457
f 1272/2456 1286/2457 1240/2455
f 1286/2457 1297/2422 1363/2458
f 1363/2458 1297/2422 1583/2432
f 1363/2458 1583/2432 1581/2459
f 1581/2459 1583/2432 1714/2460
f 1581/2459 1714/2460 1579/2461
f 1363/2458 1581/2459 1382/2462
f 1382/2462 1581/2459 1579/2461
f 1286/2457 1363/2458 1305/2463
f 1305/2463 1363/2458 1382/2462
f 1286/2457 1305/2463 1296/2464
f 1286/2457 1296/2464 1240/2455
f 1305/2463 1382/2462 1317/2465
f 1382/2462 1579/2461 1399/2466
f 1382/2462 1399/2466 1317/2465
f 1240/2455 1296/2464 1375/2467
f 1399/2466 1579/2461 1542/2468
f 1542/2468 1579/2461 1626/2469
f 1240/2455 1375/2467 1528/2470
f 1240/2455 1528/2470 1513/2471
f 1528/2470 1375/2467 1398/2472
f 1398/2472 1375/2467 1296/2464
f 1528/2470 1398/2472 1544/2473
f 1544/2473 1398/2472 1511/2474
f 1542/2468 1626/2469 1492/2475
f 1398/2472 1296/2464 1315/2476
f 1315/2476 1296/2464 1305/2463
f 1315/2476 1305/2463 1317/2465
f 1511/2474 1398/2472 1395/2477
f 1395/2477 1398/2472 1315/2476
f 1511/2474 1395/2477 1494/2478
f 1542/2468 1492/2475 1393/2479
f 1542/2468 1393/2479 1399/2466
f 1399/2466 1393/2479 1317/2465
f 1494/2478 1395/2477 1433/2480
f 1395/2477 1315/2476 1336/2481
f 1336/2481 1315/2476 1317/2465
f 1395/2477 1336/2481 1433/2480
f 1494/2478 1433/2480 1470/2482
f 1577/2483 1470/2482 1492/2475
f 1433/2480 1336/2481 1373/2484
f 1336/2481 1317/2465 1334/2485
f 1336/2481 1334/2485 1373/2484
f 1334/2485 1317/2465 1393/2479
f 1433/2480 1373/2484 1385/2486
f 1433/2480 1385/2486 1470/2482
f 1385/2486 1373/2484 1334/2485
f 1431/2487 1492/2475 1470/2482
f 1492/2475 1431/2487 1393/2479
f 1431/2487 1470/2482 1385/2486
f 1393/2479 1431/2487 1334/2485
f 1334/2485 1431/2487 1385/2486
f 705/2488 910/2489 896/2490
f 705/2488 896/2490 709/2491
f 709/2491 896/2490 881/2492
f 705/2488 709/2491 599/2493
f 709/2491 881/2492 741/2494
f 599/2493 709/2491 613/2495
f 613/2495 709/2491 741/2494
f 599/2493 613/2495 619/2496
f 599/2493 619/2496 597/2497
f 597/2497 619/2496 743/2498
f 597/2497 743/2498 712/2499
f 743/2498 619/2496 739/2500
f 739/2500 619/2496 628/2501
f 628/2501 619/2496 613/2495
f 739/2500 628/2501 735/2502
f 605/2503 613/2495 741/2494
f 613/2495 605/2503 628/2501
f 605/2503 741/2494 737/2504
f 735/2502 628/2501 632/2505
f 632/2505 628/2501 605/2503
f 735/2502 632/2505 733/2506
f 733/2506 632/2505 635/2507
f 632/2505 605/2503 617/2508
f 617/2508 605/2503 737/2504
f 632/2505 617/2508 635/2507
f 733/2506 635/2507 731/2509
f 617/2508 737/2504 721/2510
f 721/2510 737/2504 853/2511
f 635/2507 617/2508 623/2512
f 623/2512 617/2508 721/2510
f 721/2510 853/2511 828/2513
f 721/2510 828/2513 719/2514
f 623/2512 721/2510 638/2515
f 638/2515 721/2510 719/2514
f 623/2512 638/2515 635/2507
f 638/2515 719/2514 727/2516
f 661/2517 731/2509 635/2507
f 661/2517 635/2507 638/2515
f 731/2509 661/2517 729/2518
f 638/2515 727/2516 668/2519
f 668/2519 727/2516 670/2520
f 668/2519 670/2520 638/2515
f 638/2515 670/2520 661/2517
f 670/2520 727/2516 752/2521
f 670/2520 752/2521 729/2518
f 729/2518 661/2517 674/2522
f 674/2522 661/2517 670/2520
f 674/2522 670/2520 729/2518
f 989/2523 712/2524 743/2525
f 989/2523 743/2525 907/2526
f 907/2526 743/2525 844/2527
f 844/2527 743/2525 739/2528
f 907/2526 844/2527 895/2529
f 844/2527 739/2528 837/2530
f 837/2530 739/2528 735/2531
f 895/2529 844/2527 893/2532
f 893/2532 844/2527 837/2530
f 895/2529 893/2532 896/2533
f 837/2530 735/2531 733/2534
f 896/2533 893/2532 881/2535
f 837/2530 733/2534 830/2536
f 893/2532 837/2530 879/2537
f 893/2532 879/2537 881/2535
f 879/2537 837/2530 830/2536
f 830/2536 733/2534 731/2538
f 881/2535 879/2537 872/2539
f 881/2535 872/2539 741/2540
f 741/2540 872/2539 737/2541
f 737/2541 872/2539 853/2542
f 872/2539 879/2537 869/2543
f 869/2543 879/2537 830/2536
f 872/2539 869/2543 853/2542
f 853/2542 869/2543 860/2544
f 860/2544 869/2543 830/2536
f 853/2542 860/2544 828/2545
f 812/2546 830/2536 731/2538
f 830/2536 812/2546 860/2544
f 812/2546 731/2538 729/2547
f 812/2546 729/2547 791/2548
f 860/2544 812/2546 810/2549
f 810/2549 812/2546 791/2548
f 810/2549 791/2548 729/2547
f 860/2544 810/2549 828/2545
f 810/2549 729/2547 752/2550
f 810/2549 752/2550 727/2551
f 828/2545 810/2549 798/2552
f 798/2552 810/2549 727/2551
f 828/2545 798/2552 719/2553
f 719/2553 798/2552 727/2551
f 1927/2554 1827/2555 1873/2556
f 1873/2556 1827/2555 1832/2557
f 1832/2557 1827/2555 1729/2558
f 1927/2554 1873/2556 1919/2559
f 1873/2556 1832/2557 1834/2560
f 1873/2556 1834/2560 1919/2559
f 1832/2557 1729/2558 1765/2561
f 1832/2557 1765/2561 1834/2560
f 1765/2561 1729/2558 1647/2562
f 1765/2561 1647/2562 1746/2563
f 1765/2561 1746/2563 1834/2560
f 1746/2563 1647/2562 1671/2564
f 1981/2565 1927/2554 1919/2559
f 1927/2554 1981/2565 1992/2566
f 1834/2560 1746/2563 1763/2567
f 1763/2567 1746/2563 1671/2564
f 1871/2568 1919/2559 1834/2560
f 1871/2568 1834/2560 1763/2567
f 1981/2565 1919/2559 1909/2569
f 1909/2569 1919/2559 1871/2568
f 1992/2566 1981/2565 1983/2570
f 1983/2570 1981/2565 1909/2569
f 1992/2566 1983/2570 1911/2571
f 1992/2566 1911/2571 1866/2572
f 1983/2570 1909/2569 1903/2573
f 1983/2570 1903/2573 1911/2571
f 1909/2569 1871/2568 1825/2574
f 1909/2569 1825/2574 1903/2573
f 1825/2574 1871/2568 1763/2567
f 1911/2571 1903/2573 1767/2575
f 1767/2575 1903/2573 1825/2574
f 1767/2575 1825/2574 1763/2567
f 1911/2571 1767/2575 1718/2576
f 1767/2575 1763/2567 1671/2564
f 1767/2575 1671/2564 1594/2577
f 1560/2578 1750/2579 1702/2580
f 1702/2580 1750/2579 1944/2581
f 1716/2582 1546/2583 1702/2580
f 1716/2582 1702/2580 1608/2584
f 1702/2580 1944/2581 1776/2585
f 1702/2580 1776/2585 1608/2584
f 2009/2586 2039/2587 1944/2581
f 1944/2581 2039/2587 1960/2588
f 1944/2581 1960/2588 1776/2585
f 1960/2588 2039/2587 2054/2589
f 1960/2588 2054/2589 1985/2590
f 1960/2588 1985/2590 1776/2585
f 1985/2590 2054/2589 2045/2591
f 1985/2590 2045/2591 1977/2592
f 1977/2592 2045/2591 1999/2593
f 1776/2585 1985/2590 1793/2594
f 1793/2594 1985/2590 1977/2592
f 1776/2585 1793/2594 1689/2595
f 1977/2592 1999/2593 1917/2596
f 1917/2596 1999/2593 1888/2597
f 1793/2594 1977/2592 1805/2598
f 1805/2598 1977/2592 1917/2596
f 1793/2594 1805/2598 1744/2599
f 1793/2594 1744/2599 1689/2595
f 1805/2598 1917/2596 1803/2600
f 1803/2600 1917/2596 1888/2597
f 1805/2598 1803/2600 1744/2599
f 1803/2600 1888/2597 1822/2601
f 1822/2601 1888/2597 1841/2602
f 1744/2599 1803/2600 1737/2603
f 1737/2603 1803/2600 1822/2601
f 1822/2601 1841/2602 1772/2604
f 1822/2601 1772/2604 1737/2603
f 1772/2604 1841/2602 1735/2605
f 1772/2604 1735/2605 1737/2603
f 1735/2605 1841/2602 1791/2606
f 1735/2605 1791/2606 1699/2607
f 1735/2605 1699/2607 1737/2603
f 1699/2607 1791/2606 1739/2608
f 1725/2609 1744/2599 1737/2603
f 1725/2609 1737/2603 1699/2607
f 1725/2609 1699/2607 1739/2608
f 1725/2609 1739/2608 1774/2610
f 1725/2609 1774/2610 1669/2611
f 1744/2599 1725/2609 1689/2595
f 1689/2595 1725/2609 1669/2611
f 1689/2595 1669/2611 1645/2612
f 1689/2595 1645/2612 1678/2613
f 1689/2595 1678/2613 1776/2585
f 1776/2585 1678/2613 1608/2584
f 1608/2584 1678/2613 1645/2612
f 1608/2584 1645/2612 1513/2614
f 1608/2584 1513/2614 1528/2615
f 1608/2584 1528/2615 1643/2616
f 2009/2617 1921/2618 2003/2619
f 2009/2617 2003/2619 2039/2620
f 2003/2619 1921/2618 1815/2621
f 2039/2620 2003/2619 2001/2622
f 2039/2620 2001/2622 2054/2623
f 2003/2619 1815/2621 1864/2624
f 2003/2619 1864/2624 2001/2622
f 1864/2624 1815/2621 1628/2625
f 1628/2625 1815/2621 1515/2626
f 1628/2625 1515/2626 1513/2627
f 1513/2627 1515/2626 1240/2628
f 1628/2625 1513/2627 1727/2629
f 1628/2625 1727/2629 1864/2624
f 1727/2629 1513/2627 1645/2630
f 1727/2629 1645/2630 1669/2631
f 1864/2624 1727/2629 1876/2632
f 1864/2624 1876/2632 2001/2622
f 1727/2629 1669/2631 1748/2633
f 1727/2629 1748/2633 1876/2632
f 1748/2633 1669/2631 1774/2634
f 1876/2632 1748/2633 1890/2635
f 1876/2632 1890/2635 2001/2622
f 1890/2635 1748/2633 1774/2634
f 2001/2622 1890/2635 2016/2636
f 2001/2622 2016/2636 2054/2623
f 2054/2623 2016/2636 2045/2637
f 2045/2637 2016/2636 1953/2638
f 1953/2638 2016/2636 1890/2635
f 2045/2637 1953/2638 1999/2639
f 1890/2635 1774/2634 1853/2640
f 1890/2635 1853/2640 1953/2638
f 1853/2640 1774/2634 1739/2641
f 1999/2639 1953/2638 1942/2642
f 1999/2639 1942/2642 1888/2643
f 1888/2643 1942/2642 1841/2644
f 1942/2642 1953/2638 1896/2645
f 1942/2642 1896/2645 1841/2644
f 1953/2638 1853/2640 1851/2646
f 1851/2646 1853/2640 1739/2641
f 1953/2638 1851/2646 1896/2645
f 1896/2645 1851/2646 1841/2644
f 1851/2646 1739/2641 1791/2647
f 1851/2646 1791/2647 1841/2644
f 1240/2648 1515/2649 1246/2650
f 1240/2648 1246/2650 1058/2651
f 1058/2651 1246/2650 989/2652
f 1058/2651 989/2652 907/2653
f 1240/2648 1058/2651 1047/2654
f 1240/2648 1047/2654 1173/2655
f 1047/2654 1058/2651 969/2656
f 969/2656 1058/2651 907/2653
f 1047/2654 969/2656 1056/2657
f 969/2656 907/2653 891/2658
f 891/2658 907/2653 895/2659
f 891/2658 895/2659 896/2660
f 891/2658 896/2660 927/2661
f 969/2656 891/2658 967/2662
f 969/2656 967/2662 1056/2657
f 891/2658 927/2661 889/2663
f 891/2658 889/2663 967/2662
f 889/2663 927/2661 932/2664
f 1056/2657 967/2662 1054/2665
f 1056/2657 1054/2665 1169/2666
f 967/2662 889/2663 979/2667
f 967/2662 979/2667 1054/2665
f 889/2663 932/2664 930/2668
f 889/2663 930/2668 979/2667
f 930/2668 932/2664 965/2669
f 1169/2666 1054/2665 1052/2670
f 1052/2670 1054/2665 979/2667
f 1169/2666 1052/2670 1167/2671
f 979/2667 930/2668 977/2672
f 979/2667 977/2672 1052/2670
f 930/2668 965/2669 963/2673
f 930/2668 963/2673 977/2672
f 963/2673 965/2669 987/2674
f 987/2674 965/2669 1093/2675
f 987/2674 1093/2675 1086/2676
f 963/2673 987/2674 1006/2677
f 963/2673 1006/2677 977/2672
f 987/2674 1086/2676 1016/2678
f 987/2674 1016/2678 1006/2677
f 1016/2678 1086/2676 1079/2679
f 1016/2678 1079/2679 1006/2677
f 1079/2679 1086/2676 1162/2680
f 977/2672 1006/2677 1000/2681
f 1006/2677 1079/2679 1066/2682
f 1006/2677 1066/2682 1000/2681
f 1000/2681 1066/2682 977/2672
f 1066/2682 1079/2679 1162/2680
f 977/2672 1066/2682 1052/2670
f 1052/2670 1066/2682 1167/2671
f 1066/2682 1162/2680 1143/2683
f 1066/2682 1143/2683 1167/2671
f 1167/2671 1143/2683 1162/2680
f 1608/2684 1643/2685 1716/2686
f 1716/2686 1643/2685 1714/2687
f 1716/2686 1714/2687 1583/2688
f 1714/2687 1643/2685 1641/2689
f 1641/2689 1643/2685 1528/2690
f 1641/2689 1528/2690 1639/2691
f 1641/2689 1639/2691 1714/2687
f 1639/2691 1528/2690 1544/2692
f 1639/2691 1544/2692 1511/2693
f 1714/2687 1639/2691 1675/2694
f 1714/2687 1675/2694 1579/2695
f 1579/2695 1675/2694 1626/2696
f 1626/2696 1675/2694 1639/2691
f 1639/2691 1511/2693 1606/2697
f 1639/2691 1606/2697 1626/2696
f 1606/2697 1511/2693 1494/2698
f 1606/2697 1494/2698 1540/2699
f 1606/2697 1540/2699 1626/2696
f 1540/2699 1494/2698 1470/2700
f 1540/2699 1470/2700 1577/2701
f 1540/2699 1577/2701 1626/2696
f 1626/2696 1577/2701 1492/2702
f 1558/2703 611/2704 1360/2705
f 1558/2703 1360/2705 2066/2706
f 2066/2706 1360/2705 2043/2707
f 2043/2707 1360/2705 1950/2708
f 2043/2707 1950/2708 2151/2709
f 1950/2708 1360/2705 1332/2710
f 1332/2710 1360/2705 561/2711
f 1332/2710 561/2711 527/2712
f 2151/2709 1950/2708 2110/2713
f 2151/2709 2110/2713 1940/2714
f 1950/2708 1332/2710 1859/2715
f 1950/2708 1859/2715 2110/2713
f 1332/2710 527/2712 1226/2716
f 1332/2710 1226/2716 1859/2715
f 1226/2716 527/2712 537/2717
f 1226/2716 537/2717 1215/2718
f 1226/2716 1215/2718 1859/2715
f 1215/2718 537/2717 536/2719
f 2110/2713 1859/2715 2031/2720
f 2110/2713 2031/2720 1940/2714
f 1215/2718 536/2719 1157/2721
f 1157/2721 536/2719 547/2722
f 1859/2715 1215/2718 1667/2723
f 1667/2723 1215/2718 1157/2721
f 1940/2714 2031/2720 1849/2724
f 1940/2714 1849/2724 1468/2725
f 1812/2726 2031/2720 1859/2715
f 1812/2726 1859/2715 1667/2723
f 2031/2720 1812/2726 1849/2724
f 1468/2725 1849/2724 1183/2727
f 1667/2723 1157/2721 1467/2728
f 1667/2723 1467/2728 1812/2726
f 1849/2724 1812/2726 1533/2729
f 1183/2727 1849/2724 1084/2730
f 1084/2730 1849/2724 1533/2729
f 1183/2727 1084/2730 626/2731
f 1533/2729 1812/2726 1359/2732
f 1533/2729 1359/2732 1084/2730
f 1812/2726 1467/2728 1574/2733
f 1812/2726 1574/2733 1359/2732
f 626/2731 1084/2730 1025/2734
f 1025/2734 1084/2730 1359/2732
f 626/2731 1025/2734 544/2735
f 544/2735 1025/2734 970/2736
f 970/2736 1025/2734 1359/2732
f 544/2735 970/2736 496/2737
f 496/2737 970/2736 430/2738
f 430/2738 970/2736 960/2739
f 960/2739 970/2736 1303/2740
f 970/2736 1359/2732 1380/2741
f 970/2736 1380/2741 1303/2740
f 1380/2741 1359/2732 1653/2742
f 1380/2741 1653/2742 1303/2740
f 1653/2742 1359/2732 1574/2733
f 1303/2740 1653/2742 1466/2743
f 1653/2742 1574/2733 1501/2744
f 1653/2742 1501/2744 1466/2743
f 1501/2744 1574/2733 1467/2728
f 1466/2743 1501/2744 1371/2745
f 1501/2744 1467/2728 1157/2721
f 1371/2745 1501/2744 1113/2746
f 1501/2744 1157/2721 1077/2747
f 1501/2744 1077/2747 1113/2746
f 1077/2747 1157/2721 547/2722
f 1077/2747 547/2722 560/2748
f 1077/2747 560/2748 1113/2746
f 560/2748 547/2722 264/2749
f 560/2748 264/2749 278/2750
f 1113/2746 560/2748 579/2751
f 579/2751 560/2748 278/2750
f 1113/2746 579/2751 577/2752
f 579/2751 278/2750 238/2753
f 577/2752 579/2751 277/2754
f 277/2754 579/2751 238/2753
f 577/2752 277/2754 591/2755
f 277/2754 238/2753 2500/2756
f 611/2757 183/2758 561/2759
f 611/2757 561/2759 1360/2760
f 561/2759 183/2758 201/2761
f 561/2759 201/2761 527/2762
f 527/2762 201/2761 241/2763
f 527/2762 241/2763 163/2764
f 241/2763 201/2761 117/2765
f 117/2765 201/2761 79/2766
f 241/2763 117/2765 163/2764
f 527/2762 163/2764 537/2767
f 163/2764 117/2765 70/2768
f 70/2768 117/2765 200/2769
f 537/2767 163/2764 290/2770
f 537/2767 290/2770 536/2771
f 536/2771 290/2770 547/2772
f 547/2772 290/2770 264/2773
f 290/2770 163/2764 59/2774
f 290/2770 59/2774 264/2773
f 59/2774 163/2764 70/2768
f 264/2773 59/2774 33/2775
f 264/2773 33/2775 278/2776
f 59/2774 70/2768 2518/2777
f 59/2774 2518/2777 33/2775
f 278/2776 33/2775 44/2778
f 278/2776 44/2778 238/2779
f 33/2775 2518/2777 2543/2780
f 33/2775 2543/2780 44/2778
f 2518/2777 70/2768 28/2781
f 2518/2777 28/2781 2543/2780
f 238/2779 44/2778 2500/2782
f 44/2778 2543/2780 2528/2783
f 2500/2782 44/2778 2542/2784
f 2542/2784 44/2778 2528/2783
f 2528/2783 2543/2780 2501/2785
f 2501/2785 2543/2780 28/2781
f 2528/2783 2501/2785 2494/2786
f 2542/2784 2528/2783 57/2787
f 57/2787 2528/2783 2494/2786
f 2500/2782 2542/2784 1/2788
f 1/2788 2542/2784 57/2787
f 43/2789 277/2790 2500/2782
f 43/2789 2500/2782 1/2788
f 43/2789 1/2788 53/2791
f 53/2791 1/2788 27/2792
f 263/2793 2494/2786 2501/2785
f 2494/2786 263/2793 57/2787
f 263/2793 2501/2785 240/2794
f 240/2794 2501/2785 28/2781
f 57/2787 263/2793 430/2795
f 430/2795 263/2793 496/2796
f 496/2796 263/2793 240/2794
f 57/2787 430/2795 323/2797
f 496/2796 240/2794 544/2798
f 57/2787 323/2797 123/2799
f 57/2787 123/2799 1/2788
f 123/2799 323/2797 300/2800
f 123/2799 300/2800 74/2801
f 123/2799 74/2801 1/2788
f 544/2798 240/2794 279/2802
f 279/2802 240/2794 28/2781
f 544/2798 279/2802 626/2803
f 1/2788 74/2801 2522/2804
f 2522/2804 74/2801 9/2805
f 1/2788 2522/2804 27/2792
f 2522/2804 9/2805 85/2806
f 2522/2804 85/2806 27/2792
f 626/2803 279/2802 357/2807
f 357/2807 279/2802 28/2781
f 626/2803 357/2807 703/2808
f 626/2803 703/2808 1183/2809
f 1183/2809 703/2808 784/2810
f 703/2808 357/2807 364/2811
f 357/2807 28/2781 125/2812
f 357/2807 125/2812 364/2811
f 125/2812 28/2781 70/2768
f 364/2811 125/2812 200/2769
f 200/2769 125/2812 70/2768
f 1247/2813 513/2814 1229/2815
f 1247/2813 1229/2815 2033/2816
f 2033/2816 1229/2815 1994/2817
f 2033/2816 1994/2817 1993/2818
f 2033/2816 1993/2818 2055/2819
f 2033/2816 2055/2819 1247/2813
f 2055/2819 1993/2818 2068/2820
f 2055/2819 2068/2820 1247/2813
f 2068/2820 1993/2818 1975/2821
f 1247/2813 2068/2820 1256/2822
f 1256/2822 2068/2820 2027/2823
f 1247/2813 1256/2822 510/2824
f 1247/2813 510/2824 511/2825
f 1256/2822 2027/2823 1234/2826
f 1256/2822 1234/2826 510/2824
f 2027/2823 2068/2820 2032/2827
f 2032/2827 2068/2820 1975/2821
f 2027/2823 2032/2827 1234/2826
f 510/2824 1234/2826 528/2828
f 510/2824 528/2828 490/2829
f 528/2828 1234/2826 1228/2830
f 1228/2830 1234/2826 2032/2827
f 528/2828 1228/2830 490/2829
f 2032/2827 1975/2821 2026/2831
f 2032/2827 2026/2831 1228/2830
f 2026/2831 1975/2821 1951/2832
f 490/2829 1228/2830 1191/2833
f 1191/2833 1228/2830 2026/2831
f 490/2829 1191/2833 451/2834
f 451/2834 1191/2833 1184/2835
f 1191/2833 2026/2831 2019/2836
f 2019/2836 2026/2831 1951/2832
f 1191/2833 2019/2836 1184/2835
f 2019/2836 1951/2832 1990/2837
f 2019/2836 1990/2837 1184/2835
f 1990/2837 1951/2832 1158/2838
f 1990/2837 1158/2838 1184/2835
f 1184/2835 1158/2838 444/2839
f 1466/2840 1371/2841 1426/2842
f 1426/2842 1371/2841 1113/2843
f 1426/2842 1113/2843 1050/2844
f 1050/2844 1113/2843 577/2845
f 1050/2844 577/2845 1090/2846
f 1050/2844 1090/2846 1426/2842
f 1090/2846 577/2845 591/2847
f 1090/2846 591/2847 1064/2848
f 1090/2846 1064/2848 1490/2849
f 1090/2846 1490/2849 1426/2842
f 1490/2849 1064/2848 1451/2850
f 1485/2851 1466/2840 1426/2842
f 1485/2851 1426/2842 1490/2849
f 1466/2840 1485/2851 1303/2852
f 1303/2852 1485/2851 1233/2853
f 1485/2851 1490/2849 1573/2854
f 1573/2854 1490/2849 1451/2850
f 1485/2851 1573/2854 1233/2853
f 1303/2852 1233/2853 960/2855
f 1573/2854 1451/2850 1480/2856
f 1480/2856 1451/2850 1572/2857
f 1480/2856 1572/2857 1620/2858
f 1573/2854 1480/2856 1302/2859
f 1573/2854 1302/2859 1233/2853
f 1480/2856 1620/2858 1251/2860
f 1480/2856 1251/2860 1302/2859
f 1251/2860 1620/2858 1378/2861
f 1251/2860 1378/2861 998/2862
f 1302/2859 1251/2860 951/2863
f 1302/2859 951/2863 1233/2853
f 1251/2860 998/2862 928/2864
f 1251/2860 928/2864 951/2863
f 928/2864 998/2862 568/2865
f 568/2865 998/2862 572/2866
f 1233/2853 951/2863 925/2867
f 1233/2853 925/2867 960/2855
f 960/2855 925/2867 430/2868
f 430/2868 925/2867 546/2869
f 546/2869 925/2867 951/2863
f 430/2868 546/2869 323/2870
f 546/2869 951/2863 570/2871
f 546/2869 570/2871 323/2870
f 570/2871 951/2863 928/2864
f 323/2870 570/2871 300/2872
f 570/2871 928/2864 553/2873
f 570/2871 553/2873 300/2872
f 553/2873 928/2864 568/2865
f 300/2872 553/2873 288/2874
f 288/2874 553/2873 568/2865
f 300/2872 288/2874 74/2875
f 74/2875 288/2874 115/2876
f 74/2875 115/2876 9/2877
f 288/2874 568/2865 309/2878
f 288/2874 309/2878 115/2876
f 309/2878 568/2865 572/2866
f 309/2878 572/2866 299/2879
f 309/2878 299/2879 100/2880
f 309/2878 100/2880 115/2876
f 115/2876 100/2880 9/2877
f 9/2877 100/2880 2497/2881
f 1064/2882 591/2883 589/2884
f 277/2885 272/2886 591/2883
f 591/2883 272/2886 589/2884
f 1064/2882 589/2884 1155/2887
f 1064/2882 1155/2887 1451/2888
f 589/2884 272/2886 256/2889
f 256/2889 272/2886 53/2890
f 256/2889 53/2890 27/2891
f 1451/2888 1155/2887 1313/2892
f 589/2884 256/2889 587/2893
f 589/2884 587/2893 1155/2887
f 256/2889 27/2891 291/2894
f 256/2889 291/2894 587/2893
f 291/2894 27/2891 85/2895
f 1451/2888 1313/2892 1572/2896
f 1155/2887 587/2893 943/2897
f 1155/2887 943/2897 1313/2892
f 587/2893 291/2894 575/2898
f 587/2893 575/2898 943/2897
f 291/2894 85/2895 282/2899
f 291/2894 282/2899 575/2898
f 282/2899 85/2895 49/2900
f 49/2900 85/2895 9/2901
f 49/2900 9/2901 2497/2902
f 49/2900 2497/2902 48/2903
f 49/2900 48/2903 92/2904
f 49/2900 92/2904 282/2899
f 575/2898 282/2899 276/2905
f 276/2905 282/2899 92/2904
f 575/2898 276/2905 551/2906
f 575/2898 551/2906 943/2897
f 276/2905 92/2904 249/2907
f 249/2907 92/2904 66/2908
f 249/2907 66/2908 234/2909
f 234/2909 66/2908 64/2910
f 249/2907 234/2909 450/2911
f 276/2905 249/2907 504/2912
f 504/2912 249/2907 450/2911
f 276/2905 504/2912 551/2906
f 504/2912 450/2911 851/2913
f 551/2906 504/2912 887/2914
f 887/2914 504/2912 851/2913
f 916/2915 943/2897 551/2906
f 916/2915 551/2906 887/2914
f 943/2897 916/2915 1313/2892
f 887/2914 851/2913 1244/2916
f 916/2915 887/2914 1277/2917
f 916/2915 1277/2917 1313/2892
f 1277/2917 887/2914 1244/2916
f 1244/2916 851/2913 1182/2918
f 1313/2892 1277/2917 1538/2919
f 1313/2892 1538/2919 1572/2896
f 1572/2896 1538/2919 1620/2920
f 1620/2920 1538/2919 1378/2921
f 1378/2921 1538/2919 1390/2922
f 1244/2916 1182/2918 1557/2923
f 1557/2923 1182/2918 1555/2924
f 1733/2925 1277/2917 1244/2916
f 1277/2917 1733/2925 1538/2919
f 1390/2922 1538/2919 1810/2926
f 1810/2926 1538/2919 1733/2925
f 1390/2922 1810/2926 1666/2927
f 1666/2927 1810/2926 2024/2928
f 2024/2928 1810/2926 1733/2925
f 1733/2925 1244/2916 1619/2929
f 1619/2929 1244/2916 1557/2923
f 2024/2928 1733/2925 2007/2930
f 1733/2925 1619/2929 1989/2931
f 1733/2925 1989/2931 2007/2930
f 1619/2929 1557/2923 1973/2932
f 1619/2929 1973/2932 1989/2931
f 2024/2928 2007/2930 2181/2933
f 2024/2928 2181/2933 2154/2934
f 2007/2930 1989/2931 2200/2935
f 2007/2930 2200/2935 2181/2933
f 1989/2931 1973/2932 2213/2936
f 1989/2931 2213/2936 2200/2935
f 2154/2934 2181/2933 2325/2937
f 2325/2937 2181/2933 2200/2935
f 2200/2935 2213/2936 2376/2938
f 2200/2935 2376/2938 2325/2937
f 2213/2936 1973/2932 2211/2939
f 2376/2938 2213/2936 2391/2940
f 2391/2940 2213/2936 2211/2939
f 2154/2934 2325/2937 2353/2941
f 2154/2934 2353/2941 2109/2942
f 2109/2942 2353/2941 2284/2943
f 2353/2941 2325/2937 2445/2944
f 2284/2943 2353/2941 2454/2945
f 2454/2945 2353/2941 2445/2944
f 2284/2943 2454/2945 2443/2946
f 2445/2944 2325/2937 2457/2947
f 2445/2944 2457/2947 2454/2945
f 2457/2947 2325/2937 2376/2938
f 2443/2946 2454/2945 2471/2948
f 2471/2948 2454/2945 2457/2947
f 2443/2946 2471/2948 2460/2949
f 2457/2947 2376/2938 2465/2950
f 2457/2947 2465/2950 2471/2948
f 2465/2950 2376/2938 2391/2940
f 2460/2949 2471/2948 2483/2951
f 2483/2951 2471/2948 2465/2950
f 2460/2949 2483/2951 2469/2952
f 2465/2950 2391/2940 2463/2953
f 2465/2950 2463/2953 2483/2951
f 2463/2953 2391/2940 2400/2954
f 2469/2952 2483/2951 2481/2955
f 2481/2955 2483/2951 2463/2953
f 2469/2952 2481/2955 2467/2956
f 2400/2954 2391/2940 2211/2939
f 2463/2953 2400/2954 2417/2957
f 2417/2957 2400/2954 2211/2939
f 2481/2955 2463/2953 2473/2958
f 2473/2958 2463/2953 2417/2957
f 2467/2956 2481/2955 2487/2959
f 2487/2959 2481/2955 2473/2958
f 2467/2956 2487/2959 2479/2960
f 2479/2960 2487/2959 2485/2961
f 2479/2960 2485/2961 2477/2962
f 2485/2961 2487/2959 2475/2963
f 2485/2961 2475/2963 2477/2962
f 2475/2963 2487/2959 2473/2958
f 2477/2962 2475/2963 2451/2964
f 2451/2964 2475/2963 2422/2965
f 2422/2965 2475/2963 2473/2958
f 2422/2965 2473/2958 2417/2957
f 2422/2965 2417/2957 2221/2966
f 2221/2966 2417/2957 2211/2939
f 2422/2965 2221/2966 2235/2967
f 2422/2965 2235/2967 2081/2968
f 2221/2966 2211/2939 1971/2969
f 1971/2969 2211/2939 1973/2932
f 1971/2969 1973/2932 1557/2923
f 2221/2966 1971/2969 1969/2970
f 1969/2970 1971/2969 1557/2923
f 2221/2966 1969/2970 2235/2967
f 1969/2970 1557/2923 1555/2924
f 1969/2970 1555/2924 2014/2971
f 1969/2970 2014/2971 2235/2967
f 2014/2971 1555/2924 1508/2972
f 2014/2971 1508/2972 1524/2973
f 1524/2973 1508/2972 1281/2974
f 2014/2971 1524/2973 1290/2975
f 1290/2975 1524/2973 1281/2974
f 2235/2967 2014/2971 1724/2976
f 1724/2976 2014/2971 1290/2975
f 1724/2976 1290/2975 1281/2974
f 2235/2967 1724/2976 2081/2968
f 1724/2976 1281/2974 1685/2977
f 1724/2976 1685/2977 2081/2968
f 272/2978 277/2979 43/2980
f 272/2978 43/2980 53/2981
f 2497/2982 100/2983 48/2984
f 48/2984 100/2983 214/2985
f 214/2985 100/2983 299/2986
f 214/2985 299/2986 572/2987
f 214/2985 572/2987 535/2988
f 535/2988 572/2987 998/2989
f 66/2990 92/2991 48/2984
f 66/2990 48/2984 21/2992
f 21/2992 48/2984 214/2985
f 66/2990 21/2992 64/2993
f 21/2992 214/2985 171/2994
f 171/2994 214/2985 535/2988
f 21/2992 171/2994 32/2995
f 21/2992 32/2995 64/2993
f 171/2994 535/2988 509/2996
f 32/2995 171/2994 162/2997
f 162/2997 171/2994 509/2996
f 509/2996 535/2988 942/2998
f 32/2995 162/2997 141/2999
f 64/2993 32/2995 2492/3000
f 2492/3000 32/2995 141/2999
f 64/2993 2492/3000 38/3001
f 38/3001 2492/3000 37/3002
f 64/2993 38/3001 205/3003
f 64/2993 205/3003 234/3004
f 38/3001 37/3002 198/3005
f 38/3001 198/3005 205/3003
f 37/3002 2492/3000 3/3006
f 37/3002 3/3006 198/3005
f 3/3006 2492/3000 141/2999
f 234/3004 205/3003 443/3007
f 443/3007 205/3003 198/3005
f 234/3004 443/3007 450/3008
f 198/3005 3/3006 362/3009
f 198/3005 362/3009 443/3007
f 3/3006 141/2999 138/3010
f 3/3006 138/3010 362/3009
f 138/3010 141/2999 328/3011
f 362/3009 138/3010 614/3012
f 362/3009 614/3012 443/3007
f 614/3012 138/3010 328/3011
f 866/3013 450/3008 443/3007
f 450/3008 866/3013 851/3014
f 851/3014 866/3013 1182/3015
f 866/3013 443/3007 826/3016
f 826/3016 443/3007 614/3012
f 1182/3015 866/3013 1180/3017
f 1180/3017 866/3013 826/3016
f 1182/3015 1180/3017 1555/3018
f 1555/3018 1180/3017 1508/3019
f 1508/3019 1180/3017 1141/3020
f 1141/3020 1180/3017 826/3016
f 1508/3019 1141/3020 938/3021
f 938/3021 1141/3020 826/3016
f 1508/3019 938/3021 1281/3022
f 806/3023 826/3016 614/3012
f 806/3023 614/3012 328/3011
f 938/3021 826/3016 625/3024
f 625/3024 826/3016 806/3023
f 625/3024 806/3023 620/3025
f 620/3025 806/3023 328/3011
f 620/3025 328/3011 625/3024
f 625/3024 328/3011 480/3026
f 625/3024 480/3026 938/3021
f 480/3026 328/3011 141/2999
f 480/3026 141/2999 162/2997
f 938/3021 480/3026 940/3027
f 938/3021 940/3027 1281/3022
f 480/3026 162/2997 495/3028
f 480/3026 495/3028 940/3027
f 495/3028 162/2997 509/2996
f 495/3028 509/2996 959/3029
f 495/3028 959/3029 940/3027
f 959/3029 509/2996 942/2998
f 1281/3022 940/3027 1293/3030
f 940/3027 959/3029 1329/3031
f 940/3027 1329/3031 1293/3030
f 1329/3031 959/3029 942/2998
f 1281/3022 1293/3030 1685/3032
f 1293/3030 1329/3031 1711/3033
f 1293/3030 1711/3033 1685/3032
f 1711/3033 1329/3031 1695/3034
f 1329/3031 942/2998 1331/3035
f 1329/3031 1331/3035 1695/3034
f 1685/3032 1711/3033 2064/3036
f 2064/3036 1711/3033 1695/3034
f 1685/3032 2064/3036 2062/3037
f 1685/3032 2062/3037 2081/3038
f 2081/3038 2062/3037 2267/3039
f 2081/3038 2267/3039 2422/3040
f 2422/3040 2267/3039 2451/3041
f 2267/3039 2062/3037 2261/3042
f 2267/3039 2261/3042 2451/3041
f 2062/3037 2064/3036 2251/3043
f 2062/3037 2251/3043 2261/3042
f 2251/3043 2064/3036 2050/3044
f 2050/3044 2064/3036 1695/3034
f 2261/3042 2251/3043 2431/3045
f 2451/3041 2261/3042 2448/3046
f 2448/3046 2261/3042 2431/3045
f 2451/3041 2448/3046 2477/3047
f 2477/3047 2448/3046 2479/3048
f 2479/3048 2448/3046 2431/3045
f 2479/3048 2431/3045 2467/3049
f 2431/3045 2251/3043 2248/3050
f 2248/3050 2251/3043 2050/3044
f 2467/3049 2431/3045 2433/3051
f 2433/3051 2431/3045 2248/3050
f 2467/3049 2433/3051 2469/3052
f 2248/3050 2050/3044 2244/3053
f 2248/3050 2244/3053 2433/3051
f 2469/3052 2433/3051 2419/3054
f 2419/3054 2433/3051 2244/3053
f 2469/3052 2419/3054 2460/3055
f 2460/3055 2419/3054 2380/3056
f 2460/3055 2380/3056 2443/3057
f 2380/3056 2419/3054 2246/3058
f 2380/3056 2246/3058 2443/3057
f 2246/3058 2419/3054 2244/3053
f 2443/3057 2246/3058 2284/3059
f 2284/3059 2246/3058 2074/3060
f 2074/3060 2246/3058 2244/3053
f 2284/3059 2074/3060 2109/3061
f 2052/3062 2244/3053 2050/3044
f 2244/3053 2052/3062 2074/3060
f 2052/3062 2050/3044 1695/3034
f 2109/3061 2074/3060 1770/3063
f 1770/3063 2074/3060 2052/3062
f 2052/3062 1695/3034 1697/3064
f 2052/3062 1697/3064 1770/3063
f 1697/3064 1695/3034 1331/3035
f 1697/3064 1331/3035 1425/3065
f 1697/3064 1425/3065 1770/3063
f 1425/3065 1331/3035 942/2998
f 2109/3061 1770/3063 1894/3066
f 2109/3061 1894/3066 2154/3067
f 2154/3067 1894/3066 2024/3068
f 2024/3068 1894/3066 1666/3069
f 1666/3069 1894/3066 1770/3063
f 1666/3069 1770/3063 1425/3065
f 1425/3065 942/2998 918/3070
f 1425/3065 918/3070 1666/3069
f 918/3070 942/2998 535/2988
f 1666/3069 918/3070 1390/3071
f 918/3070 535/2988 998/2989
f 918/3070 998/2989 1390/3071
f 1390/3071 998/2989 1378/3072
f 766/3073 1274/3074 723/3075
f 723/3075 1274/3074 1200/3076
f 1200/3077 1274/3078 1806/3079
f 1200/3077 1806/3079 1707/3080
f 1200/3077 1707/3080 1132/3081
f 1132/3081 1707/3080 1657/3082
f 1132/3081 1657/3082 1571/3083
f 1132/3081 1571/3083 1260/3084
f 1260/3084 1571/3083 1622/3085
f 1571/3083 1657/3082 1922/3086
f 1922/3086 1657/3082 2094/3087
f 1622/3085 1571/3083 1818/3088
f 1818/3088 1571/3083 1922/3086
f 1818/3088 1922/3086 1836/3089
f 1836/3089 1922/3086 2060/3090
f 2060/3090 1922/3086 2170/3091
f 1818/3088 1836/3089 1785/3092
f 1818/3088 1785/3092 1622/3085
f 1622/3085 1785/3092 1800/3093
f 1800/3093 1785/3092 2102/3094
f 2102/3094 1785/3092 2020/3095
f 2020/3095 1785/3092 1819/3096
f 2020/3095 1819/3096 1797/3097
f 2020/3095 1797/3097 2087/3098
f 2102/3094 2020/3095 2192/3099
f 2192/3099 2020/3095 2087/3098
f 2102/3094 2192/3099 2228/3100
f 2102/3094 2228/3100 2277/3101
f 2192/3099 2087/3098 2252/3102
f 2252/3102 2087/3098 2021/3103
f 2228/3100 2192/3099 2275/3104
f 2275/3104 2192/3099 2252/3102
f 2277/3101 2228/3100 2397/3105
f 2228/3100 2275/3104 2328/3106
f 2228/3100 2328/3106 2397/3105
f 2277/3101 2397/3105 2385/3107
f 2328/3106 2275/3104 2347/3108
f 2328/3106 2347/3108 2397/3105
f 2275/3104 2252/3102 2320/3109
f 2275/3104 2320/3109 2347/3108
f 2193/3110 2252/3102 2021/3103
f 2252/3102 2193/3110 2320/3109
f 2193/3110 2021/3103 2103/3111
f 2193/3110 2103/3111 2229/3112
f 2320/3109 2193/3110 2276/3113
f 2276/3113 2193/3110 2229/3112
f 2320/3109 2276/3113 2329/3114
f 2329/3114 2276/3113 2229/3112
f 2320/3109 2329/3114 2347/3108
f 2329/3114 2229/3112 2398/3115
f 2329/3114 2398/3115 2347/3108
f 2398/3115 2229/3112 2278/3116
f 2398/3115 2278/3116 2386/3117
f 2386/3117 2278/3116 2359/3118
f 2386/3117 2359/3118 2428/3119
f 2398/3115 2386/3117 2411/3120
f 2411/3120 2386/3117 2428/3119
f 2347/3108 2398/3115 2389/3121
f 2389/3121 2398/3115 2411/3120
f 2347/3108 2389/3121 2397/3105
f 2411/3120 2428/3119 2441/3122
f 2411/3120 2441/3122 2389/3121
f 2441/3122 2428/3119 2446/3123
f 2446/3123 2428/3119 2404/3124
f 2389/3121 2441/3122 2410/3125
f 2389/3121 2410/3125 2397/3105
f 2410/3125 2441/3122 2446/3123
f 2397/3105 2410/3125 2385/3107
f 2385/3107 2410/3125 2427/3126
f 2427/3126 2410/3125 2446/3123
f 2427/3126 2446/3123 2421/3127
f 723/3128 1200/3129 686/3130
f 1806/3131 2165/3132 1707/3133
f 1707/3133 2165/3132 2094/3134
f 1707/3133 2094/3134 1657/3135
f 2094/3134 2165/3132 2279/3136
f 2094/3134 2279/3136 2186/3137
f 2186/3137 2279/3136 2170/3138
f 2186/3137 2170/3138 2094/3134
f 2094/3134 2170/3138 1922/3139
f 1200/3140 1132/3141 686/3142
f 686/3142 1132/3141 1260/3143
f 686/3142 1260/3143 847/3144
f 686/3142 847/3144 336/3145
f 336/3145 847/3144 488/3146
f 336/3145 488/3146 260/3147
f 488/3146 847/3144 558/3148
f 558/3148 847/3144 949/3149
f 949/3149 847/3144 1260/3143
f 558/3148 949/3149 641/3150
f 641/3150 949/3149 1043/3151
f 641/3150 1043/3151 1202/3152
f 949/3149 1260/3143 1411/3153
f 949/3149 1411/3153 1043/3151
f 1411/3153 1260/3143 1800/3154
f 1800/3154 1260/3143 1622/3155
f 1043/3151 1411/3153 1531/3156
f 1531/3156 1411/3153 1800/3154
f 1043/3151 1531/3156 1202/3152
f 1202/3152 1531/3156 1631/3157
f 1531/3156 1800/3154 1934/3158
f 1531/3156 1934/3158 1631/3157
f 1202/3152 1631/3157 1788/3159
f 1202/3152 1788/3159 1339/3160
f 1339/3160 1788/3159 1505/3161
f 1505/3161 1788/3159 1720/3162
f 1934/3158 1800/3154 2175/3163
f 2175/3163 1800/3154 2102/3164
f 2175/3163 2102/3164 2277/3165
f 1720/3162 1788/3159 1956/3166
f 1720/3162 1956/3166 1914/3167
f 1914/3167 1956/3166 2104/3168
f 1956/3166 1788/3159 2140/3169
f 2104/3168 1956/3166 2173/3170
f 2173/3170 1956/3166 2140/3169
f 2104/3168 2173/3170 2231/3171
f 2231/3171 2173/3170 2241/3172
f 2241/3172 2173/3170 2140/3169
f 2231/3171 2241/3172 2291/3173
f 2241/3172 2140/3169 2219/3174
f 2241/3172 2219/3174 2291/3173
f 1964/3175 2140/3169 1788/3159
f 1964/3175 1788/3159 1631/3157
f 1964/3175 1631/3157 1934/3158
f 2140/3169 1964/3175 2144/3176
f 2140/3169 2144/3176 2219/3174
f 1964/3175 1934/3158 2138/3177
f 1964/3175 2138/3177 2144/3176
f 2138/3177 1934/3158 2175/3163
f 2219/3174 2144/3176 2187/3178
f 2187/3178 2144/3176 2138/3177
f 2138/3177 2175/3163 2178/3179
f 2138/3177 2178/3179 2187/3178
f 2178/3179 2175/3163 2277/3165
f 2219/3174 2187/3178 2196/3180
f 2196/3180 2187/3178 2178/3179
f 2219/3174 2196/3180 2258/3181
f 2219/3174 2258/3181 2291/3173
f 2196/3180 2178/3179 2217/3182
f 2217/3182 2178/3179 2277/3165
f 2258/3181 2196/3180 2272/3183
f 2272/3183 2196/3180 2217/3182
f 2258/3181 2272/3183 2291/3173
f 2291/3173 2272/3183 2282/3184
f 2291/3173 2282/3184 2323/3185
f 2272/3183 2217/3182 2289/3186
f 2272/3183 2289/3186 2282/3184
f 2217/3182 2277/3165 2358/3187
f 2217/3182 2358/3187 2289/3186
f 2358/3187 2277/3165 2385/3188
f 2358/3187 2385/3188 2427/3189
f 2358/3187 2427/3189 2403/3190
f 2358/3187 2403/3190 2289/3186
f 2403/3190 2427/3189 2421/3191
f 2403/3190 2421/3191 2289/3186
f 2292/3192 2323/3185 2282/3184
f 2289/3186 2421/3191 2330/3193
f 2289/3186 2330/3193 2282/3184
f 2292/3192 2282/3184 2273/3194
f 2273/3194 2282/3184 2330/3193
f 2230/3195 2242/3196 2292/3192
f 2230/3195 2292/3192 2259/3197
f 2259/3197 2292/3192 2273/3194
f 2230/3195 2259/3197 2188/3198
f 2273/3194 2330/3193 2290/3199
f 2290/3199 2330/3193 2421/3191
f 2259/3197 2273/3194 2197/3200
f 2259/3197 2197/3200 2188/3198
f 2197/3200 2273/3194 2290/3199
f 2188/3198 2197/3200 2218/3201
f 2218/3201 2197/3200 2290/3199
f 2188/3198 2218/3201 2179/3202
f 2179/3202 2218/3201 2278/3203
f 2278/3203 2218/3201 2359/3204
f 2359/3204 2218/3201 2290/3199
f 2359/3204 2290/3199 2404/3205
f 2404/3205 2290/3199 2421/3191
f 2359/3204 2404/3205 2428/3206
f 2404/3205 2421/3191 2446/3207
f 2292/3208 2242/3209 2174/3210
f 2292/3208 2174/3210 2232/3211
f 2292/3208 2232/3211 2323/3212
f 2232/3211 2174/3210 2105/3213
f 2105/3213 2174/3210 1957/3214
f 2323/3212 2232/3211 2253/3215
f 2253/3215 2232/3211 2105/3213
f 2323/3212 2253/3215 2291/3216
f 2105/3213 1957/3214 1915/3217
f 2291/3216 2253/3215 2231/3218
f 2105/3213 1915/3217 1937/3219
f 1937/3219 1915/3217 1946/3220
f 2253/3215 2105/3213 2133/3221
f 2253/3215 2133/3221 2231/3218
f 2133/3221 2105/3213 1937/3219
f 1937/3219 1946/3220 1939/3222
f 2231/3218 2133/3221 2104/3223
f 1937/3219 1939/3222 1857/3224
f 1857/3224 1939/3222 1617/3225
f 2133/3221 1937/3219 1906/3226
f 1906/3226 1937/3219 1857/3224
f 2133/3221 1906/3226 2104/3223
f 1857/3224 1617/3225 1552/3227
f 1857/3224 1552/3227 1906/3226
f 1552/3227 1617/3225 1312/3228
f 1552/3227 1312/3228 1190/3229
f 2104/3223 1906/3226 1936/3230
f 2104/3223 1936/3230 1914/3231
f 1906/3226 1552/3227 1553/3232
f 1553/3232 1552/3227 1190/3229
f 1936/3230 1906/3226 1856/3233
f 1856/3233 1906/3226 1553/3232
f 1914/3231 1936/3230 1938/3234
f 1938/3234 1936/3230 1856/3233
f 1914/3231 1938/3234 1945/3235
f 1914/3231 1945/3235 1720/3236
f 1945/3235 1938/3234 1924/3237
f 1938/3234 1856/3233 1551/3238
f 1551/3238 1856/3233 1553/3232
f 1938/3234 1551/3238 1616/3239
f 1551/3238 1553/3232 1111/3240
f 1111/3240 1553/3232 1190/3229
f 1616/3239 1551/3238 1204/3241
f 1204/3241 1551/3238 1111/3240
f 1616/3239 1204/3241 1327/3242
f 1327/3242 1204/3241 1214/3243
f 1214/3243 1204/3241 1022/3244
f 1111/3240 1190/3229 789/3245
f 1111/3240 789/3245 1204/3241
f 789/3245 1190/3229 796/3246
f 796/3246 1190/3229 1023/3247
f 796/3246 1023/3247 610/3248
f 789/3245 796/3246 526/3249
f 526/3249 796/3246 610/3248
f 1204/3241 789/3245 795/3250
f 1204/3241 795/3250 1022/3244
f 795/3250 789/3245 526/3249
f 1022/3244 795/3250 609/3251
f 609/3251 795/3250 526/3249
f 1022/3244 609/3251 823/3252
f 823/3252 609/3251 421/3253
f 421/3253 609/3251 526/3249
f 823/3252 421/3253 641/3254
f 641/3254 421/3253 558/3255
f 421/3253 526/3249 343/3256
f 343/3256 526/3249 610/3248
f 343/3256 610/3248 422/3257
f 343/3256 422/3257 342/3258
f 343/3256 342/3258 270/3259
f 270/3259 342/3258 259/3260
f 421/3253 343/3256 341/3261
f 341/3261 343/3256 270/3259
f 421/3253 341/3261 558/3255
f 270/3259 259/3260 135/3262
f 270/3259 135/3262 341/3261
f 135/3262 259/3260 77/3263
f 341/3261 135/3262 260/3264
f 341/3261 260/3264 558/3255
f 558/3255 260/3264 488/3265
f 823/3266 641/3267 1202/3268
f 823/3266 1202/3268 1032/3269
f 823/3266 1032/3269 1022/3270
f 1032/3269 1202/3268 1339/3271
f 1022/3270 1032/3269 1300/3272
f 1300/3272 1032/3269 1339/3271
f 1022/3270 1300/3272 1214/3273
f 1300/3272 1339/3271 1413/3274
f 1214/3273 1300/3272 1442/3275
f 1442/3275 1300/3272 1413/3274
f 1413/3274 1339/3271 1478/3276
f 1413/3274 1478/3276 1442/3275
f 1478/3276 1339/3271 1505/3277
f 1478/3276 1505/3277 1720/3278
f 1478/3276 1720/3278 1487/3279
f 1478/3276 1487/3279 1442/3275
f 1487/3279 1720/3278 1664/3280
f 1664/3280 1720/3278 1945/3281
f 1664/3280 1945/3281 1693/3282
f 1664/3280 1693/3282 1487/3279
f 1693/3282 1945/3281 1924/3283
f 1487/3279 1693/3282 1590/3284
f 1442/3275 1487/3279 1550/3285
f 1550/3285 1487/3279 1590/3284
f 1590/3284 1693/3282 1760/3286
f 1590/3284 1760/3286 1550/3285
f 1693/3282 1924/3283 1839/3287
f 1693/3282 1839/3287 1760/3286
f 1550/3285 1760/3286 1731/3288
f 1442/3275 1550/3285 1523/3289
f 1523/3289 1550/3285 1731/3288
f 1442/3275 1523/3289 1341/3290
f 1442/3275 1341/3290 1214/3273
f 1214/3273 1341/3290 1327/3291
f 1327/3291 1341/3290 1415/3292
f 1415/3292 1341/3290 1523/3289
f 1327/3291 1415/3292 1616/3293
f 1415/3292 1523/3289 1566/3294
f 1566/3294 1523/3289 1731/3288
f 1616/3293 1415/3292 1730/3295
f 1730/3295 1415/3292 1566/3294
f 1616/3293 1730/3295 1938/3296
f 1566/3294 1731/3288 1761/3297
f 1566/3294 1761/3297 1730/3295
f 1892/3298 1731/3288 1760/3286
f 1892/3298 1760/3286 1839/3287
f 1761/3297 1731/3288 1862/3299
f 1862/3299 1731/3288 1892/3298
f 1730/3295 1761/3297 1848/3300
f 1848/3300 1761/3297 1862/3299
f 1862/3299 1892/3298 1958/3301
f 1958/3301 1892/3298 1839/3287
f 1848/3300 1862/3299 1907/3302
f 1907/3302 1862/3299 1958/3301
f 1848/3300 1907/3302 1949/3303
f 1949/3303 1907/3302 1958/3301
f 1730/3295 1848/3300 1967/3304
f 1967/3304 1848/3300 1949/3303
f 1949/3303 1958/3301 1987/3305
f 1949/3303 1987/3305 1967/3304
f 1987/3305 1958/3301 1839/3287
f 1987/3305 1839/3287 1966/3306
f 1987/3305 1966/3306 1967/3304
f 1966/3306 1839/3287 1924/3283
f 1730/3295 1967/3304 1948/3307
f 1948/3307 1967/3304 1966/3306
f 1948/3307 1966/3306 1924/3283
f 1730/3295 1948/3307 1938/3296
f 1938/3296 1948/3307 1924/3283
f 2004/3308 1963/3309 1787/3310
f 1787/3310 1963/3309 1615/3311
f 1787/3310 1615/3311 1843/3312
f 1787/3310 1843/3312 2004/3308
f 1843/3312 1615/3311 1436/3313
f 1843/3312 1436/3313 1742/3314
f 1742/3314 1436/3313 1279/3315
f 1742/3314 1279/3315 1588/3316
f 1742/3314 1588/3316 1768/3317
f 1843/3312 1742/3314 2013/3318
f 1843/3312 2013/3318 2004/3308
f 1742/3314 1768/3317 1885/3319
f 1742/3314 1885/3319 2013/3318
f 1885/3319 1768/3317 1912/3320
f 1885/3319 1912/3320 2071/3321
f 1885/3319 2071/3321 2013/3318
f 2071/3321 1912/3320 2091/3322
f 2004/3308 2013/3318 2152/3323
f 2152/3323 2013/3318 2240/3324
f 2240/3324 2013/3318 2071/3321
f 2004/3308 2152/3323 2137/3325
f 2137/3325 2152/3323 2240/3324
f 2004/3308 2137/3325 1963/3309
f 2071/3321 2091/3322 2208/3326
f 2208/3326 2091/3322 2159/3327
f 2208/3326 2159/3327 2191/3328
f 2071/3321 2208/3326 2281/3329
f 2281/3329 2208/3326 2191/3328
f 2071/3321 2281/3329 2288/3330
f 2071/3321 2288/3330 2240/3324
f 2281/3329 2191/3328 2271/3331
f 2281/3329 2271/3331 2288/3330
f 2271/3331 2191/3328 2128/3332
f 2288/3330 2271/3331 2274/3333
f 2288/3330 2274/3333 2240/3324
f 2274/3333 2271/3331 2128/3332
f 2240/3324 2274/3333 2209/3334
f 2240/3324 2209/3334 2137/3325
f 2274/3333 2128/3332 2079/3335
f 2274/3333 2079/3335 2209/3334
f 2209/3334 2079/3335 2137/3325
f 2079/3335 2128/3332 2059/3336
f 2079/3335 2059/3336 1913/3337
f 2079/3335 1913/3337 1757/3338
f 2137/3325 2079/3335 1901/3339
f 1901/3339 2079/3335 1757/3338
f 2137/3325 1901/3339 1963/3309
f 1901/3339 1757/3338 1719/3340
f 1901/3339 1719/3340 1963/3309
f 1719/3340 1757/3338 1530/3341
f 1963/3309 1719/3340 1388/3342
f 1719/3340 1530/3341 1241/3343
f 1719/3340 1241/3343 1388/3342
f 1279/3344 1436/3345 997/3346
f 1279/3344 997/3346 982/3347
f 997/3346 1436/3345 1100/3348
f 1100/3348 1436/3345 1188/3349
f 997/3346 1100/3348 771/3350
f 771/3350 1100/3348 1188/3349
f 1188/3349 1436/3345 1615/3351
f 997/3346 771/3350 691/3352
f 997/3346 691/3352 647/3353
f 691/3352 771/3350 525/3354
f 691/3352 525/3354 455/3355
f 771/3350 1188/3349 835/3356
f 525/3354 771/3350 571/3357
f 571/3357 771/3350 835/3356
f 455/3355 525/3354 337/3358
f 525/3354 571/3357 356/3359
f 525/3354 356/3359 337/3358
f 455/3355 337/3358 294/3360
f 455/3355 294/3360 292/3361
f 292/3361 294/3360 130/3362
f 130/3362 294/3360 337/3358
f 292/3361 130/3362 128/3363
f 128/3363 130/3362 39/3364
f 130/3362 337/3358 203/3365
f 39/3364 130/3362 40/3366
f 40/3366 130/3362 203/3365
f 39/3364 40/3366 20/3367
f 39/3364 20/3367 2499/3368
f 40/3366 203/3365 99/3369
f 40/3366 99/3369 20/3367
f 203/3365 337/3358 244/3370
f 244/3370 337/3358 356/3359
f 2499/3368 20/3367 36/3371
f 2499/3368 36/3371 2553/3372
f 36/3371 20/3367 73/3373
f 73/3373 20/3367 62/3374
f 62/3374 20/3367 99/3369
f 73/3373 62/3374 114/3375
f 114/3375 62/3374 137/3376
f 62/3374 99/3369 96/3377
f 62/3374 96/3377 137/3376
f 124/3378 99/3369 203/3365
f 99/3369 124/3378 96/3377
f 124/3378 203/3365 244/3370
f 137/3376 96/3377 136/3379
f 137/3376 136/3379 197/3380
f 197/3380 136/3379 13/3381
f 136/3379 96/3377 173/3382
f 173/3382 96/3377 124/3378
f 136/3379 173/3382 45/3383
f 124/3378 244/3370 281/3384
f 124/3378 281/3384 173/3382
f 173/3382 281/3384 180/3385
f 281/3384 244/3370 356/3359
f 180/3385 281/3384 385/3386
f 385/3386 281/3384 356/3359
f 385/3386 356/3359 571/3357
f 385/3386 571/3357 608/3387
f 385/3386 608/3387 478/3388
f 608/3387 571/3357 835/3356
f 478/3388 608/3387 724/3389
f 608/3387 835/3356 849/3390
f 608/3387 849/3390 724/3389
f 849/3390 835/3356 1188/3349
f 724/3389 849/3390 1073/3391
f 724/3389 1073/3391 984/3392
f 849/3390 1188/3349 1178/3393
f 849/3390 1178/3393 1073/3391
f 1178/3393 1188/3349 1615/3351
f 984/3392 1073/3391 1388/3394
f 1388/3394 1073/3391 1178/3393
f 984/3392 1388/3394 1241/3395
f 1178/3393 1615/3351 1597/3396
f 1178/3393 1597/3396 1388/3394
f 1597/3396 1615/3351 1963/3397
f 1597/3396 1963/3397 1388/3394
f 982/3398 997/3399 658/3400
f 658/3400 997/3399 647/3401
f 658/3400 647/3401 398/3402
f 398/3402 647/3401 381/3403
f 381/3403 647/3401 691/3404
f 381/3403 691/3404 455/3405
f 398/3402 381/3403 227/3406
f 381/3403 455/3405 292/3407
f 381/3403 292/3407 202/3408
f 202/3408 292/3407 128/3409
f 227/3406 381/3403 196/3410
f 196/3410 381/3403 202/3408
f 227/3406 196/3410 34/3411
f 202/3408 128/3409 46/3412
f 202/3408 46/3412 196/3410
f 46/3412 128/3409 15/3413
f 15/3413 128/3409 39/3414
f 15/3413 39/3414 2499/3415
f 15/3413 2499/3415 2553/3416
f 34/3411 196/3410 2/3417
f 2/3417 196/3410 46/3412
f 46/3412 15/3413 2552/3418
f 46/3412 2552/3418 2/3417
f 2552/3418 15/3413 2553/3416
f 34/3411 2/3417 2551/3419
f 34/3411 2551/3419 2535/3420
f 2/3417 2552/3418 2570/3421
f 2/3417 2570/3421 2551/3419
f 2535/3420 2551/3419 2584/3422
f 2584/3422 2551/3419 2570/3421
f 2535/3420 2584/3422 2569/3423
f 2569/3423 2584/3422 2568/3424
f 2569/3423 2568/3424 2527/3425
f 2568/3424 2584/3422 2520/3426
f 2561/3427 2570/3421 2552/3418
f 2570/3421 2561/3427 2584/3422
f 2584/3422 2561/3427 2520/3426
f 2561/3427 2552/3418 2553/3416
f 2520/3426 2561/3427 2521/3428
f 2521/3428 2561/3427 2553/3416
f 2521/3428 2553/3416 36/3429
f 2527/3430 2568/3431 52/3432
f 52/3432 2568/3431 14/3433
f 14/3434 2568/3435 2520/3436
f 14/3434 2520/3436 56/3437
f 56/3437 2520/3436 2521/3438
f 14/3434 56/3437 221/3439
f 14/3434 221/3439 52/3440
f 56/3437 2521/3438 72/3441
f 56/3437 72/3441 221/3439
f 72/3441 2521/3438 36/3442
f 52/3440 221/3439 258/3443
f 72/3441 36/3442 150/3444
f 150/3444 36/3442 73/3445
f 150/3444 73/3445 114/3446
f 72/3441 150/3444 293/3447
f 72/3441 293/3447 221/3439
f 258/3443 221/3439 380/3448
f 380/3448 221/3439 293/3447
f 258/3443 380/3448 399/3449
f 399/3449 380/3448 636/3450
f 150/3444 114/3446 229/3451
f 150/3444 229/3451 293/3447
f 229/3451 114/3446 271/3452
f 271/3452 114/3446 137/3453
f 271/3452 137/3453 197/3454
f 271/3452 197/3454 298/3455
f 636/3450 380/3448 629/3456
f 636/3450 629/3456 983/3457
f 629/3456 380/3448 663/3458
f 983/3457 629/3456 1037/3459
f 1037/3459 629/3456 663/3458
f 983/3457 1037/3459 1477/3460
f 983/3457 1477/3460 1383/3461
f 1383/3461 1477/3460 1796/3462
f 1477/3460 1037/3459 1089/3463
f 1089/3463 1037/3459 663/3458
f 1796/3462 1477/3460 1483/3464
f 1483/3464 1477/3460 1089/3463
f 1796/3462 1483/3464 1837/3465
f 1089/3463 663/3458 1133/3466
f 1089/3463 1133/3466 1483/3464
f 448/3467 663/3458 380/3448
f 448/3467 380/3448 293/3447
f 1837/3465 1483/3464 1536/3468
f 1536/3468 1483/3464 1133/3466
f 1837/3465 1536/3468 1986/3469
f 1837/3465 1986/3469 2017/3470
f 1536/3468 1133/3466 1623/3471
f 1536/3468 1623/3471 1986/3469
f 2017/3470 1986/3469 2169/3472
f 448/3467 293/3447 340/3473
f 340/3473 293/3447 229/3451
f 757/3474 663/3458 448/3467
f 663/3458 757/3474 1133/3466
f 448/3467 340/3473 531/3475
f 448/3467 531/3475 757/3474
f 340/3473 229/3451 367/3476
f 367/3476 229/3451 271/3452
f 531/3475 340/3473 567/3477
f 567/3477 340/3473 367/3476
f 367/3476 271/3452 400/3478
f 367/3476 400/3478 567/3477
f 400/3478 271/3452 298/3455
f 95/3479 298/3455 35/3480
f 298/3455 95/3479 400/3478
f 400/3478 95/3479 228/3481
f 400/3478 228/3481 399/3482
f 400/3478 399/3482 602/3483
f 400/3478 602/3483 567/3477
f 602/3483 399/3482 636/3484
f 567/3477 602/3483 805/3485
f 805/3485 602/3483 636/3484
f 788/3486 531/3475 567/3477
f 788/3486 567/3477 805/3485
f 531/3475 788/3486 757/3474
f 805/3485 636/3484 1063/3487
f 1063/3487 636/3484 983/3488
f 788/3486 805/3485 1189/3489
f 1189/3489 805/3485 1063/3487
f 1063/3487 983/3488 1422/3490
f 1063/3487 1422/3490 1366/3491
f 757/3474 788/3486 1213/3492
f 1213/3492 788/3486 1189/3489
f 757/3474 1213/3492 1133/3466
f 1133/3466 1213/3492 1623/3471
f 1366/3491 1422/3490 1709/3493
f 1623/3471 1213/3492 1603/3494
f 1603/3494 1213/3492 1189/3489
f 1603/3494 1189/3489 1063/3487
f 1603/3494 1063/3487 1366/3491
f 1603/3494 1366/3491 1709/3493
f 1623/3471 1603/3494 1986/3469
f 1603/3494 1709/3493 1933/3495
f 1603/3494 1933/3495 1986/3469
f 1933/3495 1709/3493 2018/3496
f 1933/3495 2018/3496 1986/3469
f 2018/3496 1709/3493 1955/3497
f 1986/3469 2018/3496 2169/3472
f 2018/3496 1955/3497 2164/3498
f 2018/3496 2164/3498 2169/3472
f 2169/3472 2164/3498 2257/3499
f 45/3500 173/3501 180/3502
f 136/3503 45/3504 13/3505
f 180/3506 385/3507 478/3508
f 2059/3509 2128/3510 2127/3511
f 2059/3509 2127/3511 2124/3512
f 2127/3511 2128/3510 2148/3513
f 2148/3513 2128/3510 2191/3514
f 2148/3513 2191/3514 2159/3515
f 2127/3511 2148/3513 2149/3516
f 2149/3516 2148/3513 2159/3515
f 2124/3512 2127/3511 2126/3517
f 2126/3517 2127/3511 2149/3516
f 2124/3512 2126/3517 2101/3518
f 2124/3512 2101/3518 2041/3519
f 2126/3517 2149/3516 2136/3520
f 2126/3517 2136/3520 2101/3518
f 2149/3516 2159/3515 2163/3521
f 2149/3516 2163/3521 2136/3520
f 2163/3521 2159/3515 2158/3522
f 2158/3522 2159/3515 2091/3523
f 2136/3520 2163/3521 2168/3524
f 2136/3520 2168/3524 2101/3518
f 2163/3521 2158/3522 2172/3525
f 2163/3521 2172/3525 2168/3524
f 2172/3525 2158/3522 2042/3526
f 2042/3526 2158/3522 2029/3527
f 2168/3524 2172/3525 2256/3528
f 2256/3528 2172/3525 2116/3529
f 2168/3524 2256/3528 2238/3530
f 2168/3524 2238/3530 2101/3518
f 2101/3518 2238/3530 2239/3531
f 2042/3532 2029/3533 1978/3534
f 1978/3534 2029/3533 1881/3535
f 1978/3534 1881/3535 1663/3536
f 1978/3534 1663/3536 1796/3537
f 1796/3537 1663/3536 1383/3538
f 2042/3532 1978/3534 2116/3539
f 2042/3532 2116/3539 2172/3540
f 1978/3534 1796/3537 2017/3541
f 1978/3534 2017/3541 2116/3539
f 2017/3541 1796/3537 1837/3542
f 2116/3539 2017/3541 2257/3543
f 2257/3543 2017/3541 2169/3544
f 2116/3539 2257/3543 2256/3545
f 2238/3546 2256/3547 2239/3548
f 2239/3548 2256/3547 2257/3549
f 2239/3548 2257/3549 2164/3550
f 2239/3548 2164/3550 1955/3551
f 2239/3548 1955/3551 2101/3552
f 2101/3552 1955/3551 2041/3553
f 2041/3553 1955/3551 1954/3554
f 1954/3554 1955/3551 1835/3555
f 1835/3555 1955/3551 1662/3556
f 1662/3556 1955/3551 1709/3557
f 1662/3556 1709/3557 1422/3558
f 298/3559 197/3560 35/3561
f 35/3562 197/3563 13/3564
f 2321/3565 2354/3566 2356/3567
f 2356/3567 2354/3566 2365/3568
f 2365/3568 2354/3566 2363/3569
f 2294/3570 2334/3571 2336/3572
f 2336/3572 2334/3571 2369/3573
f 2369/3573 2334/3571 2367/3574
f 2369/3573 2367/3574 2373/3575
f 2373/3575 2367/3574 2371/3576
f 2339/3577 2341/3578 2326/3579
f 2341/3578 2339/3577 2343/3580
f 2341/3578 2343/3580 2345/3581
s 0
f 2345/3581 2343/3580 2348/3582
f 2345/3581 2348/3582 2350/3583
s 1
f 1506/3584 1340/3585 1414/3586
f 1506/3584 1414/3586 1465/3587
f 1506/3584 1465/3587 1721/3588
f 1721/3588 1465/3587 1488/3589
f 1721/3588 1488/3589 1722/3590
f 1721/3588 1722/3590 1915/3591
f 1915/3591 1722/3590 1946/3592
f 1946/3592 1722/3590 1808/3593
f 1946/3592 1808/3593 2022/3594
f 2022/3594 1808/3593 1923/3595
f 2022/3594 1923/3595 2107/3596
f 1946/3592 2022/3594 2030/3597
f 2022/3594 2107/3596 2119/3598
f 2022/3594 2119/3598 2030/3597
f 1946/3592 2030/3597 1939/3599
f 2119/3598 2107/3596 2135/3600
f 2119/3598 2135/3600 2146/3601
f 2119/3598 2146/3601 2129/3602
f 2119/3598 2129/3602 2048/3603
f 2119/3598 2048/3603 2030/3597
f 2030/3597 2048/3603 1858/3604
f 2030/3597 1858/3604 1939/3599
f 1939/3599 1858/3604 1617/3605
f 1465/3606 1414/3607 1443/3608
f 1465/3606 1443/3608 1488/3609
f 1488/3609 1443/3608 1549/3610
f 1488/3609 1549/3610 1589/3611
f 1488/3609 1589/3611 1722/3612
f 1722/3612 1589/3611 1758/3613
f 1758/3613 1589/3611 1549/3610
f 1722/3612 1758/3613 1808/3614
f 1808/3614 1758/3613 1923/3615
f 1758/3613 1549/3610 1759/3616
f 1758/3613 1759/3616 1947/3617
f 1758/3613 1947/3617 1923/3615
f 1947/3617 1759/3616 2048/3618
f 1947/3617 2048/3618 2129/3619
f 2048/3618 1759/3616 1838/3620
f 1838/3620 1759/3616 1549/3610
f 2048/3618 1838/3620 1858/3621
f 1838/3620 1549/3610 1598/3622
f 1598/3622 1549/3610 1356/3623
f 1858/3621 1838/3620 1683/3624
f 1683/3624 1838/3620 1598/3622
f 1683/3624 1598/3622 1356/3623
f 1858/3621 1683/3624 1617/3625
f 1683/3624 1356/3623 1423/3626
f 1683/3624 1423/3626 1617/3625
f 1617/3625 1423/3626 1312/3627
f 2092/3628 1947/3617 2129/3619
f 1947/3617 2092/3628 1923/3615
f 2092/3628 2129/3619 2160/3629
f 2160/3629 2129/3619 2146/3630
f 1923/3615 2092/3628 2072/3631
f 2092/3628 2160/3629 2142/3632
f 2092/3628 2142/3632 2072/3631
f 2160/3629 2146/3630 2150/3633
f 2160/3629 2150/3633 2142/3632
f 2150/3633 2146/3630 2135/3634
f 2072/3631 2142/3632 2131/3635
f 2131/3635 2142/3632 2150/3633
f 1923/3615 2072/3631 2106/3636
f 2106/3636 2072/3631 2131/3635
f 2106/3636 2131/3635 2150/3633
f 2106/3636 2150/3633 2135/3634
f 1923/3615 2106/3636 2107/3637
f 2107/3637 2106/3636 2135/3634
f 1547/3638 1691/3639 1656/3640
f 1547/3638 1656/3640 1869/3641
f 1869/3641 1656/3640 2010/3642
f 1869/3641 2010/3642 2167/3643
f 1869/3641 2167/3643 2123/3644
f 2123/3644 2167/3643 2089/3645
f 2089/3645 2167/3643 2177/3646
f 1656/3647 1691/3648 2010/3649
f 2010/3649 1691/3648 2046/3650
f 2010/3649 2046/3650 2167/3651
f 2167/3651 2046/3650 2177/3652
f 1691/3653 1547/3654 1692/3655
f 1691/3653 1692/3655 2046/3656
f 1692/3657 1547/3658 1569/3659
f 1692/3657 1569/3659 1756/3660
f 1756/3660 1569/3659 1611/3661
f 1756/3660 1611/3661 1884/3662
f 1692/3657 1756/3660 1784/3663
f 1756/3660 1884/3662 2070/3664
f 1756/3660 2070/3664 1784/3663
f 1692/3657 1784/3663 1783/3665
f 2070/3664 1884/3662 2185/3666
f 2185/3666 1884/3662 2113/3667
f 1692/3657 1783/3665 2075/3668
f 1692/3657 2075/3668 2046/3669
f 2046/3669 2075/3668 2177/3670
f 2075/3668 1783/3665 2093/3671
f 2093/3671 1783/3665 1784/3663
f 2177/3670 2075/3668 2195/3672
f 2195/3672 2075/3668 2093/3671
f 2185/3666 2113/3667 2195/3672
f 2195/3672 2113/3667 2096/3673
f 2195/3672 2096/3673 2177/3670
f 2177/3670 2096/3673 2089/3674
f 2195/3672 2093/3671 2202/3675
f 2185/3666 2195/3672 2203/3676
f 2203/3676 2195/3672 2202/3675
f 2185/3666 2203/3676 2070/3664
f 2202/3675 2093/3671 2090/3677
f 2202/3675 2090/3677 2203/3676
f 2203/3676 2090/3677 2070/3664
f 2090/3677 2093/3671 1784/3663
f 2090/3677 1784/3663 2070/3664
f 1498/3678 1565/3679 1535/3680
f 1565/3679 1498/3678 1417/3681
f 1498/3678 1535/3680 1224/3682
f 1498/3678 1224/3682 1216/3683
f 1535/3680 1565/3679 1548/3684
f 1535/3680 1548/3684 1224/3682
f 1548/3684 1565/3679 1529/3685
f 1529/3685 1565/3679 1209/3686
f 1548/3684 1529/3685 1223/3687
f 1223/3687 1529/3685 1209/3686
f 1548/3684 1223/3687 1224/3682
f 1223/3687 1209/3686 897/3688
f 1223/3687 897/3688 1224/3682
f 897/3688 1209/3686 873/3689
f 897/3688 873/3689 831/3690
f 1224/3682 897/3688 898/3691
f 1224/3682 898/3691 1216/3683
f 898/3691 897/3688 831/3690
f 1216/3683 898/3691 948/3692
f 948/3692 898/3691 831/3690
f 948/3692 831/3690 780/3693
f 873/3694 1209/3695 1192/3696
f 1192/3696 1209/3695 1565/3697
f 873/3694 1192/3696 831/3698
f 1192/3696 1565/3697 1497/3699
f 1497/3699 1565/3697 1417/3700
f 1192/3696 1497/3699 1149/3701
f 1192/3696 1149/3701 831/3698
f 831/3698 1149/3701 813/3702
f 831/3698 813/3702 780/3703
f 780/3704 813/3705 800/3706
f 780/3704 800/3706 1107/3707
f 1107/3707 800/3706 1129/3708
f 1107/3707 1129/3708 1448/3709
f 800/3710 813/3711 1149/3712
f 800/3710 1149/3712 1129/3713
f 1129/3713 1149/3712 1482/3714
f 1482/3714 1149/3712 1497/3715
f 1129/3713 1482/3714 1448/3716
f 1497/3717 1417/3718 1482/3719
f 1482/3719 1417/3718 1448/3720
f 209/3721 231/3722 266/3723
f 266/3723 231/3722 441/3724
f 231/3722 209/3721 393/3725
f 231/3722 393/3725 441/3724
f 393/3725 209/3721 382/3726
f 441/3724 393/3725 642/3727
f 642/3727 393/3725 382/3726
f 441/3724 642/3727 693/3728
f 642/3727 382/3726 643/3729
f 642/3727 643/3729 693/3728
f 209/3730 266/3731 236/3732
f 236/3732 266/3731 312/3733
f 236/3732 312/3733 273/3734
f 273/3734 312/3733 491/3735
f 273/3734 491/3735 434/3736
f 434/3736 491/3735 746/3737
f 236/3732 273/3734 253/3738
f 273/3734 434/3736 417/3739
f 273/3734 417/3739 253/3738
f 236/3732 253/3738 243/3740
f 243/3740 253/3738 405/3741
f 243/3740 405/3741 236/3732
f 405/3741 253/3738 417/3739
f 236/3732 405/3741 408/3742
f 408/3742 405/3741 696/3743
f 693/3744 696/3743 746/3737
f 684/3745 434/3736 746/3737
f 684/3745 746/3737 696/3743
f 434/3736 684/3745 417/3739
f 696/3743 405/3741 644/3746
f 417/3739 684/3745 664/3747
f 664/3747 684/3745 696/3743
f 417/3739 664/3747 405/3741
f 664/3747 696/3743 644/3746
f 664/3747 644/3746 405/3741
f 382/3748 209/3749 236/3750
f 382/3748 236/3750 408/3751
f 382/3748 408/3751 643/3752
f 643/3752 408/3751 696/3753
f 643/3752 696/3753 693/3754
f 2415/3755 2408/3756 2440/3757
f 2440/3757 2408/3756 2461/3758
f 2408/3756 2415/3755 2362/3759
f 2408/3756 2362/3759 2312/3760
f 2312/3760 2362/3759 2298/3761
f 2362/3759 2415/3755 2338/3762
f 2362/3759 2338/3762 2298/3761
f 2338/3762 2415/3755 2409/3763
f 2338/3762 2409/3763 2298/3761
f 2409/3763 2415/3755 2440/3757
f 2298/3761 2409/3763 2388/3764
f 2426/3765 2440/3757 2461/3758
f 2440/3757 2426/3765 2409/3763
f 2409/3763 2426/3765 2388/3764
f 2426/3765 2461/3758 2458/3766
f 2426/3765 2458/3766 2388/3764
f 2312/3767 2298/3768 2237/3769
f 2237/3769 2298/3768 2388/3770
f 2312/3767 2237/3769 2249/3771
f 2312/3767 2249/3771 2408/3772
f 2408/3772 2249/3771 2402/3773
f 2402/3773 2249/3771 2237/3769
f 2408/3772 2402/3773 2461/3774
f 2237/3769 2388/3770 2387/3775
f 2237/3769 2387/3775 2402/3773
f 2402/3773 2387/3775 2461/3774
f 2387/3775 2388/3770 2458/3776
f 2387/3775 2458/3776 2461/3774
f 2322/3777 2357/3778 2355/3779
f 2355/3779 2357/3778 2364/3780
f 2364/3781 2357/3782 2366/3783
f 2327/3784 2342/3785 2340/3786
f 2340/3786 2342/3785 2344/3787
f 2344/3788 2342/3789 2346/3790
s 0
f 2344/3788 2346/3790 2349/3791
f 2349/3791 2346/3790 2351/3792
s 1
f 2337/3793 2335/3794 2295/3795
f 2335/3794 2337/3793 2368/3796
f 2368/3797 2337/3798 2370/3799
f 2368/3797 2370/3799 2372/3800
f 2372/3800 2370/3799 2374/3801
